Job ID: 22121139
Node: gpu021
Start time: Tue May  5 04:50:47 CEST 2026
CUDA_VISIBLE_DEVICES: 0
meta vocab_size: 743
data max token: 743
using vocab_size: 744
train windows: 1015579
val windows: 98971
epoch=0 step=0 train_loss=6.6623
[eval] step=0 train=6.0732 val=6.2840
saved best checkpoint to out-battery/best_ckpt.pt
epoch=0 step=50 train_loss=4.6300
epoch=0 step=100 train_loss=4.5327
epoch=0 step=150 train_loss=4.3220
epoch=0 step=200 train_loss=3.8001
epoch=0 step=250 train_loss=2.6926
epoch=0 step=300 train_loss=2.3769
epoch=0 step=350 train_loss=1.7418
epoch=0 step=400 train_loss=1.7917
epoch=0 step=450 train_loss=1.4906
epoch=0 step=500 train_loss=1.6021
[eval] step=500 train=1.3618 val=1.4308
saved best checkpoint to out-battery/best_ckpt.pt
epoch=0 step=550 train_loss=1.4466
epoch=0 step=600 train_loss=1.4509
epoch=0 step=650 train_loss=1.3594
epoch=0 step=700 train_loss=1.1306
epoch=0 step=750 train_loss=1.4266
epoch=0 step=800 train_loss=1.0795
epoch=0 step=850 train_loss=1.0895
epoch=0 step=900 train_loss=1.2256
epoch=0 step=950 train_loss=0.9895
epoch=0 step=1000 train_loss=1.0436
[eval] step=1000 train=0.9623 val=0.9622
saved best checkpoint to out-battery/best_ckpt.pt
epoch=0 step=1050 train_loss=0.9306
epoch=0 step=1100 train_loss=1.0034
epoch=0 step=1150 train_loss=0.8551
epoch=0 step=1200 train_loss=0.9549
epoch=0 step=1250 train_loss=0.8991
epoch=0 step=1300 train_loss=0.8498
epoch=0 step=1350 train_loss=0.8516
epoch=0 step=1400 train_loss=0.8318
epoch=0 step=1450 train_loss=0.8557
epoch=0 step=1500 train_loss=0.7910
[eval] step=1500 train=0.8244 val=0.8065
saved best checkpoint to out-battery/best_ckpt.pt
epoch=0 step=1550 train_loss=0.8524
epoch=0 step=1600 train_loss=0.8994
epoch=0 step=1650 train_loss=0.8840
epoch=0 step=1700 train_loss=0.7703
epoch=0 step=1750 train_loss=0.8092
epoch=0 step=1800 train_loss=0.7927
epoch=0 step=1850 train_loss=0.8625
epoch=0 step=1900 train_loss=0.8129
epoch=0 step=1950 train_loss=0.8540
epoch=0 step=2000 train_loss=0.7680
[eval] step=2000 train=0.7542 val=0.7703
saved best checkpoint to out-battery/best_ckpt.pt
epoch=0 step=2050 train_loss=0.7453
epoch=0 step=2100 train_loss=0.8380
epoch=0 step=2150 train_loss=0.8097
epoch=0 step=2200 train_loss=0.7247
epoch=0 step=2250 train_loss=0.7770
epoch=0 step=2300 train_loss=0.8312
epoch=0 step=2350 train_loss=0.7485
epoch=0 step=2400 train_loss=0.7708
epoch=0 step=2450 train_loss=0.7223
epoch=0 step=2500 train_loss=0.7444
[eval] step=2500 train=0.7267 val=0.7424
saved best checkpoint to out-battery/best_ckpt.pt
epoch=0 step=2550 train_loss=0.7150
epoch=0 step=2600 train_loss=0.8033
epoch=0 step=2650 train_loss=0.7232
epoch=0 step=2700 train_loss=0.7105
epoch=0 step=2750 train_loss=0.7556
epoch=0 step=2800 train_loss=0.7256
epoch=0 step=2850 train_loss=0.7618
epoch=0 step=2900 train_loss=0.6954
epoch=0 step=2950 train_loss=0.7154
epoch=0 step=3000 train_loss=0.7114
[eval] step=3000 train=0.6956 val=0.7206
saved best checkpoint to out-battery/best_ckpt.pt
epoch=0 step=3050 train_loss=0.7169
epoch=0 step=3100 train_loss=0.6880
epoch=0 step=3150 train_loss=0.7489
epoch=0 step=3200 train_loss=0.7108
epoch=0 step=3250 train_loss=0.7056
epoch=0 step=3300 train_loss=0.8040
epoch=0 step=3350 train_loss=0.7391
epoch=0 step=3400 train_loss=0.7575
epoch=0 step=3450 train_loss=0.7923
epoch=0 step=3500 train_loss=0.6996
[eval] step=3500 train=0.6937 val=0.7059
saved best checkpoint to out-battery/best_ckpt.pt
epoch=0 step=3550 train_loss=0.7105
epoch=0 step=3600 train_loss=0.7454
epoch=0 step=3650 train_loss=0.7064
epoch=0 step=3700 train_loss=0.6994
epoch=0 step=3750 train_loss=0.6832
epoch=0 step=3800 train_loss=0.7730
epoch=0 step=3850 train_loss=0.7344
epoch=0 step=3900 train_loss=0.7239
epoch=0 step=3950 train_loss=0.6822
epoch=0 step=4000 train_loss=0.7393
[eval] step=4000 train=0.6899 val=0.7011
saved best checkpoint to out-battery/best_ckpt.pt
epoch=0 step=4050 train_loss=0.6816
epoch=0 step=4100 train_loss=0.7595
epoch=0 step=4150 train_loss=0.6744
epoch=0 step=4200 train_loss=0.6824
epoch=0 step=4250 train_loss=0.7385
epoch=0 step=4300 train_loss=0.6703
epoch=0 step=4350 train_loss=0.6715
epoch=0 step=4400 train_loss=0.7200
epoch=0 step=4450 train_loss=0.6713
epoch=0 step=4500 train_loss=0.6995
[eval] step=4500 train=0.6778 val=0.6829
saved best checkpoint to out-battery/best_ckpt.pt
epoch=0 step=4550 train_loss=0.6972
epoch=0 step=4600 train_loss=0.6851
epoch=0 step=4650 train_loss=0.7170
epoch=0 step=4700 train_loss=0.7245
epoch=0 step=4750 train_loss=0.7148
epoch=0 step=4800 train_loss=0.7845
epoch=0 step=4850 train_loss=0.6575
epoch=0 step=4900 train_loss=0.6350
epoch=0 step=4950 train_loss=0.7144
epoch=0 step=5000 train_loss=0.6945
[eval] step=5000 train=0.6672 val=0.6881
epoch=0 step=5050 train_loss=0.6547
epoch=0 step=5100 train_loss=0.6660
epoch=0 step=5150 train_loss=0.6581
epoch=0 step=5200 train_loss=0.6474
epoch=0 step=5250 train_loss=0.6730
epoch=0 step=5300 train_loss=0.6716
epoch=0 step=5350 train_loss=0.6594
epoch=0 step=5400 train_loss=0.6676
epoch=0 step=5450 train_loss=0.7135
epoch=0 step=5500 train_loss=0.6967
[eval] step=5500 train=0.6619 val=0.6715
saved best checkpoint to out-battery/best_ckpt.pt
epoch=0 step=5550 train_loss=0.6837
epoch=0 step=5600 train_loss=0.6640
epoch=0 step=5650 train_loss=0.7041
epoch=0 step=5700 train_loss=0.6826
epoch=0 step=5750 train_loss=0.6811
epoch=0 step=5800 train_loss=0.6892
epoch=0 step=5850 train_loss=0.6471
epoch=0 step=5900 train_loss=0.6593
epoch=0 step=5950 train_loss=0.7172
epoch=0 step=6000 train_loss=0.6558
[eval] step=6000 train=0.6550 val=0.6679
saved best checkpoint to out-battery/best_ckpt.pt
epoch=0 step=6050 train_loss=0.6691
epoch=0 step=6100 train_loss=0.6708
epoch=0 step=6150 train_loss=0.6099
epoch=0 step=6200 train_loss=0.6423
epoch=0 step=6250 train_loss=0.6538
epoch=0 step=6300 train_loss=0.6371
epoch=0 step=6350 train_loss=0.6723
epoch=0 step=6400 train_loss=0.6550
epoch=0 step=6450 train_loss=0.6946
epoch=0 step=6500 train_loss=0.6655
[eval] step=6500 train=0.6447 val=0.6631
saved best checkpoint to out-battery/best_ckpt.pt
epoch=0 step=6550 train_loss=0.6655
epoch=0 step=6600 train_loss=0.7143
epoch=0 step=6650 train_loss=0.6330
epoch=0 step=6700 train_loss=0.6539
epoch=0 step=6750 train_loss=0.6838
epoch=0 step=6800 train_loss=0.6814
epoch=0 step=6850 train_loss=0.6410
epoch=0 step=6900 train_loss=0.6695
epoch=0 step=6950 train_loss=0.6487
epoch=0 step=7000 train_loss=0.6785
[eval] step=7000 train=0.6516 val=0.6575
saved best checkpoint to out-battery/best_ckpt.pt
epoch=0 step=7050 train_loss=0.6634
epoch=0 step=7100 train_loss=0.6304
epoch=0 step=7150 train_loss=0.6223
epoch=0 step=7200 train_loss=0.6477
epoch=0 step=7250 train_loss=0.6840
epoch=0 step=7300 train_loss=0.6616
epoch=0 step=7350 train_loss=0.7154
epoch=0 step=7400 train_loss=0.7030
epoch=0 step=7450 train_loss=0.6757
epoch=0 step=7500 train_loss=0.7547
[eval] step=7500 train=0.6287 val=0.6567
saved best checkpoint to out-battery/best_ckpt.pt
epoch=0 step=7550 train_loss=0.6418
epoch=0 step=7600 train_loss=0.6857
epoch=0 step=7650 train_loss=0.6900
epoch=0 step=7700 train_loss=0.6470
epoch=0 step=7750 train_loss=0.6285
epoch=0 step=7800 train_loss=0.6936
epoch=0 step=7850 train_loss=0.6673
epoch=0 step=7900 train_loss=0.6856
epoch=0 step=7950 train_loss=0.6591
epoch=0 step=8000 train_loss=0.6548
[eval] step=8000 train=0.6373 val=0.6510
saved best checkpoint to out-battery/best_ckpt.pt
epoch=0 step=8050 train_loss=0.6397
epoch=0 step=8100 train_loss=0.6642
epoch=0 step=8150 train_loss=0.6506
epoch=0 step=8200 train_loss=0.6045
epoch=0 step=8250 train_loss=0.7075
epoch=0 step=8300 train_loss=0.6128
epoch=0 step=8350 train_loss=0.6396
epoch=0 step=8400 train_loss=0.6467
epoch=0 step=8450 train_loss=0.7695
epoch=0 step=8500 train_loss=0.6731
[eval] step=8500 train=0.6280 val=0.6482
saved best checkpoint to out-battery/best_ckpt.pt
epoch=0 step=8550 train_loss=0.6603
epoch=0 step=8600 train_loss=0.7133
epoch=0 step=8650 train_loss=0.6491
epoch=0 step=8700 train_loss=0.6258
epoch=0 step=8750 train_loss=0.6015
epoch=0 step=8800 train_loss=0.6429
epoch=0 step=8850 train_loss=0.6450
epoch=0 step=8900 train_loss=0.6762
epoch=0 step=8950 train_loss=0.6220
epoch=0 step=9000 train_loss=0.6821
[eval] step=9000 train=0.6241 val=0.6436
saved best checkpoint to out-battery/best_ckpt.pt
epoch=0 step=9050 train_loss=0.7028
epoch=0 step=9100 train_loss=0.5923
epoch=0 step=9150 train_loss=0.6465
epoch=0 step=9200 train_loss=0.6261
epoch=0 step=9250 train_loss=0.6932
epoch=0 step=9300 train_loss=0.6530
epoch=0 step=9350 train_loss=0.6471
epoch=0 step=9400 train_loss=0.6190
epoch=0 step=9450 train_loss=0.6317
epoch=0 step=9500 train_loss=0.6360
[eval] step=9500 train=0.6327 val=0.6434
saved best checkpoint to out-battery/best_ckpt.pt
epoch=0 step=9550 train_loss=0.6623
epoch=0 step=9600 train_loss=0.6503
epoch=0 step=9650 train_loss=0.6524
epoch=0 step=9700 train_loss=0.6409
epoch=0 step=9750 train_loss=0.6014
epoch=0 step=9800 train_loss=0.5962
epoch=0 step=9850 train_loss=0.6430
epoch=0 step=9900 train_loss=0.6525
epoch=0 step=9950 train_loss=0.6251
epoch=0 step=10000 train_loss=0.6486
[eval] step=10000 train=0.6189 val=0.6351
saved best checkpoint to out-battery/best_ckpt.pt
epoch=0 step=10050 train_loss=0.6847
epoch=0 step=10100 train_loss=0.6183
epoch=0 step=10150 train_loss=0.6774
epoch=0 step=10200 train_loss=0.6349
epoch=0 step=10250 train_loss=0.6599
epoch=0 step=10300 train_loss=0.6395
epoch=0 step=10350 train_loss=0.6288
epoch=0 step=10400 train_loss=0.6353
epoch=0 step=10450 train_loss=0.6738
epoch=0 step=10500 train_loss=0.6417
[eval] step=10500 train=0.6225 val=0.6390
epoch=0 step=10550 train_loss=0.6632
epoch=0 step=10600 train_loss=0.6532
epoch=0 step=10650 train_loss=0.6740
epoch=0 step=10700 train_loss=0.6713
epoch=0 step=10750 train_loss=0.6705
epoch=0 step=10800 train_loss=0.5986
epoch=0 step=10850 train_loss=0.6673
epoch=0 step=10900 train_loss=0.6336
epoch=0 step=10950 train_loss=0.7008
epoch=0 step=11000 train_loss=0.6551
[eval] step=11000 train=0.6177 val=0.6389
epoch=0 step=11050 train_loss=0.6660
epoch=0 step=11100 train_loss=0.6275
epoch=0 step=11150 train_loss=0.6269
epoch=0 step=11200 train_loss=0.6835
epoch=0 step=11250 train_loss=0.6243
epoch=0 step=11300 train_loss=0.6573
epoch=0 step=11350 train_loss=0.6395
epoch=0 step=11400 train_loss=0.6518
epoch=0 step=11450 train_loss=0.6046
epoch=0 step=11500 train_loss=0.6673
[eval] step=11500 train=0.6205 val=0.6242
saved best checkpoint to out-battery/best_ckpt.pt
epoch=0 step=11550 train_loss=0.6271
epoch=0 step=11600 train_loss=0.6352
epoch=0 step=11650 train_loss=0.6311
epoch=0 step=11700 train_loss=0.6357
epoch=0 step=11750 train_loss=0.6392
epoch=0 step=11800 train_loss=0.6487
epoch=0 step=11850 train_loss=0.6438
epoch=0 step=11900 train_loss=0.6251
epoch=0 step=11950 train_loss=0.6536
epoch=0 step=12000 train_loss=0.6328
[eval] step=12000 train=0.6103 val=0.6309
epoch=0 step=12050 train_loss=0.6122
epoch=0 step=12100 train_loss=0.5860
epoch=0 step=12150 train_loss=0.5873
epoch=0 step=12200 train_loss=0.6145
epoch=0 step=12250 train_loss=0.5868
epoch=0 step=12300 train_loss=0.6157
epoch=0 step=12350 train_loss=0.6055
epoch=0 step=12400 train_loss=0.6457
epoch=0 step=12450 train_loss=0.5975
epoch=0 step=12500 train_loss=0.6817
[eval] step=12500 train=0.6208 val=0.6244
epoch=0 step=12550 train_loss=0.6443
epoch=0 step=12600 train_loss=0.5791
epoch=0 step=12650 train_loss=0.6503
epoch=0 step=12700 train_loss=0.5906
epoch=0 step=12750 train_loss=0.5980
epoch=0 step=12800 train_loss=0.6435
epoch=0 step=12850 train_loss=0.6450
epoch=0 step=12900 train_loss=0.6593
epoch=0 step=12950 train_loss=0.6316
epoch=0 step=13000 train_loss=0.6313
[eval] step=13000 train=0.6177 val=0.6209
saved best checkpoint to out-battery/best_ckpt.pt
epoch=0 step=13050 train_loss=0.6127
epoch=0 step=13100 train_loss=0.6156
epoch=0 step=13150 train_loss=0.6133
epoch=0 step=13200 train_loss=0.5957
epoch=0 step=13250 train_loss=0.5991
epoch=0 step=13300 train_loss=0.6414
epoch=0 step=13350 train_loss=0.6582
epoch=0 step=13400 train_loss=0.6100
epoch=0 step=13450 train_loss=0.6227
epoch=0 step=13500 train_loss=0.6513
[eval] step=13500 train=0.6060 val=0.6216
epoch=0 step=13550 train_loss=0.6255
epoch=0 step=13600 train_loss=0.6047
epoch=0 step=13650 train_loss=0.5891
epoch=0 step=13700 train_loss=0.5980
epoch=0 step=13750 train_loss=0.6050
epoch=0 step=13800 train_loss=0.5959
epoch=0 step=13850 train_loss=0.6076
epoch=0 step=13900 train_loss=0.5811
epoch=0 step=13950 train_loss=0.6593
epoch=0 step=14000 train_loss=0.6336
[eval] step=14000 train=0.5976 val=0.6205
saved best checkpoint to out-battery/best_ckpt.pt
epoch=0 step=14050 train_loss=0.6152
epoch=0 step=14100 train_loss=0.7100
epoch=0 step=14150 train_loss=0.6251
epoch=0 step=14200 train_loss=0.6373
epoch=0 step=14250 train_loss=0.6021
epoch=0 step=14300 train_loss=0.6497
epoch=0 step=14350 train_loss=0.6382
epoch=0 step=14400 train_loss=0.6450
epoch=0 step=14450 train_loss=0.6299
epoch=0 step=14500 train_loss=0.6541
[eval] step=14500 train=0.6099 val=0.6280
epoch=0 step=14550 train_loss=0.6312
epoch=0 step=14600 train_loss=0.6598
epoch=0 step=14650 train_loss=0.6999
epoch=0 step=14700 train_loss=0.6106
epoch=0 step=14750 train_loss=0.6149
epoch=0 step=14800 train_loss=0.5975
epoch=0 step=14850 train_loss=0.6079
epoch=0 step=14900 train_loss=0.6280
epoch=0 step=14950 train_loss=0.6308
epoch=0 step=15000 train_loss=0.6132
[eval] step=15000 train=0.6038 val=0.6191
saved best checkpoint to out-battery/best_ckpt.pt
epoch=0 step=15050 train_loss=0.6038
epoch=0 step=15100 train_loss=0.5900
epoch=0 step=15150 train_loss=0.6167
epoch=0 step=15200 train_loss=0.6144
epoch=0 step=15250 train_loss=0.6896
epoch=0 step=15300 train_loss=0.5610
epoch=0 step=15350 train_loss=0.6155
epoch=0 step=15400 train_loss=0.6227
epoch=0 step=15450 train_loss=0.6391
epoch=0 step=15500 train_loss=0.6007
[eval] step=15500 train=0.6089 val=0.6193
epoch=0 step=15550 train_loss=0.6383
epoch=0 step=15600 train_loss=0.6333
epoch=0 step=15650 train_loss=0.6022
epoch=0 step=15700 train_loss=0.6177
epoch=0 step=15750 train_loss=0.5780
epoch=0 step=15800 train_loss=0.6273
epoch=0 step=15850 train_loss=0.6027
epoch=0 step=15900 train_loss=0.6065
epoch=0 step=15950 train_loss=0.6015
epoch=0 step=16000 train_loss=0.5663
[eval] step=16000 train=0.6046 val=0.6154
saved best checkpoint to out-battery/best_ckpt.pt
epoch=0 step=16050 train_loss=0.6408
epoch=0 step=16100 train_loss=0.6402
epoch=0 step=16150 train_loss=0.6450
epoch=0 step=16200 train_loss=0.6468
epoch=0 step=16250 train_loss=0.6497
epoch=0 step=16300 train_loss=0.6313
epoch=0 step=16350 train_loss=0.5576
epoch=0 step=16400 train_loss=0.5866
epoch=0 step=16450 train_loss=0.6187
epoch=0 step=16500 train_loss=0.6233
[eval] step=16500 train=0.6045 val=0.6116
saved best checkpoint to out-battery/best_ckpt.pt
epoch=0 step=16550 train_loss=0.5681
epoch=0 step=16600 train_loss=0.6009
epoch=0 step=16650 train_loss=0.6468
epoch=0 step=16700 train_loss=0.6871
epoch=0 step=16750 train_loss=0.6233
epoch=0 step=16800 train_loss=0.6263
epoch=0 step=16850 train_loss=0.6595
epoch=0 step=16900 train_loss=0.6107
epoch=0 step=16950 train_loss=0.5682
epoch=0 step=17000 train_loss=0.6264
[eval] step=17000 train=0.6059 val=0.6143
epoch=0 step=17050 train_loss=0.6477
epoch=0 step=17100 train_loss=0.6027
epoch=0 step=17150 train_loss=0.6053
epoch=0 step=17200 train_loss=0.5978
epoch=0 step=17250 train_loss=0.6315
epoch=0 step=17300 train_loss=0.5780
epoch=0 step=17350 train_loss=0.5997
epoch=0 step=17400 train_loss=0.6214
epoch=0 step=17450 train_loss=0.6321
epoch=0 step=17500 train_loss=0.5756
[eval] step=17500 train=0.6012 val=0.6184
epoch=0 step=17550 train_loss=0.6323
epoch=0 step=17600 train_loss=0.5669
epoch=0 step=17650 train_loss=0.5609
epoch=0 step=17700 train_loss=0.6172
epoch=0 step=17750 train_loss=0.5838
epoch=0 step=17800 train_loss=0.6483
epoch=0 step=17850 train_loss=0.6006
epoch=0 step=17900 train_loss=0.5956
epoch=0 step=17950 train_loss=0.6541
epoch=0 step=18000 train_loss=0.6039
[eval] step=18000 train=0.6017 val=0.6130
epoch=0 step=18050 train_loss=0.6958
epoch=0 step=18100 train_loss=0.6070
epoch=0 step=18150 train_loss=0.6140
epoch=0 step=18200 train_loss=0.6580
epoch=0 step=18250 train_loss=0.6092
epoch=0 step=18300 train_loss=0.6339
epoch=0 step=18350 train_loss=0.6312
epoch=0 step=18400 train_loss=0.6640
epoch=0 step=18450 train_loss=0.6198
epoch=0 step=18500 train_loss=0.6238
[eval] step=18500 train=0.6088 val=0.6171
epoch=0 step=18550 train_loss=0.6400
epoch=0 step=18600 train_loss=0.6274
epoch=0 step=18650 train_loss=0.6108
epoch=0 step=18700 train_loss=0.6497
epoch=0 step=18750 train_loss=0.6573
epoch=0 step=18800 train_loss=0.6292
epoch=0 step=18850 train_loss=0.6352
epoch=0 step=18900 train_loss=0.5789
epoch=0 step=18950 train_loss=0.5899
epoch=0 step=19000 train_loss=0.6306
[eval] step=19000 train=0.6071 val=0.6157
epoch=0 step=19050 train_loss=0.5818
epoch=0 step=19100 train_loss=0.6296
epoch=0 step=19150 train_loss=0.6448
epoch=0 step=19200 train_loss=0.6505
epoch=0 step=19250 train_loss=0.6077
epoch=0 step=19300 train_loss=0.5795
epoch=0 step=19350 train_loss=0.5971
epoch=0 step=19400 train_loss=0.6598
epoch=0 step=19450 train_loss=0.6054
epoch=0 step=19500 train_loss=0.6903
[eval] step=19500 train=0.5937 val=0.6098
saved best checkpoint to out-battery/best_ckpt.pt
epoch=0 step=19550 train_loss=0.6187
epoch=0 step=19600 train_loss=0.6153
epoch=0 step=19650 train_loss=0.6298
epoch=0 step=19700 train_loss=0.6306
epoch=0 step=19750 train_loss=0.6381
epoch=0 step=19800 train_loss=0.6137
epoch=0 step=19850 train_loss=0.6030
epoch=0 step=19900 train_loss=0.6432
epoch=0 step=19950 train_loss=0.6544
epoch=0 step=20000 train_loss=0.5867
[eval] step=20000 train=0.6039 val=0.6117
epoch=0 step=20050 train_loss=0.6063
epoch=0 step=20100 train_loss=0.5644
epoch=0 step=20150 train_loss=0.6563
epoch=0 step=20200 train_loss=0.6445
epoch=0 step=20250 train_loss=0.6460
epoch=0 step=20300 train_loss=0.5831
epoch=0 step=20350 train_loss=0.5739
epoch=0 step=20400 train_loss=0.5923
epoch=0 step=20450 train_loss=0.5864
epoch=0 step=20500 train_loss=0.6113
[eval] step=20500 train=0.5966 val=0.6090
saved best checkpoint to out-battery/best_ckpt.pt
epoch=0 step=20550 train_loss=0.6275
epoch=0 step=20600 train_loss=0.6012
epoch=0 step=20650 train_loss=0.6021
epoch=0 step=20700 train_loss=0.6066
epoch=0 step=20750 train_loss=0.6425
epoch=0 step=20800 train_loss=0.5795
epoch=0 step=20850 train_loss=0.6057
epoch=0 step=20900 train_loss=0.5699
epoch=0 step=20950 train_loss=0.5794
epoch=0 step=21000 train_loss=0.6237
[eval] step=21000 train=0.5940 val=0.6095
epoch=0 step=21050 train_loss=0.6142
epoch=0 step=21100 train_loss=0.6230
epoch=0 step=21150 train_loss=0.5979
epoch=0 step=21200 train_loss=0.6024
epoch=0 step=21250 train_loss=0.6000
epoch=0 step=21300 train_loss=0.5956
epoch=0 step=21350 train_loss=0.6544
epoch=0 step=21400 train_loss=0.6740
epoch=0 step=21450 train_loss=0.5873
epoch=0 step=21500 train_loss=0.6262
[eval] step=21500 train=0.5971 val=0.6112
epoch=0 step=21550 train_loss=0.6040
epoch=0 step=21600 train_loss=0.6109
epoch=0 step=21650 train_loss=0.6354
epoch=0 step=21700 train_loss=0.5972
epoch=0 step=21750 train_loss=0.6559
epoch=0 step=21800 train_loss=0.6254
epoch=0 step=21850 train_loss=0.6286
epoch=0 step=21900 train_loss=0.6333
epoch=0 step=21950 train_loss=0.5718
epoch=0 step=22000 train_loss=0.6173
[eval] step=22000 train=0.5976 val=0.6064
saved best checkpoint to out-battery/best_ckpt.pt
epoch=0 step=22050 train_loss=0.5856
epoch=0 step=22100 train_loss=0.6257
epoch=0 step=22150 train_loss=0.6166
epoch=0 step=22200 train_loss=0.6060
epoch=0 step=22250 train_loss=0.6152
epoch=0 step=22300 train_loss=0.5972
epoch=0 step=22350 train_loss=0.6004
epoch=0 step=22400 train_loss=0.5274
epoch=0 step=22450 train_loss=0.5900
epoch=0 step=22500 train_loss=0.5860
[eval] step=22500 train=0.6054 val=0.6033
saved best checkpoint to out-battery/best_ckpt.pt
epoch=0 step=22550 train_loss=0.5998
epoch=0 step=22600 train_loss=0.6332
epoch=0 step=22650 train_loss=0.6364
epoch=0 step=22700 train_loss=0.6127
epoch=0 step=22750 train_loss=0.5783
epoch=0 step=22800 train_loss=0.6199
epoch=0 step=22850 train_loss=0.6213
epoch=0 step=22900 train_loss=0.5864
epoch=0 step=22950 train_loss=0.6317
epoch=0 step=23000 train_loss=0.5827
[eval] step=23000 train=0.5877 val=0.6065
epoch=0 step=23050 train_loss=0.5950
epoch=0 step=23100 train_loss=0.6114
epoch=0 step=23150 train_loss=0.6155
epoch=0 step=23200 train_loss=0.6335
epoch=0 step=23250 train_loss=0.6308
epoch=0 step=23300 train_loss=0.6667
epoch=0 step=23350 train_loss=0.6021
epoch=0 step=23400 train_loss=0.6272
epoch=0 step=23450 train_loss=0.5911
epoch=0 step=23500 train_loss=0.6214
[eval] step=23500 train=0.5897 val=0.6123
epoch=0 step=23550 train_loss=0.5945
epoch=0 step=23600 train_loss=0.6398
epoch=0 step=23650 train_loss=0.6118
epoch=0 step=23700 train_loss=0.5836
epoch=0 step=23750 train_loss=0.6270
epoch=0 step=23800 train_loss=0.6080
epoch=0 step=23850 train_loss=0.5632
epoch=0 step=23900 train_loss=0.6189
epoch=0 step=23950 train_loss=0.6136
epoch=0 step=24000 train_loss=0.6641
[eval] step=24000 train=0.5905 val=0.6056
epoch=0 step=24050 train_loss=0.5588
epoch=0 step=24100 train_loss=0.5983
epoch=0 step=24150 train_loss=0.5927
epoch=0 step=24200 train_loss=0.6316
epoch=0 step=24250 train_loss=0.5412
epoch=0 step=24300 train_loss=0.6179
epoch=0 step=24350 train_loss=0.6051
epoch=0 step=24400 train_loss=0.5811
epoch=0 step=24450 train_loss=0.5993
epoch=0 step=24500 train_loss=0.5850
[eval] step=24500 train=0.5915 val=0.6111
epoch=0 step=24550 train_loss=0.6254
epoch=0 step=24600 train_loss=0.6205
epoch=0 step=24650 train_loss=0.6269
epoch=0 step=24700 train_loss=0.5933
epoch=0 step=24750 train_loss=0.5991
epoch=0 step=24800 train_loss=0.5952
epoch=0 step=24850 train_loss=0.5765
epoch=0 step=24900 train_loss=0.6033
epoch=0 step=24950 train_loss=0.5786
epoch=0 step=25000 train_loss=0.6697
[eval] step=25000 train=0.5875 val=0.6101
epoch=0 step=25050 train_loss=0.6721
epoch=0 step=25100 train_loss=0.6177
epoch=0 step=25150 train_loss=0.6172
epoch=0 step=25200 train_loss=0.6015
epoch=0 step=25250 train_loss=0.6242
epoch=0 step=25300 train_loss=0.5845
epoch=0 step=25350 train_loss=0.6494
epoch=0 step=25400 train_loss=0.5793
epoch=0 step=25450 train_loss=0.6052
epoch=0 step=25500 train_loss=0.5903
[eval] step=25500 train=0.5778 val=0.6102
epoch=0 step=25550 train_loss=0.6037
epoch=0 step=25600 train_loss=0.5727
epoch=0 step=25650 train_loss=0.5427
epoch=0 step=25700 train_loss=0.6755
epoch=0 step=25750 train_loss=0.5763
epoch=0 step=25800 train_loss=0.6431
epoch=0 step=25850 train_loss=0.6014
epoch=0 step=25900 train_loss=0.6387
epoch=0 step=25950 train_loss=0.6053
epoch=0 step=26000 train_loss=0.6083
[eval] step=26000 train=0.5828 val=0.6046
epoch=0 step=26050 train_loss=0.5660
epoch=0 step=26100 train_loss=0.6215
epoch=0 step=26150 train_loss=0.6189
epoch=0 step=26200 train_loss=0.6490
epoch=0 step=26250 train_loss=0.6165
epoch=0 step=26300 train_loss=0.5994
epoch=0 step=26350 train_loss=0.6473
epoch=0 step=26400 train_loss=0.6114
epoch=0 step=26450 train_loss=0.6008
epoch=0 step=26500 train_loss=0.6301
[eval] step=26500 train=0.5943 val=0.6034
epoch=0 step=26550 train_loss=0.5519
epoch=0 step=26600 train_loss=0.5742
epoch=0 step=26650 train_loss=0.6115
epoch=0 step=26700 train_loss=0.6261
epoch=0 step=26750 train_loss=0.5830
epoch=0 step=26800 train_loss=0.5730
epoch=0 step=26850 train_loss=0.5930
epoch=0 step=26900 train_loss=0.6157
epoch=0 step=26950 train_loss=0.6040
epoch=0 step=27000 train_loss=0.6373
[eval] step=27000 train=0.5958 val=0.6077
epoch=0 step=27050 train_loss=0.5543
epoch=0 step=27100 train_loss=0.6037
epoch=0 step=27150 train_loss=0.6254
epoch=0 step=27200 train_loss=0.5907
epoch=0 step=27250 train_loss=0.6169
epoch=0 step=27300 train_loss=0.6175
epoch=0 step=27350 train_loss=0.5961
epoch=0 step=27400 train_loss=0.5760
epoch=0 step=27450 train_loss=0.6284
epoch=0 step=27500 train_loss=0.5856
[eval] step=27500 train=0.5903 val=0.6042
epoch=0 step=27550 train_loss=0.5872
epoch=0 step=27600 train_loss=0.5852
epoch=0 step=27650 train_loss=0.5991
epoch=0 step=27700 train_loss=0.5938
epoch=0 step=27750 train_loss=0.6292
epoch=0 step=27800 train_loss=0.6139
epoch=0 step=27850 train_loss=0.6012
epoch=0 step=27900 train_loss=0.6060
epoch=0 step=27950 train_loss=0.5995
epoch=0 step=28000 train_loss=0.6215
[eval] step=28000 train=0.5996 val=0.5989
saved best checkpoint to out-battery/best_ckpt.pt
epoch=0 step=28050 train_loss=0.6074
epoch=0 step=28100 train_loss=0.5950
epoch=0 step=28150 train_loss=0.6013
epoch=0 step=28200 train_loss=0.5725
epoch=0 step=28250 train_loss=0.5790
epoch=0 step=28300 train_loss=0.6394
epoch=0 step=28350 train_loss=0.5956
epoch=0 step=28400 train_loss=0.5820
epoch=0 step=28450 train_loss=0.6177
epoch=0 step=28500 train_loss=0.5935
[eval] step=28500 train=0.5844 val=0.6084
epoch=0 step=28550 train_loss=0.6413
epoch=0 step=28600 train_loss=0.5797
epoch=0 step=28650 train_loss=0.5917
epoch=0 step=28700 train_loss=0.6476
epoch=0 step=28750 train_loss=0.5706
epoch=0 step=28800 train_loss=0.6104
epoch=0 step=28850 train_loss=0.5651
epoch=0 step=28900 train_loss=0.5893
epoch=0 step=28950 train_loss=0.6249
epoch=0 step=29000 train_loss=0.6047
[eval] step=29000 train=0.5873 val=0.6058
epoch=0 step=29050 train_loss=0.6102
epoch=0 step=29100 train_loss=0.6019
epoch=0 step=29150 train_loss=0.6578
epoch=0 step=29200 train_loss=0.5212
epoch=0 step=29250 train_loss=0.6351
epoch=0 step=29300 train_loss=0.5634
epoch=0 step=29350 train_loss=0.6309
epoch=0 step=29400 train_loss=0.6440
epoch=0 step=29450 train_loss=0.5866
epoch=0 step=29500 train_loss=0.5861
[eval] step=29500 train=0.5856 val=0.6009
epoch=0 step=29550 train_loss=0.6167
epoch=0 step=29600 train_loss=0.6688
epoch=0 step=29650 train_loss=0.6124
epoch=0 step=29700 train_loss=0.6341
epoch=0 step=29750 train_loss=0.5914
epoch=0 step=29800 train_loss=0.5970
epoch=0 step=29850 train_loss=0.6411
epoch=0 step=29900 train_loss=0.6228
epoch=0 step=29950 train_loss=0.6297
epoch=0 step=30000 train_loss=0.5520
[eval] step=30000 train=0.5839 val=0.6015
epoch=0 step=30050 train_loss=0.5884
epoch=0 step=30100 train_loss=0.5572
epoch=0 step=30150 train_loss=0.5971
epoch=0 step=30200 train_loss=0.5717
epoch=0 step=30250 train_loss=0.6473
epoch=0 step=30300 train_loss=0.6181
epoch=0 step=30350 train_loss=0.6088
epoch=0 step=30400 train_loss=0.5771
epoch=0 step=30450 train_loss=0.5931
epoch=0 step=30500 train_loss=0.5588
[eval] step=30500 train=0.5852 val=0.5978
saved best checkpoint to out-battery/best_ckpt.pt
epoch=0 step=30550 train_loss=0.6430
epoch=0 step=30600 train_loss=0.5915
epoch=0 step=30650 train_loss=0.5841
epoch=0 step=30700 train_loss=0.5738
epoch=0 step=30750 train_loss=0.5935
epoch=0 step=30800 train_loss=0.6345
epoch=0 step=30850 train_loss=0.6589
epoch=0 step=30900 train_loss=0.5850
epoch=0 step=30950 train_loss=0.6274
epoch=0 step=31000 train_loss=0.6292
[eval] step=31000 train=0.5825 val=0.6017
epoch=0 step=31050 train_loss=0.5993
epoch=0 step=31100 train_loss=0.6050
epoch=0 step=31150 train_loss=0.6133
epoch=0 step=31200 train_loss=0.5647
epoch=0 step=31250 train_loss=0.6245
epoch=0 step=31300 train_loss=0.5880
epoch=0 step=31350 train_loss=0.5989
epoch=0 step=31400 train_loss=0.5871
epoch=0 step=31450 train_loss=0.5780
epoch=0 step=31500 train_loss=0.5798
[eval] step=31500 train=0.5835 val=0.6009
epoch=0 step=31550 train_loss=0.6197
epoch=0 step=31600 train_loss=0.6412
epoch=0 step=31650 train_loss=0.6202
epoch=0 step=31700 train_loss=0.6263
epoch=0 step=31750 train_loss=0.6095
epoch=0 step=31800 train_loss=0.5564
epoch=0 step=31850 train_loss=0.6131
epoch=0 step=31900 train_loss=0.5876
epoch=0 step=31950 train_loss=0.6440
epoch=0 step=32000 train_loss=0.6312
[eval] step=32000 train=0.5825 val=0.6015
epoch=0 step=32050 train_loss=0.5829
epoch=0 step=32100 train_loss=0.6228
epoch=0 step=32150 train_loss=0.5864
epoch=0 step=32200 train_loss=0.5705
epoch=0 step=32250 train_loss=0.6334
epoch=0 step=32300 train_loss=0.5778
epoch=0 step=32350 train_loss=0.6207
epoch=0 step=32400 train_loss=0.5705
epoch=0 step=32450 train_loss=0.5928
epoch=0 step=32500 train_loss=0.6380
[eval] step=32500 train=0.5934 val=0.5958
saved best checkpoint to out-battery/best_ckpt.pt
epoch=0 step=32550 train_loss=0.5607
epoch=0 step=32600 train_loss=0.6285
epoch=0 step=32650 train_loss=0.5992
epoch=0 step=32700 train_loss=0.5963
epoch=0 step=32750 train_loss=0.6111
epoch=0 step=32800 train_loss=0.6361
epoch=0 step=32850 train_loss=0.5975
epoch=0 step=32900 train_loss=0.6497
epoch=0 step=32950 train_loss=0.6174
epoch=0 step=33000 train_loss=0.6164
[eval] step=33000 train=0.5976 val=0.6002
epoch=0 step=33050 train_loss=0.6244
epoch=0 step=33100 train_loss=0.5807
epoch=0 step=33150 train_loss=0.6148
epoch=0 step=33200 train_loss=0.6478
epoch=0 step=33250 train_loss=0.5930
epoch=0 step=33300 train_loss=0.5695
epoch=0 step=33350 train_loss=0.5875
epoch=0 step=33400 train_loss=0.5835
epoch=0 step=33450 train_loss=0.5103
epoch=0 step=33500 train_loss=0.6012
[eval] step=33500 train=0.6011 val=0.5982
epoch=0 step=33550 train_loss=0.5554
epoch=0 step=33600 train_loss=0.5810
epoch=0 step=33650 train_loss=0.6057
epoch=0 step=33700 train_loss=0.6475
epoch=0 step=33750 train_loss=0.5823
epoch=0 step=33800 train_loss=0.6109
epoch=0 step=33850 train_loss=0.6157
epoch=0 step=33900 train_loss=0.5991
epoch=0 step=33950 train_loss=0.5865
epoch=0 step=34000 train_loss=0.5802
[eval] step=34000 train=0.5808 val=0.6012
epoch=0 step=34050 train_loss=0.6027
epoch=0 step=34100 train_loss=0.6107
epoch=0 step=34150 train_loss=0.6119
epoch=0 step=34200 train_loss=0.5863
epoch=0 step=34250 train_loss=0.5923
epoch=0 step=34300 train_loss=0.5784
epoch=0 step=34350 train_loss=0.5805
epoch=0 step=34400 train_loss=0.6248
epoch=0 step=34450 train_loss=0.5896
epoch=0 step=34500 train_loss=0.5903
[eval] step=34500 train=0.5894 val=0.6021
epoch=0 step=34550 train_loss=0.5696
epoch=0 step=34600 train_loss=0.5974
epoch=0 step=34650 train_loss=0.5757
epoch=0 step=34700 train_loss=0.5981
epoch=0 step=34750 train_loss=0.6026
epoch=0 step=34800 train_loss=0.5775
epoch=0 step=34850 train_loss=0.5976
epoch=0 step=34900 train_loss=0.6064
epoch=0 step=34950 train_loss=0.5759
epoch=0 step=35000 train_loss=0.5335
[eval] step=35000 train=0.5986 val=0.5960
epoch=0 step=35050 train_loss=0.6678
epoch=0 step=35100 train_loss=0.6374
epoch=0 step=35150 train_loss=0.5882
epoch=0 step=35200 train_loss=0.5824
epoch=0 step=35250 train_loss=0.6033
epoch=0 step=35300 train_loss=0.5826
epoch=0 step=35350 train_loss=0.5974
epoch=0 step=35400 train_loss=0.5816
epoch=0 step=35450 train_loss=0.6218
epoch=0 step=35500 train_loss=0.5650
[eval] step=35500 train=0.5832 val=0.6008
epoch=0 step=35550 train_loss=0.5918
epoch=0 step=35600 train_loss=0.6069
epoch=0 step=35650 train_loss=0.5882
epoch=0 step=35700 train_loss=0.5789
epoch=0 step=35750 train_loss=0.6191
epoch=0 step=35800 train_loss=0.5686
epoch=0 step=35850 train_loss=0.6321
epoch=0 step=35900 train_loss=0.5733
epoch=0 step=35950 train_loss=0.6157
epoch=0 step=36000 train_loss=0.6149
[eval] step=36000 train=0.5831 val=0.5982
epoch=0 step=36050 train_loss=0.5976
epoch=0 step=36100 train_loss=0.5498
epoch=0 step=36150 train_loss=0.6082
epoch=0 step=36200 train_loss=0.5947
epoch=0 step=36250 train_loss=0.6024
epoch=0 step=36300 train_loss=0.5766
epoch=0 step=36350 train_loss=0.6054
epoch=0 step=36400 train_loss=0.5492
epoch=0 step=36450 train_loss=0.5624
epoch=0 step=36500 train_loss=0.5406
[eval] step=36500 train=0.5852 val=0.6002
epoch=0 step=36550 train_loss=0.6439
epoch=0 step=36600 train_loss=0.5836
epoch=0 step=36650 train_loss=0.6066
epoch=0 step=36700 train_loss=0.6521
epoch=0 step=36750 train_loss=0.5899
epoch=0 step=36800 train_loss=0.5952
epoch=0 step=36850 train_loss=0.5641
epoch=0 step=36900 train_loss=0.6373
epoch=0 step=36950 train_loss=0.6043
epoch=0 step=37000 train_loss=0.6254
[eval] step=37000 train=0.5854 val=0.5938
saved best checkpoint to out-battery/best_ckpt.pt
epoch=0 step=37050 train_loss=0.5806
epoch=0 step=37100 train_loss=0.5533
epoch=0 step=37150 train_loss=0.5641
epoch=0 step=37200 train_loss=0.5826
epoch=0 step=37250 train_loss=0.6326
epoch=0 step=37300 train_loss=0.5823
epoch=0 step=37350 train_loss=0.6149
epoch=0 step=37400 train_loss=0.5507
epoch=0 step=37450 train_loss=0.6187
epoch=0 step=37500 train_loss=0.6104
[eval] step=37500 train=0.5805 val=0.6000
epoch=0 step=37550 train_loss=0.5899
epoch=0 step=37600 train_loss=0.5638
epoch=0 step=37650 train_loss=0.6088
epoch=0 step=37700 train_loss=0.5955
epoch=0 step=37750 train_loss=0.5703
epoch=0 step=37800 train_loss=0.6218
epoch=0 step=37850 train_loss=0.5719
epoch=0 step=37900 train_loss=0.5914
epoch=0 step=37950 train_loss=0.6470
epoch=0 step=38000 train_loss=0.5696
[eval] step=38000 train=0.5776 val=0.5986
epoch=0 step=38050 train_loss=0.5689
epoch=0 step=38100 train_loss=0.5634
epoch=0 step=38150 train_loss=0.6024
epoch=0 step=38200 train_loss=0.5751
epoch=0 step=38250 train_loss=0.6161
epoch=0 step=38300 train_loss=0.6460
epoch=0 step=38350 train_loss=0.6139
epoch=0 step=38400 train_loss=0.5797
epoch=0 step=38450 train_loss=0.5871
epoch=0 step=38500 train_loss=0.5605
[eval] step=38500 train=0.5886 val=0.5969
epoch=0 step=38550 train_loss=0.5584
epoch=0 step=38600 train_loss=0.6013
epoch=0 step=38650 train_loss=0.6167
epoch=0 step=38700 train_loss=0.6164
epoch=0 step=38750 train_loss=0.6077
epoch=0 step=38800 train_loss=0.5368
epoch=0 step=38850 train_loss=0.6143
epoch=0 step=38900 train_loss=0.5834
epoch=0 step=38950 train_loss=0.5857
epoch=0 step=39000 train_loss=0.5853
[eval] step=39000 train=0.5844 val=0.5955
epoch=0 step=39050 train_loss=0.6012
epoch=0 step=39100 train_loss=0.6046
epoch=0 step=39150 train_loss=0.5538
epoch=0 step=39200 train_loss=0.6186
epoch=0 step=39250 train_loss=0.6102
epoch=0 step=39300 train_loss=0.6623
epoch=0 step=39350 train_loss=0.5785
epoch=0 step=39400 train_loss=0.5957
epoch=0 step=39450 train_loss=0.6081
epoch=0 step=39500 train_loss=0.6031
[eval] step=39500 train=0.5816 val=0.5995
epoch=0 step=39550 train_loss=0.5926
epoch=0 step=39600 train_loss=0.6221
epoch=0 step=39650 train_loss=0.6003
epoch=0 step=39700 train_loss=0.6065
epoch=0 step=39750 train_loss=0.5863
epoch=0 step=39800 train_loss=0.6252
epoch=0 step=39850 train_loss=0.5716
epoch=0 step=39900 train_loss=0.6128
epoch=0 step=39950 train_loss=0.6054
epoch=0 step=40000 train_loss=0.6522
[eval] step=40000 train=0.5927 val=0.5982
epoch=0 step=40050 train_loss=0.6163
epoch=0 step=40100 train_loss=0.5771
epoch=0 step=40150 train_loss=0.5454
epoch=0 step=40200 train_loss=0.5734
epoch=0 step=40250 train_loss=0.6289
epoch=0 step=40300 train_loss=0.6283
epoch=0 step=40350 train_loss=0.5804
epoch=0 step=40400 train_loss=0.6160
epoch=0 step=40450 train_loss=0.5818
epoch=0 step=40500 train_loss=0.5938
[eval] step=40500 train=0.5906 val=0.5946
epoch=0 step=40550 train_loss=0.5777
epoch=0 step=40600 train_loss=0.5685
epoch=0 step=40650 train_loss=0.5974
epoch=0 step=40700 train_loss=0.6079
epoch=0 step=40750 train_loss=0.6151
epoch=0 step=40800 train_loss=0.5923
epoch=0 step=40850 train_loss=0.5612
epoch=0 step=40900 train_loss=0.6139
epoch=0 step=40950 train_loss=0.5483
epoch=0 step=41000 train_loss=0.6055
[eval] step=41000 train=0.5838 val=0.5978
epoch=0 step=41050 train_loss=0.6010
epoch=0 step=41100 train_loss=0.5725
epoch=0 step=41150 train_loss=0.5809
epoch=0 step=41200 train_loss=0.6225
epoch=0 step=41250 train_loss=0.5533
epoch=0 step=41300 train_loss=0.6005
epoch=0 step=41350 train_loss=0.6046
epoch=0 step=41400 train_loss=0.5569
epoch=0 step=41450 train_loss=0.5395
epoch=0 step=41500 train_loss=0.5623
[eval] step=41500 train=0.5801 val=0.5974
epoch=0 step=41550 train_loss=0.6041
epoch=0 step=41600 train_loss=0.6267
epoch=0 step=41650 train_loss=0.6129
epoch=0 step=41700 train_loss=0.6153
epoch=0 step=41750 train_loss=0.6451
epoch=0 step=41800 train_loss=0.6186
epoch=0 step=41850 train_loss=0.5550
epoch=0 step=41900 train_loss=0.5700
epoch=0 step=41950 train_loss=0.6016
epoch=0 step=42000 train_loss=0.6563
[eval] step=42000 train=0.5889 val=0.5955
epoch=0 step=42050 train_loss=0.5943
epoch=0 step=42100 train_loss=0.5886
epoch=0 step=42150 train_loss=0.5758
epoch=0 step=42200 train_loss=0.5460
epoch=0 step=42250 train_loss=0.6100
epoch=0 step=42300 train_loss=0.5977
epoch=0 step=42350 train_loss=0.5757
epoch=0 step=42400 train_loss=0.5948
epoch=0 step=42450 train_loss=0.5574
epoch=0 step=42500 train_loss=0.6121
[eval] step=42500 train=0.5783 val=0.5945
epoch=0 step=42550 train_loss=0.5841
epoch=0 step=42600 train_loss=0.5791
epoch=0 step=42650 train_loss=0.5498
epoch=0 step=42700 train_loss=0.6095
epoch=0 step=42750 train_loss=0.6387
epoch=0 step=42800 train_loss=0.5825
epoch=0 step=42850 train_loss=0.6110
epoch=0 step=42900 train_loss=0.5613
epoch=0 step=42950 train_loss=0.5473
epoch=0 step=43000 train_loss=0.5570
[eval] step=43000 train=0.5829 val=0.5896
saved best checkpoint to out-battery/best_ckpt.pt
epoch=0 step=43050 train_loss=0.6014
epoch=0 step=43100 train_loss=0.5679
epoch=0 step=43150 train_loss=0.5537
epoch=0 step=43200 train_loss=0.6078
epoch=0 step=43250 train_loss=0.5898
epoch=0 step=43300 train_loss=0.6122
epoch=0 step=43350 train_loss=0.5339
epoch=0 step=43400 train_loss=0.6121
epoch=0 step=43450 train_loss=0.5738
epoch=0 step=43500 train_loss=0.5850
[eval] step=43500 train=0.5776 val=0.5916
epoch=0 step=43550 train_loss=0.6248
epoch=0 step=43600 train_loss=0.5564
epoch=0 step=43650 train_loss=0.5728
epoch=0 step=43700 train_loss=0.6236
epoch=0 step=43750 train_loss=0.6419
epoch=0 step=43800 train_loss=0.5671
epoch=0 step=43850 train_loss=0.5525
epoch=0 step=43900 train_loss=0.6173
epoch=0 step=43950 train_loss=0.5709
epoch=0 step=44000 train_loss=0.5926
[eval] step=44000 train=0.5743 val=0.5931
epoch=0 step=44050 train_loss=0.6006
epoch=0 step=44100 train_loss=0.6158
epoch=0 step=44150 train_loss=0.6161
epoch=0 step=44200 train_loss=0.5845
epoch=0 step=44250 train_loss=0.6127
epoch=0 step=44300 train_loss=0.5817
epoch=0 step=44350 train_loss=0.5986
epoch=0 step=44400 train_loss=0.5652
epoch=0 step=44450 train_loss=0.6043
epoch=0 step=44500 train_loss=0.5756
[eval] step=44500 train=0.5916 val=0.5958
epoch=0 step=44550 train_loss=0.6249
epoch=0 step=44600 train_loss=0.5859
epoch=0 step=44650 train_loss=0.5985
epoch=0 step=44700 train_loss=0.6071
epoch=0 step=44750 train_loss=0.5761
epoch=0 step=44800 train_loss=0.6031
epoch=0 step=44850 train_loss=0.5865
epoch=0 step=44900 train_loss=0.5733
epoch=0 step=44950 train_loss=0.6032
epoch=0 step=45000 train_loss=0.6062
[eval] step=45000 train=0.5871 val=0.5953
epoch=0 step=45050 train_loss=0.5671
epoch=0 step=45100 train_loss=0.5754
epoch=0 step=45150 train_loss=0.5541
epoch=0 step=45200 train_loss=0.6345
epoch=0 step=45250 train_loss=0.5996
epoch=0 step=45300 train_loss=0.5766
epoch=0 step=45350 train_loss=0.5922
epoch=0 step=45400 train_loss=0.6074
epoch=0 step=45450 train_loss=0.6000
epoch=0 step=45500 train_loss=0.6257
[eval] step=45500 train=0.5835 val=0.5960
epoch=0 step=45550 train_loss=0.6049
epoch=0 step=45600 train_loss=0.6319
epoch=0 step=45650 train_loss=0.6141
epoch=0 step=45700 train_loss=0.6413
epoch=0 step=45750 train_loss=0.5834
epoch=0 step=45800 train_loss=0.6192
epoch=0 step=45850 train_loss=0.6419
epoch=0 step=45900 train_loss=0.6628
epoch=0 step=45950 train_loss=0.5976
epoch=0 step=46000 train_loss=0.5953
[eval] step=46000 train=0.5730 val=0.5997
epoch=0 step=46050 train_loss=0.5841
epoch=0 step=46100 train_loss=0.5999
epoch=0 step=46150 train_loss=0.6129
epoch=0 step=46200 train_loss=0.5870
epoch=0 step=46250 train_loss=0.5797
epoch=0 step=46300 train_loss=0.5752
epoch=0 step=46350 train_loss=0.6185
epoch=0 step=46400 train_loss=0.5776
epoch=0 step=46450 train_loss=0.6218
epoch=0 step=46500 train_loss=0.6104
[eval] step=46500 train=0.5803 val=0.5969
epoch=0 step=46550 train_loss=0.5784
epoch=0 step=46600 train_loss=0.5771
epoch=0 step=46650 train_loss=0.6172
epoch=0 step=46700 train_loss=0.6071
epoch=0 step=46750 train_loss=0.5971
epoch=0 step=46800 train_loss=0.6092
epoch=0 step=46850 train_loss=0.5826
epoch=0 step=46900 train_loss=0.6074
epoch=0 step=46950 train_loss=0.6193
epoch=0 step=47000 train_loss=0.6153
[eval] step=47000 train=0.5762 val=0.5943
epoch=0 step=47050 train_loss=0.5570
epoch=0 step=47100 train_loss=0.5929
epoch=0 step=47150 train_loss=0.5491
epoch=0 step=47200 train_loss=0.5758
epoch=0 step=47250 train_loss=0.6004
epoch=0 step=47300 train_loss=0.5620
epoch=0 step=47350 train_loss=0.5765
epoch=0 step=47400 train_loss=0.5580
epoch=0 step=47450 train_loss=0.6208
epoch=0 step=47500 train_loss=0.6594
[eval] step=47500 train=0.5749 val=0.5941
epoch=0 step=47550 train_loss=0.5555
epoch=0 step=47600 train_loss=0.5942
epoch=0 step=47650 train_loss=0.5947
epoch=0 step=47700 train_loss=0.5956
epoch=0 step=47750 train_loss=0.6165
epoch=0 step=47800 train_loss=0.5834
epoch=0 step=47850 train_loss=0.5766
epoch=0 step=47900 train_loss=0.6273
epoch=0 step=47950 train_loss=0.6095
epoch=0 step=48000 train_loss=0.6200
[eval] step=48000 train=0.5854 val=0.6015
epoch=0 step=48050 train_loss=0.5603
epoch=0 step=48100 train_loss=0.6286
epoch=0 step=48150 train_loss=0.5872
epoch=0 step=48200 train_loss=0.5741
epoch=0 step=48250 train_loss=0.5235
epoch=0 step=48300 train_loss=0.5838
epoch=0 step=48350 train_loss=0.5757
epoch=0 step=48400 train_loss=0.5890
epoch=0 step=48450 train_loss=0.6071
epoch=0 step=48500 train_loss=0.6030
[eval] step=48500 train=0.5879 val=0.5921
epoch=0 step=48550 train_loss=0.5856
epoch=0 step=48600 train_loss=0.5802
epoch=0 step=48650 train_loss=0.5305
epoch=0 step=48700 train_loss=0.6326
epoch=0 step=48750 train_loss=0.6236
epoch=0 step=48800 train_loss=0.6093
epoch=0 step=48850 train_loss=0.5786
epoch=0 step=48900 train_loss=0.6302
epoch=0 step=48950 train_loss=0.5964
epoch=0 step=49000 train_loss=0.6230
[eval] step=49000 train=0.5753 val=0.5935
epoch=0 step=49050 train_loss=0.5568
epoch=0 step=49100 train_loss=0.5868
epoch=0 step=49150 train_loss=0.5748
epoch=0 step=49200 train_loss=0.6763
epoch=0 step=49250 train_loss=0.5287
epoch=0 step=49300 train_loss=0.5913
epoch=0 step=49350 train_loss=0.5616
epoch=0 step=49400 train_loss=0.5505
epoch=0 step=49450 train_loss=0.5697
epoch=0 step=49500 train_loss=0.5939
[eval] step=49500 train=0.5875 val=0.5949
epoch=0 step=49550 train_loss=0.6123
epoch=0 step=49600 train_loss=0.5530
epoch=0 step=49650 train_loss=0.6027
epoch=0 step=49700 train_loss=0.5613
epoch=0 step=49750 train_loss=0.6168
epoch=0 step=49800 train_loss=0.5675
epoch=0 step=49850 train_loss=0.6001
epoch=0 step=49900 train_loss=0.5369
epoch=0 step=49950 train_loss=0.6534
epoch=0 step=50000 train_loss=0.5763
[eval] step=50000 train=0.5805 val=0.5927
epoch=0 step=50050 train_loss=0.5855
epoch=0 step=50100 train_loss=0.5716
epoch=0 step=50150 train_loss=0.6057
epoch=0 step=50200 train_loss=0.5632
epoch=0 step=50250 train_loss=0.6094
epoch=0 step=50300 train_loss=0.5943
epoch=0 step=50350 train_loss=0.5783
epoch=0 step=50400 train_loss=0.5496
epoch=0 step=50450 train_loss=0.5930
epoch=0 step=50500 train_loss=0.5792
[eval] step=50500 train=0.5805 val=0.5998
epoch=0 step=50550 train_loss=0.5434
epoch=0 step=50600 train_loss=0.6073
epoch=0 step=50650 train_loss=0.6045
epoch=0 step=50700 train_loss=0.5899
epoch=0 step=50750 train_loss=0.5529
epoch=0 step=50800 train_loss=0.5934
epoch=0 step=50850 train_loss=0.5510
epoch=0 step=50900 train_loss=0.5428
epoch=0 step=50950 train_loss=0.5895
epoch=0 step=51000 train_loss=0.5540
[eval] step=51000 train=0.5720 val=0.5935
epoch=0 step=51050 train_loss=0.5863
epoch=0 step=51100 train_loss=0.6249
epoch=0 step=51150 train_loss=0.6019
epoch=0 step=51200 train_loss=0.6038
epoch=0 step=51250 train_loss=0.5956
epoch=0 step=51300 train_loss=0.6030
epoch=0 step=51350 train_loss=0.5938
epoch=0 step=51400 train_loss=0.6177
epoch=0 step=51450 train_loss=0.5881
epoch=0 step=51500 train_loss=0.5881
[eval] step=51500 train=0.5808 val=0.5946
epoch=0 step=51550 train_loss=0.5584
epoch=0 step=51600 train_loss=0.5685
epoch=0 step=51650 train_loss=0.6218
epoch=0 step=51700 train_loss=0.5895
epoch=0 step=51750 train_loss=0.6387
epoch=0 step=51800 train_loss=0.5909
epoch=0 step=51850 train_loss=0.5656
epoch=0 step=51900 train_loss=0.5716
epoch=0 step=51950 train_loss=0.6100
epoch=0 step=52000 train_loss=0.5877
[eval] step=52000 train=0.5779 val=0.5923
epoch=0 step=52050 train_loss=0.6048
epoch=0 step=52100 train_loss=0.5862
epoch=0 step=52150 train_loss=0.6307
epoch=0 step=52200 train_loss=0.5980
epoch=0 step=52250 train_loss=0.6186
epoch=0 step=52300 train_loss=0.5522
epoch=0 step=52350 train_loss=0.6341
epoch=0 step=52400 train_loss=0.5593
epoch=0 step=52450 train_loss=0.5925
epoch=0 step=52500 train_loss=0.6364
[eval] step=52500 train=0.5830 val=0.5937
epoch=0 step=52550 train_loss=0.5707
epoch=0 step=52600 train_loss=0.5861
epoch=0 step=52650 train_loss=0.6058
epoch=0 step=52700 train_loss=0.5927
epoch=0 step=52750 train_loss=0.5989
epoch=0 step=52800 train_loss=0.5764
epoch=0 step=52850 train_loss=0.6542
epoch=0 step=52900 train_loss=0.5719
epoch=0 step=52950 train_loss=0.6208
epoch=0 step=53000 train_loss=0.6285
[eval] step=53000 train=0.5820 val=0.5939
epoch=0 step=53050 train_loss=0.5523
epoch=0 step=53100 train_loss=0.5555
epoch=0 step=53150 train_loss=0.5423
epoch=0 step=53200 train_loss=0.5828
epoch=0 step=53250 train_loss=0.5580
epoch=0 step=53300 train_loss=0.5562
epoch=0 step=53350 train_loss=0.5924
epoch=0 step=53400 train_loss=0.5837
epoch=0 step=53450 train_loss=0.6098
epoch=0 step=53500 train_loss=0.5741
[eval] step=53500 train=0.5785 val=0.5938
epoch=0 step=53550 train_loss=0.6280
epoch=0 step=53600 train_loss=0.5916
epoch=0 step=53650 train_loss=0.6169
epoch=0 step=53700 train_loss=0.5618
epoch=0 step=53750 train_loss=0.6420
epoch=0 step=53800 train_loss=0.5816
epoch=0 step=53850 train_loss=0.6345
epoch=0 step=53900 train_loss=0.5800
epoch=0 step=53950 train_loss=0.5962
epoch=0 step=54000 train_loss=0.5468
[eval] step=54000 train=0.5738 val=0.5922
epoch=0 step=54050 train_loss=0.6444
epoch=0 step=54100 train_loss=0.6036
epoch=0 step=54150 train_loss=0.5815
epoch=0 step=54200 train_loss=0.5683
epoch=0 step=54250 train_loss=0.5897
epoch=0 step=54300 train_loss=0.5791
epoch=0 step=54350 train_loss=0.5496
epoch=0 step=54400 train_loss=0.5658
epoch=0 step=54450 train_loss=0.5924
epoch=0 step=54500 train_loss=0.5776
[eval] step=54500 train=0.5753 val=0.5958
epoch=0 step=54550 train_loss=0.6096
epoch=0 step=54600 train_loss=0.5990
epoch=0 step=54650 train_loss=0.5697
epoch=0 step=54700 train_loss=0.5988
epoch=0 step=54750 train_loss=0.5821
epoch=0 step=54800 train_loss=0.5890
epoch=0 step=54850 train_loss=0.6392
epoch=0 step=54900 train_loss=0.5622
epoch=0 step=54950 train_loss=0.6043
epoch=0 step=55000 train_loss=0.5339
[eval] step=55000 train=0.5804 val=0.5920
epoch=0 step=55050 train_loss=0.6166
epoch=0 step=55100 train_loss=0.5925
epoch=0 step=55150 train_loss=0.5756
epoch=0 step=55200 train_loss=0.6057
epoch=0 step=55250 train_loss=0.5580
epoch=0 step=55300 train_loss=0.5677
epoch=0 step=55350 train_loss=0.6368
epoch=0 step=55400 train_loss=0.5715
epoch=0 step=55450 train_loss=0.6013
epoch=0 step=55500 train_loss=0.5993
[eval] step=55500 train=0.5810 val=0.5954
epoch=0 step=55550 train_loss=0.6142
epoch=0 step=55600 train_loss=0.5429
epoch=0 step=55650 train_loss=0.6081
epoch=0 step=55700 train_loss=0.5932
epoch=0 step=55750 train_loss=0.5872
epoch=0 step=55800 train_loss=0.5927
epoch=0 step=55850 train_loss=0.5763
epoch=0 step=55900 train_loss=0.6124
epoch=0 step=55950 train_loss=0.5442
epoch=0 step=56000 train_loss=0.5829
[eval] step=56000 train=0.5829 val=0.5906
epoch=0 step=56050 train_loss=0.5475
epoch=0 step=56100 train_loss=0.5924
epoch=0 step=56150 train_loss=0.6029
epoch=0 step=56200 train_loss=0.6015
epoch=0 step=56250 train_loss=0.5625
epoch=0 step=56300 train_loss=0.5294
epoch=0 step=56350 train_loss=0.5958
epoch=0 step=56400 train_loss=0.5519
epoch=0 step=56450 train_loss=0.5472
epoch=0 step=56500 train_loss=0.5671
[eval] step=56500 train=0.5784 val=0.5927
epoch=0 step=56550 train_loss=0.6380
epoch=0 step=56600 train_loss=0.5993
epoch=0 step=56650 train_loss=0.6093
epoch=0 step=56700 train_loss=0.5670
epoch=0 step=56750 train_loss=0.6040
epoch=0 step=56800 train_loss=0.5808
epoch=0 step=56850 train_loss=0.5829
epoch=0 step=56900 train_loss=0.6041
epoch=0 step=56950 train_loss=0.5647
epoch=0 step=57000 train_loss=0.5623
[eval] step=57000 train=0.5766 val=0.5914
epoch=0 step=57050 train_loss=0.5873
epoch=0 step=57100 train_loss=0.5679
epoch=0 step=57150 train_loss=0.5725
epoch=0 step=57200 train_loss=0.5982
epoch=0 step=57250 train_loss=0.6181
epoch=0 step=57300 train_loss=0.5651
epoch=0 step=57350 train_loss=0.5472
epoch=0 step=57400 train_loss=0.5793
epoch=0 step=57450 train_loss=0.6119
epoch=0 step=57500 train_loss=0.5915
[eval] step=57500 train=0.5685 val=0.5860
saved best checkpoint to out-battery/best_ckpt.pt
epoch=0 step=57550 train_loss=0.5671
epoch=0 step=57600 train_loss=0.5955
epoch=0 step=57650 train_loss=0.6141
epoch=0 step=57700 train_loss=0.6226
epoch=0 step=57750 train_loss=0.6231
epoch=0 step=57800 train_loss=0.5955
epoch=0 step=57850 train_loss=0.6067
epoch=0 step=57900 train_loss=0.5495
epoch=0 step=57950 train_loss=0.6049
epoch=0 step=58000 train_loss=0.6000
[eval] step=58000 train=0.5823 val=0.5961
epoch=0 step=58050 train_loss=0.5874
epoch=0 step=58100 train_loss=0.5706
epoch=0 step=58150 train_loss=0.5877
epoch=0 step=58200 train_loss=0.5763
epoch=0 step=58250 train_loss=0.5873
epoch=0 step=58300 train_loss=0.5667
epoch=0 step=58350 train_loss=0.5494
epoch=0 step=58400 train_loss=0.5605
epoch=0 step=58450 train_loss=0.5938
epoch=0 step=58500 train_loss=0.5882
[eval] step=58500 train=0.5773 val=0.5975
epoch=0 step=58550 train_loss=0.5390
epoch=0 step=58600 train_loss=0.5947
epoch=0 step=58650 train_loss=0.5566
epoch=0 step=58700 train_loss=0.5623
epoch=0 step=58750 train_loss=0.5613
epoch=0 step=58800 train_loss=0.5788
epoch=0 step=58850 train_loss=0.6029
epoch=0 step=58900 train_loss=0.5551
epoch=0 step=58950 train_loss=0.5243
epoch=0 step=59000 train_loss=0.6039
[eval] step=59000 train=0.5780 val=0.5959
epoch=0 step=59050 train_loss=0.5577
epoch=0 step=59100 train_loss=0.5682
epoch=0 step=59150 train_loss=0.6393
epoch=0 step=59200 train_loss=0.5799
epoch=0 step=59250 train_loss=0.5757
epoch=0 step=59300 train_loss=0.5675
epoch=0 step=59350 train_loss=0.5968
epoch=0 step=59400 train_loss=0.5780
epoch=0 step=59450 train_loss=0.5772
epoch=0 step=59500 train_loss=0.5996
[eval] step=59500 train=0.5843 val=0.5990
epoch=0 step=59550 train_loss=0.5520
epoch=0 step=59600 train_loss=0.5817
epoch=0 step=59650 train_loss=0.5635
epoch=0 step=59700 train_loss=0.5095
epoch=0 step=59750 train_loss=0.5933
epoch=0 step=59800 train_loss=0.6657
epoch=0 step=59850 train_loss=0.5995
epoch=0 step=59900 train_loss=0.5890
epoch=0 step=59950 train_loss=0.5848
epoch=0 step=60000 train_loss=0.5434
[eval] step=60000 train=0.5821 val=0.5910
epoch=0 step=60050 train_loss=0.6050
epoch=0 step=60100 train_loss=0.5700
epoch=0 step=60150 train_loss=0.5560
epoch=0 step=60200 train_loss=0.5813
epoch=0 step=60250 train_loss=0.6242
epoch=0 step=60300 train_loss=0.6244
epoch=0 step=60350 train_loss=0.5634
epoch=0 step=60400 train_loss=0.5692
epoch=0 step=60450 train_loss=0.5774
epoch=0 step=60500 train_loss=0.5793
[eval] step=60500 train=0.5786 val=0.5896
epoch=0 step=60550 train_loss=0.5909
epoch=0 step=60600 train_loss=0.5894
epoch=0 step=60650 train_loss=0.6001
epoch=0 step=60700 train_loss=0.6060
epoch=0 step=60750 train_loss=0.6316
epoch=0 step=60800 train_loss=0.5931
epoch=0 step=60850 train_loss=0.5797
epoch=0 step=60900 train_loss=0.5887
epoch=0 step=60950 train_loss=0.6266
epoch=0 step=61000 train_loss=0.5914
[eval] step=61000 train=0.5742 val=0.5931
epoch=0 step=61050 train_loss=0.6037
epoch=0 step=61100 train_loss=0.5401
epoch=0 step=61150 train_loss=0.6109
epoch=0 step=61200 train_loss=0.5890
epoch=0 step=61250 train_loss=0.5701
epoch=0 step=61300 train_loss=0.5407
epoch=0 step=61350 train_loss=0.5786
epoch=0 step=61400 train_loss=0.5771
epoch=0 step=61450 train_loss=0.5703
epoch=0 step=61500 train_loss=0.6209
[eval] step=61500 train=0.5854 val=0.5953
epoch=0 step=61550 train_loss=0.6003
epoch=0 step=61600 train_loss=0.6167
epoch=0 step=61650 train_loss=0.5633
epoch=0 step=61700 train_loss=0.6030
epoch=0 step=61750 train_loss=0.6277
epoch=0 step=61800 train_loss=0.5867
epoch=0 step=61850 train_loss=0.5642
epoch=0 step=61900 train_loss=0.5634
epoch=0 step=61950 train_loss=0.5971
epoch=0 step=62000 train_loss=0.5758
[eval] step=62000 train=0.5752 val=0.5891
epoch=0 step=62050 train_loss=0.6043
epoch=0 step=62100 train_loss=0.6087
epoch=0 step=62150 train_loss=0.6069
epoch=0 step=62200 train_loss=0.6104
epoch=0 step=62250 train_loss=0.6126
epoch=0 step=62300 train_loss=0.5870
epoch=0 step=62350 train_loss=0.5612
epoch=0 step=62400 train_loss=0.6378
epoch=0 step=62450 train_loss=0.5940
epoch=0 step=62500 train_loss=0.5785
[eval] step=62500 train=0.5900 val=0.5911
epoch=0 step=62550 train_loss=0.5856
epoch=0 step=62600 train_loss=0.5678
epoch=0 step=62650 train_loss=0.5553
epoch=0 step=62700 train_loss=0.6176
epoch=0 step=62750 train_loss=0.5584
epoch=0 step=62800 train_loss=0.6310
epoch=0 step=62850 train_loss=0.5531
epoch=0 step=62900 train_loss=0.5864
epoch=0 step=62950 train_loss=0.5762
epoch=0 step=63000 train_loss=0.6155
[eval] step=63000 train=0.5739 val=0.5897
epoch=0 step=63050 train_loss=0.5577
epoch=0 step=63100 train_loss=0.6344
epoch=0 step=63150 train_loss=0.5537
epoch=0 step=63200 train_loss=0.5813
epoch=0 step=63250 train_loss=0.5859
epoch=0 step=63300 train_loss=0.6156
epoch=0 step=63350 train_loss=0.5889
epoch=0 step=63400 train_loss=0.5276
epoch=0 step=63450 train_loss=0.5310
epoch=1 step=63500 train_loss=0.5882
[eval] step=63500 train=0.5742 val=0.5954
epoch=1 step=63550 train_loss=0.5895
epoch=1 step=63600 train_loss=0.5204
epoch=1 step=63650 train_loss=0.6259
epoch=1 step=63700 train_loss=0.5861
epoch=1 step=63750 train_loss=0.5482
epoch=1 step=63800 train_loss=0.5685
epoch=1 step=63850 train_loss=0.6332
epoch=1 step=63900 train_loss=0.5924
epoch=1 step=63950 train_loss=0.5881
epoch=1 step=64000 train_loss=0.5797
[eval] step=64000 train=0.5648 val=0.5870
epoch=1 step=64050 train_loss=0.6068
epoch=1 step=64100 train_loss=0.6315
epoch=1 step=64150 train_loss=0.5912
epoch=1 step=64200 train_loss=0.6024
epoch=1 step=64250 train_loss=0.6137
epoch=1 step=64300 train_loss=0.6159
epoch=1 step=64350 train_loss=0.5844
epoch=1 step=64400 train_loss=0.4923
epoch=1 step=64450 train_loss=0.5388
epoch=1 step=64500 train_loss=0.6225
[eval] step=64500 train=0.5656 val=0.5940
epoch=1 step=64550 train_loss=0.5734
epoch=1 step=64600 train_loss=0.5667
epoch=1 step=64650 train_loss=0.6262
epoch=1 step=64700 train_loss=0.5596
epoch=1 step=64750 train_loss=0.5830
epoch=1 step=64800 train_loss=0.5568
epoch=1 step=64850 train_loss=0.5684
epoch=1 step=64900 train_loss=0.6128
epoch=1 step=64950 train_loss=0.5509
epoch=1 step=65000 train_loss=0.5984
[eval] step=65000 train=0.5741 val=0.5895
epoch=1 step=65050 train_loss=0.5615
epoch=1 step=65100 train_loss=0.5640
epoch=1 step=65150 train_loss=0.5564
epoch=1 step=65200 train_loss=0.5723
epoch=1 step=65250 train_loss=0.6244
epoch=1 step=65300 train_loss=0.5715
epoch=1 step=65350 train_loss=0.5963
epoch=1 step=65400 train_loss=0.5604
epoch=1 step=65450 train_loss=0.5672
epoch=1 step=65500 train_loss=0.5654
[eval] step=65500 train=0.5762 val=0.5854
saved best checkpoint to out-battery/best_ckpt.pt
epoch=1 step=65550 train_loss=0.5395
epoch=1 step=65600 train_loss=0.5762
epoch=1 step=65650 train_loss=0.6051
epoch=1 step=65700 train_loss=0.5446
epoch=1 step=65750 train_loss=0.5642
epoch=1 step=65800 train_loss=0.5725
epoch=1 step=65850 train_loss=0.6070
epoch=1 step=65900 train_loss=0.5940
epoch=1 step=65950 train_loss=0.6201
epoch=1 step=66000 train_loss=0.5490
[eval] step=66000 train=0.5827 val=0.5913
epoch=1 step=66050 train_loss=0.5577
epoch=1 step=66100 train_loss=0.5560
epoch=1 step=66150 train_loss=0.5856
epoch=1 step=66200 train_loss=0.5730
epoch=1 step=66250 train_loss=0.6350
epoch=1 step=66300 train_loss=0.5796
epoch=1 step=66350 train_loss=0.6353
epoch=1 step=66400 train_loss=0.6119
epoch=1 step=66450 train_loss=0.6068
epoch=1 step=66500 train_loss=0.5753
[eval] step=66500 train=0.5725 val=0.5944
epoch=1 step=66550 train_loss=0.5439
epoch=1 step=66600 train_loss=0.5636
epoch=1 step=66650 train_loss=0.5738
epoch=1 step=66700 train_loss=0.6405
epoch=1 step=66750 train_loss=0.5905
epoch=1 step=66800 train_loss=0.5765
epoch=1 step=66850 train_loss=0.6022
epoch=1 step=66900 train_loss=0.5709
epoch=1 step=66950 train_loss=0.5704
epoch=1 step=67000 train_loss=0.6161
[eval] step=67000 train=0.5774 val=0.5967
epoch=1 step=67050 train_loss=0.5943
epoch=1 step=67100 train_loss=0.5768
epoch=1 step=67150 train_loss=0.5646
epoch=1 step=67200 train_loss=0.5768
epoch=1 step=67250 train_loss=0.6047
epoch=1 step=67300 train_loss=0.6024
epoch=1 step=67350 train_loss=0.5624
epoch=1 step=67400 train_loss=0.5560
epoch=1 step=67450 train_loss=0.5602
epoch=1 step=67500 train_loss=0.5671
[eval] step=67500 train=0.5846 val=0.5902
epoch=1 step=67550 train_loss=0.5779
epoch=1 step=67600 train_loss=0.6183
epoch=1 step=67650 train_loss=0.5981
epoch=1 step=67700 train_loss=0.5797
epoch=1 step=67750 train_loss=0.5655
epoch=1 step=67800 train_loss=0.5530
epoch=1 step=67850 train_loss=0.5729
epoch=1 step=67900 train_loss=0.5643
epoch=1 step=67950 train_loss=0.5477
epoch=1 step=68000 train_loss=0.6773
[eval] step=68000 train=0.5730 val=0.5962
epoch=1 step=68050 train_loss=0.5958
epoch=1 step=68100 train_loss=0.5582
epoch=1 step=68150 train_loss=0.5440
epoch=1 step=68200 train_loss=0.5366
epoch=1 step=68250 train_loss=0.5875
epoch=1 step=68300 train_loss=0.6191
epoch=1 step=68350 train_loss=0.6114
epoch=1 step=68400 train_loss=0.6347
epoch=1 step=68450 train_loss=0.5831
epoch=1 step=68500 train_loss=0.5809
[eval] step=68500 train=0.5711 val=0.5915
epoch=1 step=68550 train_loss=0.5932
epoch=1 step=68600 train_loss=0.5678
epoch=1 step=68650 train_loss=0.5950
epoch=1 step=68700 train_loss=0.4872
epoch=1 step=68750 train_loss=0.6195
epoch=1 step=68800 train_loss=0.5779
epoch=1 step=68850 train_loss=0.5784
epoch=1 step=68900 train_loss=0.5426
epoch=1 step=68950 train_loss=0.5669
epoch=1 step=69000 train_loss=0.6028
[eval] step=69000 train=0.5725 val=0.5962
epoch=1 step=69050 train_loss=0.6042
epoch=1 step=69100 train_loss=0.5502
epoch=1 step=69150 train_loss=0.5758
epoch=1 step=69200 train_loss=0.5139
epoch=1 step=69250 train_loss=0.5713
epoch=1 step=69300 train_loss=0.5728
epoch=1 step=69350 train_loss=0.5757
epoch=1 step=69400 train_loss=0.5946
epoch=1 step=69450 train_loss=0.5738
epoch=1 step=69500 train_loss=0.5236
[eval] step=69500 train=0.5856 val=0.5891
epoch=1 step=69550 train_loss=0.5868
epoch=1 step=69600 train_loss=0.5928
epoch=1 step=69650 train_loss=0.6150
epoch=1 step=69700 train_loss=0.6529
epoch=1 step=69750 train_loss=0.5935
epoch=1 step=69800 train_loss=0.6028
epoch=1 step=69850 train_loss=0.5910
epoch=1 step=69900 train_loss=0.5715
epoch=1 step=69950 train_loss=0.5953
epoch=1 step=70000 train_loss=0.5533
[eval] step=70000 train=0.5644 val=0.5881
epoch=1 step=70050 train_loss=0.6109
epoch=1 step=70100 train_loss=0.6152
epoch=1 step=70150 train_loss=0.5793
epoch=1 step=70200 train_loss=0.5899
epoch=1 step=70250 train_loss=0.5641
epoch=1 step=70300 train_loss=0.6015
epoch=1 step=70350 train_loss=0.5574
epoch=1 step=70400 train_loss=0.6142
epoch=1 step=70450 train_loss=0.6395
epoch=1 step=70500 train_loss=0.5875
[eval] step=70500 train=0.5799 val=0.5934
epoch=1 step=70550 train_loss=0.5753
epoch=1 step=70600 train_loss=0.5632
epoch=1 step=70650 train_loss=0.6019
epoch=1 step=70700 train_loss=0.5882
epoch=1 step=70750 train_loss=0.6021
epoch=1 step=70800 train_loss=0.5775
epoch=1 step=70850 train_loss=0.6113
epoch=1 step=70900 train_loss=0.6274
epoch=1 step=70950 train_loss=0.5475
epoch=1 step=71000 train_loss=0.6108
[eval] step=71000 train=0.5878 val=0.5931
epoch=1 step=71050 train_loss=0.6010
epoch=1 step=71100 train_loss=0.6106
epoch=1 step=71150 train_loss=0.5819
epoch=1 step=71200 train_loss=0.5685
epoch=1 step=71250 train_loss=0.5798
epoch=1 step=71300 train_loss=0.5667
epoch=1 step=71350 train_loss=0.6377
epoch=1 step=71400 train_loss=0.6161
epoch=1 step=71450 train_loss=0.5316
epoch=1 step=71500 train_loss=0.5899
[eval] step=71500 train=0.5674 val=0.5925
epoch=1 step=71550 train_loss=0.5851
epoch=1 step=71600 train_loss=0.5980
epoch=1 step=71650 train_loss=0.5792
epoch=1 step=71700 train_loss=0.5853
epoch=1 step=71750 train_loss=0.5920
epoch=1 step=71800 train_loss=0.5761
epoch=1 step=71850 train_loss=0.5677
epoch=1 step=71900 train_loss=0.6060
epoch=1 step=71950 train_loss=0.5907
epoch=1 step=72000 train_loss=0.5458
[eval] step=72000 train=0.5828 val=0.5917
epoch=1 step=72050 train_loss=0.6205
epoch=1 step=72100 train_loss=0.6609
epoch=1 step=72150 train_loss=0.6058
epoch=1 step=72200 train_loss=0.5693
epoch=1 step=72250 train_loss=0.5638
epoch=1 step=72300 train_loss=0.5500
epoch=1 step=72350 train_loss=0.5812
epoch=1 step=72400 train_loss=0.5858
epoch=1 step=72450 train_loss=0.5899
epoch=1 step=72500 train_loss=0.5551
[eval] step=72500 train=0.5650 val=0.5838
saved best checkpoint to out-battery/best_ckpt.pt
epoch=1 step=72550 train_loss=0.5727
epoch=1 step=72600 train_loss=0.5480
epoch=1 step=72650 train_loss=0.6460
epoch=1 step=72700 train_loss=0.5992
epoch=1 step=72750 train_loss=0.5983
epoch=1 step=72800 train_loss=0.5434
epoch=1 step=72850 train_loss=0.6289
epoch=1 step=72900 train_loss=0.5707
epoch=1 step=72950 train_loss=0.6494
epoch=1 step=73000 train_loss=0.6470
[eval] step=73000 train=0.5732 val=0.5904
epoch=1 step=73050 train_loss=0.5855
epoch=1 step=73100 train_loss=0.6339
epoch=1 step=73150 train_loss=0.6010
epoch=1 step=73200 train_loss=0.6242
epoch=1 step=73250 train_loss=0.6301
epoch=1 step=73300 train_loss=0.5980
epoch=1 step=73350 train_loss=0.6098
epoch=1 step=73400 train_loss=0.5711
epoch=1 step=73450 train_loss=0.5811
epoch=1 step=73500 train_loss=0.6118
[eval] step=73500 train=0.5777 val=0.5949
epoch=1 step=73550 train_loss=0.6040
epoch=1 step=73600 train_loss=0.5479
epoch=1 step=73650 train_loss=0.5345
epoch=1 step=73700 train_loss=0.5630
epoch=1 step=73750 train_loss=0.6010
epoch=1 step=73800 train_loss=0.5715
epoch=1 step=73850 train_loss=0.5599
epoch=1 step=73900 train_loss=0.5944
epoch=1 step=73950 train_loss=0.6424
epoch=1 step=74000 train_loss=0.6234
[eval] step=74000 train=0.5856 val=0.5936
epoch=1 step=74050 train_loss=0.6014
epoch=1 step=74100 train_loss=0.5324
epoch=1 step=74150 train_loss=0.5514
epoch=1 step=74200 train_loss=0.5640
epoch=1 step=74250 train_loss=0.5970
epoch=1 step=74300 train_loss=0.5896
epoch=1 step=74350 train_loss=0.5865
epoch=1 step=74400 train_loss=0.6060
epoch=1 step=74450 train_loss=0.6041
epoch=1 step=74500 train_loss=0.5546
[eval] step=74500 train=0.5787 val=0.6024
epoch=1 step=74550 train_loss=0.6161
epoch=1 step=74600 train_loss=0.5984
epoch=1 step=74650 train_loss=0.5622
epoch=1 step=74700 train_loss=0.5918
epoch=1 step=74750 train_loss=0.5427
epoch=1 step=74800 train_loss=0.5704
epoch=1 step=74850 train_loss=0.6208
epoch=1 step=74900 train_loss=0.5900
epoch=1 step=74950 train_loss=0.5924
epoch=1 step=75000 train_loss=0.5229
[eval] step=75000 train=0.5743 val=0.5887
epoch=1 step=75050 train_loss=0.5970
epoch=1 step=75100 train_loss=0.5820
epoch=1 step=75150 train_loss=0.5729
epoch=1 step=75200 train_loss=0.5804
epoch=1 step=75250 train_loss=0.5660
epoch=1 step=75300 train_loss=0.5904
epoch=1 step=75350 train_loss=0.5650
epoch=1 step=75400 train_loss=0.5897
epoch=1 step=75450 train_loss=0.6109
epoch=1 step=75500 train_loss=0.6314
[eval] step=75500 train=0.5718 val=0.5904
epoch=1 step=75550 train_loss=0.5841
epoch=1 step=75600 train_loss=0.5385
epoch=1 step=75650 train_loss=0.5274
epoch=1 step=75700 train_loss=0.5839
epoch=1 step=75750 train_loss=0.5662
epoch=1 step=75800 train_loss=0.6109
epoch=1 step=75850 train_loss=0.5983
epoch=1 step=75900 train_loss=0.6140
epoch=1 step=75950 train_loss=0.5657
epoch=1 step=76000 train_loss=0.6087
[eval] step=76000 train=0.5811 val=0.5961
epoch=1 step=76050 train_loss=0.5741
epoch=1 step=76100 train_loss=0.5820
epoch=1 step=76150 train_loss=0.5958
epoch=1 step=76200 train_loss=0.5436
epoch=1 step=76250 train_loss=0.5830
epoch=1 step=76300 train_loss=0.6008
epoch=1 step=76350 train_loss=0.5807
epoch=1 step=76400 train_loss=0.5817
epoch=1 step=76450 train_loss=0.5944
epoch=1 step=76500 train_loss=0.5961
[eval] step=76500 train=0.5790 val=0.5969
epoch=1 step=76550 train_loss=0.5543
epoch=1 step=76600 train_loss=0.5558
epoch=1 step=76650 train_loss=0.5507
epoch=1 step=76700 train_loss=0.6393
epoch=1 step=76750 train_loss=0.5394
epoch=1 step=76800 train_loss=0.5928
epoch=1 step=76850 train_loss=0.5849
epoch=1 step=76900 train_loss=0.6185
epoch=1 step=76950 train_loss=0.5829
epoch=1 step=77000 train_loss=0.5388
[eval] step=77000 train=0.5753 val=0.5914
epoch=1 step=77050 train_loss=0.5911
epoch=1 step=77100 train_loss=0.5937
epoch=1 step=77150 train_loss=0.5789
epoch=1 step=77200 train_loss=0.6103
epoch=1 step=77250 train_loss=0.6070
epoch=1 step=77300 train_loss=0.5759
epoch=1 step=77350 train_loss=0.5766
epoch=1 step=77400 train_loss=0.6214
epoch=1 step=77450 train_loss=0.6175
epoch=1 step=77500 train_loss=0.6078
[eval] step=77500 train=0.5750 val=0.5884
epoch=1 step=77550 train_loss=0.5695
epoch=1 step=77600 train_loss=0.6312
epoch=1 step=77650 train_loss=0.5771
epoch=1 step=77700 train_loss=0.5849
epoch=1 step=77750 train_loss=0.5696
epoch=1 step=77800 train_loss=0.5986
epoch=1 step=77850 train_loss=0.5375
epoch=1 step=77900 train_loss=0.5445
epoch=1 step=77950 train_loss=0.6128
epoch=1 step=78000 train_loss=0.5751
[eval] step=78000 train=0.5758 val=0.5928
epoch=1 step=78050 train_loss=0.6030
epoch=1 step=78100 train_loss=0.6184
epoch=1 step=78150 train_loss=0.5321
epoch=1 step=78200 train_loss=0.5476
epoch=1 step=78250 train_loss=0.5746
epoch=1 step=78300 train_loss=0.5994
epoch=1 step=78350 train_loss=0.6232
epoch=1 step=78400 train_loss=0.6022
epoch=1 step=78450 train_loss=0.6046
epoch=1 step=78500 train_loss=0.5779
[eval] step=78500 train=0.5723 val=0.5930
epoch=1 step=78550 train_loss=0.5673
epoch=1 step=78600 train_loss=0.6025
epoch=1 step=78650 train_loss=0.5924
epoch=1 step=78700 train_loss=0.5611
epoch=1 step=78750 train_loss=0.5607
epoch=1 step=78800 train_loss=0.5654
epoch=1 step=78850 train_loss=0.6232
epoch=1 step=78900 train_loss=0.5762
epoch=1 step=78950 train_loss=0.5644
epoch=1 step=79000 train_loss=0.6022
[eval] step=79000 train=0.5773 val=0.5918
epoch=1 step=79050 train_loss=0.6151
epoch=1 step=79100 train_loss=0.5884
epoch=1 step=79150 train_loss=0.6185
epoch=1 step=79200 train_loss=0.5460
epoch=1 step=79250 train_loss=0.5799
epoch=1 step=79300 train_loss=0.6084
epoch=1 step=79350 train_loss=0.6099
epoch=1 step=79400 train_loss=0.5635
epoch=1 step=79450 train_loss=0.5564
epoch=1 step=79500 train_loss=0.5825
[eval] step=79500 train=0.5778 val=0.5970
epoch=1 step=79550 train_loss=0.6072
epoch=1 step=79600 train_loss=0.5757
epoch=1 step=79650 train_loss=0.5881
epoch=1 step=79700 train_loss=0.5968
epoch=1 step=79750 train_loss=0.5908
epoch=1 step=79800 train_loss=0.6157
epoch=1 step=79850 train_loss=0.5682
epoch=1 step=79900 train_loss=0.5970
epoch=1 step=79950 train_loss=0.5908
epoch=1 step=80000 train_loss=0.5540
[eval] step=80000 train=0.5806 val=0.5926
epoch=1 step=80050 train_loss=0.6059
epoch=1 step=80100 train_loss=0.5490
epoch=1 step=80150 train_loss=0.5988
epoch=1 step=80200 train_loss=0.5821
epoch=1 step=80250 train_loss=0.5878
epoch=1 step=80300 train_loss=0.5405
epoch=1 step=80350 train_loss=0.6021
epoch=1 step=80400 train_loss=0.5977
epoch=1 step=80450 train_loss=0.6048
epoch=1 step=80500 train_loss=0.6128
[eval] step=80500 train=0.5729 val=0.5909
epoch=1 step=80550 train_loss=0.6151
epoch=1 step=80600 train_loss=0.6145
epoch=1 step=80650 train_loss=0.6279
epoch=1 step=80700 train_loss=0.5845
epoch=1 step=80750 train_loss=0.5721
epoch=1 step=80800 train_loss=0.5443
epoch=1 step=80850 train_loss=0.5912
epoch=1 step=80900 train_loss=0.5670
epoch=1 step=80950 train_loss=0.6116
epoch=1 step=81000 train_loss=0.5409
[eval] step=81000 train=0.5669 val=0.5889
epoch=1 step=81050 train_loss=0.5990
epoch=1 step=81100 train_loss=0.5738
epoch=1 step=81150 train_loss=0.6166
epoch=1 step=81200 train_loss=0.5774
epoch=1 step=81250 train_loss=0.6041
epoch=1 step=81300 train_loss=0.5676
epoch=1 step=81350 train_loss=0.5861
epoch=1 step=81400 train_loss=0.5170
epoch=1 step=81450 train_loss=0.5587
epoch=1 step=81500 train_loss=0.5978
[eval] step=81500 train=0.5742 val=0.5957
epoch=1 step=81550 train_loss=0.5837
epoch=1 step=81600 train_loss=0.5506
epoch=1 step=81650 train_loss=0.6253
epoch=1 step=81700 train_loss=0.6016
epoch=1 step=81750 train_loss=0.5833
epoch=1 step=81800 train_loss=0.5623
epoch=1 step=81850 train_loss=0.5743
epoch=1 step=81900 train_loss=0.5458
epoch=1 step=81950 train_loss=0.5858
epoch=1 step=82000 train_loss=0.5780
[eval] step=82000 train=0.5804 val=0.5901
epoch=1 step=82050 train_loss=0.5736
epoch=1 step=82100 train_loss=0.5787
epoch=1 step=82150 train_loss=0.6013
epoch=1 step=82200 train_loss=0.5691
epoch=1 step=82250 train_loss=0.5729
epoch=1 step=82300 train_loss=0.5424
epoch=1 step=82350 train_loss=0.5683
epoch=1 step=82400 train_loss=0.5916
epoch=1 step=82450 train_loss=0.5954
epoch=1 step=82500 train_loss=0.5352
[eval] step=82500 train=0.5890 val=0.5957
epoch=1 step=82550 train_loss=0.5747
epoch=1 step=82600 train_loss=0.5385
epoch=1 step=82650 train_loss=0.5750
epoch=1 step=82700 train_loss=0.6225
epoch=1 step=82750 train_loss=0.6230
epoch=1 step=82800 train_loss=0.5421
epoch=1 step=82850 train_loss=0.6020
epoch=1 step=82900 train_loss=0.6189
epoch=1 step=82950 train_loss=0.6113
epoch=1 step=83000 train_loss=0.5737
[eval] step=83000 train=0.5811 val=0.5937
epoch=1 step=83050 train_loss=0.5689
epoch=1 step=83100 train_loss=0.5754
epoch=1 step=83150 train_loss=0.5544
epoch=1 step=83200 train_loss=0.5542
epoch=1 step=83250 train_loss=0.5792
epoch=1 step=83300 train_loss=0.5879
epoch=1 step=83350 train_loss=0.5760
epoch=1 step=83400 train_loss=0.5978
epoch=1 step=83450 train_loss=0.5359
epoch=1 step=83500 train_loss=0.6418
[eval] step=83500 train=0.5697 val=0.5889
epoch=1 step=83550 train_loss=0.5724
epoch=1 step=83600 train_loss=0.6218
epoch=1 step=83650 train_loss=0.5273
epoch=1 step=83700 train_loss=0.6294
epoch=1 step=83750 train_loss=0.6109
epoch=1 step=83800 train_loss=0.5427
epoch=1 step=83850 train_loss=0.5852
epoch=1 step=83900 train_loss=0.5744
epoch=1 step=83950 train_loss=0.6417
epoch=1 step=84000 train_loss=0.5942
[eval] step=84000 train=0.5611 val=0.5939
epoch=1 step=84050 train_loss=0.5367
epoch=1 step=84100 train_loss=0.5972
epoch=1 step=84150 train_loss=0.5615
epoch=1 step=84200 train_loss=0.5716
epoch=1 step=84250 train_loss=0.5211
epoch=1 step=84300 train_loss=0.5650
epoch=1 step=84350 train_loss=0.5697
epoch=1 step=84400 train_loss=0.5963
epoch=1 step=84450 train_loss=0.5555
epoch=1 step=84500 train_loss=0.6158
[eval] step=84500 train=0.5717 val=0.5937
epoch=1 step=84550 train_loss=0.5537
epoch=1 step=84600 train_loss=0.5910
epoch=1 step=84650 train_loss=0.5091
epoch=1 step=84700 train_loss=0.6122
epoch=1 step=84750 train_loss=0.5599
epoch=1 step=84800 train_loss=0.5868
epoch=1 step=84850 train_loss=0.6204
epoch=1 step=84900 train_loss=0.5390
epoch=1 step=84950 train_loss=0.6142
epoch=1 step=85000 train_loss=0.5854
[eval] step=85000 train=0.5784 val=0.5874
epoch=1 step=85050 train_loss=0.5813
epoch=1 step=85100 train_loss=0.5550
epoch=1 step=85150 train_loss=0.5658
epoch=1 step=85200 train_loss=0.5598
epoch=1 step=85250 train_loss=0.5452
epoch=1 step=85300 train_loss=0.6012
epoch=1 step=85350 train_loss=0.5699
epoch=1 step=85400 train_loss=0.5855
epoch=1 step=85450 train_loss=0.6314
epoch=1 step=85500 train_loss=0.5821
[eval] step=85500 train=0.5759 val=0.6387
epoch=1 step=85550 train_loss=0.5492
epoch=1 step=85600 train_loss=0.5964
epoch=1 step=85650 train_loss=0.6166
epoch=1 step=85700 train_loss=0.5489
epoch=1 step=85750 train_loss=0.5721
epoch=1 step=85800 train_loss=0.6093
epoch=1 step=85850 train_loss=0.5702
epoch=1 step=85900 train_loss=0.5839
epoch=1 step=85950 train_loss=0.5486
epoch=1 step=86000 train_loss=0.5390
[eval] step=86000 train=0.5742 val=0.5924
epoch=1 step=86050 train_loss=0.5966
epoch=1 step=86100 train_loss=0.6047
epoch=1 step=86150 train_loss=0.5712
epoch=1 step=86200 train_loss=0.5528
epoch=1 step=86250 train_loss=0.5940
epoch=1 step=86300 train_loss=0.5764
epoch=1 step=86350 train_loss=0.5692
epoch=1 step=86400 train_loss=0.5993
epoch=1 step=86450 train_loss=0.6281
epoch=1 step=86500 train_loss=0.5853
[eval] step=86500 train=0.5708 val=0.5889
epoch=1 step=86550 train_loss=0.6014
epoch=1 step=86600 train_loss=0.6032
epoch=1 step=86650 train_loss=0.6117
epoch=1 step=86700 train_loss=0.5750
epoch=1 step=86750 train_loss=0.5608
epoch=1 step=86800 train_loss=0.5555
epoch=1 step=86850 train_loss=0.6339
epoch=1 step=86900 train_loss=0.5409
epoch=1 step=86950 train_loss=0.5062
epoch=1 step=87000 train_loss=0.5527
[eval] step=87000 train=0.5755 val=0.5892
epoch=1 step=87050 train_loss=0.5502
epoch=1 step=87100 train_loss=0.5604
epoch=1 step=87150 train_loss=0.6063
epoch=1 step=87200 train_loss=0.5685
epoch=1 step=87250 train_loss=0.5803
epoch=1 step=87300 train_loss=0.5931
epoch=1 step=87350 train_loss=0.6187
epoch=1 step=87400 train_loss=0.5868
epoch=1 step=87450 train_loss=0.5621
epoch=1 step=87500 train_loss=0.5969
[eval] step=87500 train=0.5739 val=0.5859
epoch=1 step=87550 train_loss=0.6339
epoch=1 step=87600 train_loss=0.5948
epoch=1 step=87650 train_loss=0.5930
epoch=1 step=87700 train_loss=0.5532
epoch=1 step=87750 train_loss=0.5236
epoch=1 step=87800 train_loss=0.5807
epoch=1 step=87850 train_loss=0.5985
epoch=1 step=87900 train_loss=0.5382
epoch=1 step=87950 train_loss=0.6082
epoch=1 step=88000 train_loss=0.5749
[eval] step=88000 train=0.5698 val=0.5907
epoch=1 step=88050 train_loss=0.6057
epoch=1 step=88100 train_loss=0.5653
epoch=1 step=88150 train_loss=0.6136
epoch=1 step=88200 train_loss=0.6013
epoch=1 step=88250 train_loss=0.5784
epoch=1 step=88300 train_loss=0.5635
epoch=1 step=88350 train_loss=0.5396
epoch=1 step=88400 train_loss=0.5503
epoch=1 step=88450 train_loss=0.5786
epoch=1 step=88500 train_loss=0.6681
[eval] step=88500 train=0.5670 val=0.5971
epoch=1 step=88550 train_loss=0.5953
epoch=1 step=88600 train_loss=0.5602
epoch=1 step=88650 train_loss=0.5792
epoch=1 step=88700 train_loss=0.5716
epoch=1 step=88750 train_loss=0.5854
epoch=1 step=88800 train_loss=0.6739
epoch=1 step=88850 train_loss=0.5715
epoch=1 step=88900 train_loss=0.5885
epoch=1 step=88950 train_loss=0.6167
epoch=1 step=89000 train_loss=0.5698
[eval] step=89000 train=0.5726 val=0.5899
epoch=1 step=89050 train_loss=0.5663
epoch=1 step=89100 train_loss=0.6318
epoch=1 step=89150 train_loss=0.5810
epoch=1 step=89200 train_loss=0.5507
epoch=1 step=89250 train_loss=0.6172
epoch=1 step=89300 train_loss=0.6441
epoch=1 step=89350 train_loss=0.5839
epoch=1 step=89400 train_loss=0.5919
epoch=1 step=89450 train_loss=0.6001
epoch=1 step=89500 train_loss=0.5530
[eval] step=89500 train=0.5746 val=0.5958
epoch=1 step=89550 train_loss=0.5728
epoch=1 step=89600 train_loss=0.5654
epoch=1 step=89650 train_loss=0.5978
epoch=1 step=89700 train_loss=0.5747
epoch=1 step=89750 train_loss=0.5837
epoch=1 step=89800 train_loss=0.5746
epoch=1 step=89850 train_loss=0.5957
epoch=1 step=89900 train_loss=0.6100
epoch=1 step=89950 train_loss=0.5866
epoch=1 step=90000 train_loss=0.5730
[eval] step=90000 train=0.5758 val=0.5896
epoch=1 step=90050 train_loss=0.5916
epoch=1 step=90100 train_loss=0.5868
epoch=1 step=90150 train_loss=0.6063
epoch=1 step=90200 train_loss=0.5776
epoch=1 step=90250 train_loss=0.5793
epoch=1 step=90300 train_loss=0.5636
epoch=1 step=90350 train_loss=0.5954
epoch=1 step=90400 train_loss=0.5700
epoch=1 step=90450 train_loss=0.6365
epoch=1 step=90500 train_loss=0.5781
[eval] step=90500 train=0.5734 val=0.5897
epoch=1 step=90550 train_loss=0.5770
epoch=1 step=90600 train_loss=0.5584
epoch=1 step=90650 train_loss=0.5557
epoch=1 step=90700 train_loss=0.5507
epoch=1 step=90750 train_loss=0.6213
epoch=1 step=90800 train_loss=0.5722
epoch=1 step=90850 train_loss=0.6235
epoch=1 step=90900 train_loss=0.5743
epoch=1 step=90950 train_loss=0.5854
epoch=1 step=91000 train_loss=0.5616
[eval] step=91000 train=0.5580 val=0.5908
epoch=1 step=91050 train_loss=0.5718
epoch=1 step=91100 train_loss=0.6147
epoch=1 step=91150 train_loss=0.6079
epoch=1 step=91200 train_loss=0.5982
epoch=1 step=91250 train_loss=0.5780
epoch=1 step=91300 train_loss=0.5889
epoch=1 step=91350 train_loss=0.5427
epoch=1 step=91400 train_loss=0.5871
epoch=1 step=91450 train_loss=0.6253
epoch=1 step=91500 train_loss=0.6013
[eval] step=91500 train=0.5752 val=0.5897
epoch=1 step=91550 train_loss=0.5611
epoch=1 step=91600 train_loss=0.6666
epoch=1 step=91650 train_loss=0.6149
epoch=1 step=91700 train_loss=0.6233
epoch=1 step=91750 train_loss=0.5330
epoch=1 step=91800 train_loss=0.5374
epoch=1 step=91850 train_loss=0.5971
epoch=1 step=91900 train_loss=0.5579
epoch=1 step=91950 train_loss=0.5339
epoch=1 step=92000 train_loss=0.6104
[eval] step=92000 train=0.5707 val=0.5905
epoch=1 step=92050 train_loss=0.5855
epoch=1 step=92100 train_loss=0.6049
epoch=1 step=92150 train_loss=0.5786
epoch=1 step=92200 train_loss=0.5822
epoch=1 step=92250 train_loss=0.5881
epoch=1 step=92300 train_loss=0.5962
epoch=1 step=92350 train_loss=0.5906
epoch=1 step=92400 train_loss=0.6061
epoch=1 step=92450 train_loss=0.5805
epoch=1 step=92500 train_loss=0.5817
[eval] step=92500 train=0.5695 val=0.5866
epoch=1 step=92550 train_loss=0.6116
epoch=1 step=92600 train_loss=0.5647
epoch=1 step=92650 train_loss=0.5847
epoch=1 step=92700 train_loss=0.5995
epoch=1 step=92750 train_loss=0.6102
epoch=1 step=92800 train_loss=0.6321
epoch=1 step=92850 train_loss=0.5837
epoch=1 step=92900 train_loss=0.5780
epoch=1 step=92950 train_loss=0.5545
epoch=1 step=93000 train_loss=0.6308
[eval] step=93000 train=0.5706 val=0.5939
epoch=1 step=93050 train_loss=0.5451
epoch=1 step=93100 train_loss=0.5914
epoch=1 step=93150 train_loss=0.5838
epoch=1 step=93200 train_loss=0.5814
epoch=1 step=93250 train_loss=0.5673
epoch=1 step=93300 train_loss=0.5755
epoch=1 step=93350 train_loss=0.5806
epoch=1 step=93400 train_loss=0.5721
epoch=1 step=93450 train_loss=0.5855
epoch=1 step=93500 train_loss=0.5786
[eval] step=93500 train=0.5734 val=0.5934
epoch=1 step=93550 train_loss=0.5562
epoch=1 step=93600 train_loss=0.6302
epoch=1 step=93650 train_loss=0.6155
epoch=1 step=93700 train_loss=0.5796
epoch=1 step=93750 train_loss=0.5676
epoch=1 step=93800 train_loss=0.6371
epoch=1 step=93850 train_loss=0.5633
epoch=1 step=93900 train_loss=0.6155
epoch=1 step=93950 train_loss=0.5688
epoch=1 step=94000 train_loss=0.5761
[eval] step=94000 train=0.5795 val=0.5891
epoch=1 step=94050 train_loss=0.5825
epoch=1 step=94100 train_loss=0.5763
epoch=1 step=94150 train_loss=0.6251
epoch=1 step=94200 train_loss=0.5800
epoch=1 step=94250 train_loss=0.5873
epoch=1 step=94300 train_loss=0.5542
epoch=1 step=94350 train_loss=0.5797
epoch=1 step=94400 train_loss=0.5647
epoch=1 step=94450 train_loss=0.5892
epoch=1 step=94500 train_loss=0.6111
[eval] step=94500 train=0.5707 val=0.5940
epoch=1 step=94550 train_loss=0.5911
epoch=1 step=94600 train_loss=0.5728
epoch=1 step=94650 train_loss=0.5115
epoch=1 step=94700 train_loss=0.6344
epoch=1 step=94750 train_loss=0.5697
epoch=1 step=94800 train_loss=0.5088
epoch=1 step=94850 train_loss=0.6140
epoch=1 step=94900 train_loss=0.6347
epoch=1 step=94950 train_loss=0.6084
epoch=1 step=95000 train_loss=0.5896
[eval] step=95000 train=0.5765 val=0.5912
epoch=1 step=95050 train_loss=0.5719
epoch=1 step=95100 train_loss=0.5884
epoch=1 step=95150 train_loss=0.5800
epoch=1 step=95200 train_loss=0.6069
epoch=1 step=95250 train_loss=0.6089
epoch=1 step=95300 train_loss=0.6502
epoch=1 step=95350 train_loss=0.5969
epoch=1 step=95400 train_loss=0.5439
epoch=1 step=95450 train_loss=0.5876
epoch=1 step=95500 train_loss=0.5566
[eval] step=95500 train=0.5537 val=0.5961
epoch=1 step=95550 train_loss=0.5786
epoch=1 step=95600 train_loss=0.5495
epoch=1 step=95650 train_loss=0.5439
epoch=1 step=95700 train_loss=0.5930
epoch=1 step=95750 train_loss=0.6112
epoch=1 step=95800 train_loss=0.5566
epoch=1 step=95850 train_loss=0.5607
epoch=1 step=95900 train_loss=0.5997
epoch=1 step=95950 train_loss=0.5328
epoch=1 step=96000 train_loss=0.5582
[eval] step=96000 train=0.5776 val=0.5873
epoch=1 step=96050 train_loss=0.6012
epoch=1 step=96100 train_loss=0.5808
epoch=1 step=96150 train_loss=0.5670
epoch=1 step=96200 train_loss=0.5659
epoch=1 step=96250 train_loss=0.5930
epoch=1 step=96300 train_loss=0.6049
epoch=1 step=96350 train_loss=0.6563
epoch=1 step=96400 train_loss=0.6023
epoch=1 step=96450 train_loss=0.6336
epoch=1 step=96500 train_loss=0.5577
[eval] step=96500 train=0.5736 val=0.5901
epoch=1 step=96550 train_loss=0.5869
epoch=1 step=96600 train_loss=0.5214
epoch=1 step=96650 train_loss=0.5272
epoch=1 step=96700 train_loss=0.6054
epoch=1 step=96750 train_loss=0.6013
epoch=1 step=96800 train_loss=0.5895
epoch=1 step=96850 train_loss=0.6029
epoch=1 step=96900 train_loss=0.5822
epoch=1 step=96950 train_loss=0.5752
epoch=1 step=97000 train_loss=0.6016
[eval] step=97000 train=0.5679 val=0.5917
epoch=1 step=97050 train_loss=0.5667
epoch=1 step=97100 train_loss=0.6294
epoch=1 step=97150 train_loss=0.5709
epoch=1 step=97200 train_loss=0.5867
epoch=1 step=97250 train_loss=0.5567
epoch=1 step=97300 train_loss=0.5778
epoch=1 step=97350 train_loss=0.5970
epoch=1 step=97400 train_loss=0.5721
epoch=1 step=97450 train_loss=0.5841
epoch=1 step=97500 train_loss=0.6022
[eval] step=97500 train=0.5728 val=0.5923
epoch=1 step=97550 train_loss=0.5630
epoch=1 step=97600 train_loss=0.6092
epoch=1 step=97650 train_loss=0.5909
epoch=1 step=97700 train_loss=0.5788
epoch=1 step=97750 train_loss=0.6173
epoch=1 step=97800 train_loss=0.5816
epoch=1 step=97850 train_loss=0.5828
epoch=1 step=97900 train_loss=0.5899
epoch=1 step=97950 train_loss=0.5546
epoch=1 step=98000 train_loss=0.5808
[eval] step=98000 train=0.5728 val=0.5889
epoch=1 step=98050 train_loss=0.5827
epoch=1 step=98100 train_loss=0.6215
epoch=1 step=98150 train_loss=0.5695
epoch=1 step=98200 train_loss=0.5924
epoch=1 step=98250 train_loss=0.6052
epoch=1 step=98300 train_loss=0.5925
epoch=1 step=98350 train_loss=0.5813
epoch=1 step=98400 train_loss=0.5941
epoch=1 step=98450 train_loss=0.5693
epoch=1 step=98500 train_loss=0.5570
[eval] step=98500 train=0.5659 val=0.5894
epoch=1 step=98550 train_loss=0.5525
epoch=1 step=98600 train_loss=0.5875
epoch=1 step=98650 train_loss=0.5658
epoch=1 step=98700 train_loss=0.6423
epoch=1 step=98750 train_loss=0.5973
epoch=1 step=98800 train_loss=0.5791
epoch=1 step=98850 train_loss=0.6290
epoch=1 step=98900 train_loss=0.5875
epoch=1 step=98950 train_loss=0.6207
epoch=1 step=99000 train_loss=0.6064
[eval] step=99000 train=0.5674 val=0.5889
epoch=1 step=99050 train_loss=0.6108
epoch=1 step=99100 train_loss=0.5382
epoch=1 step=99150 train_loss=0.5869
epoch=1 step=99200 train_loss=0.5720
epoch=1 step=99250 train_loss=0.5485
epoch=1 step=99300 train_loss=0.6303
epoch=1 step=99350 train_loss=0.6212
epoch=1 step=99400 train_loss=0.5493
epoch=1 step=99450 train_loss=0.5500
epoch=1 step=99500 train_loss=0.5822
[eval] step=99500 train=0.5863 val=0.5905
epoch=1 step=99550 train_loss=0.6242
epoch=1 step=99600 train_loss=0.6210
epoch=1 step=99650 train_loss=0.6058
epoch=1 step=99700 train_loss=0.5523
epoch=1 step=99750 train_loss=0.5823
epoch=1 step=99800 train_loss=0.5126
epoch=1 step=99850 train_loss=0.5684
epoch=1 step=99900 train_loss=0.5314
epoch=1 step=99950 train_loss=0.5707
epoch=1 step=100000 train_loss=0.5920
[eval] step=100000 train=0.5752 val=0.5974
epoch=1 step=100050 train_loss=0.6018
epoch=1 step=100100 train_loss=0.5814
epoch=1 step=100150 train_loss=0.6307
epoch=1 step=100200 train_loss=0.5505
epoch=1 step=100250 train_loss=0.5778
epoch=1 step=100300 train_loss=0.5886
epoch=1 step=100350 train_loss=0.5849
epoch=1 step=100400 train_loss=0.5679
epoch=1 step=100450 train_loss=0.5799
epoch=1 step=100500 train_loss=0.5915
[eval] step=100500 train=0.5761 val=0.5873
epoch=1 step=100550 train_loss=0.5759
epoch=1 step=100600 train_loss=0.5746
epoch=1 step=100650 train_loss=0.5579
epoch=1 step=100700 train_loss=0.5961
epoch=1 step=100750 train_loss=0.5627
epoch=1 step=100800 train_loss=0.6055
epoch=1 step=100850 train_loss=0.5574
epoch=1 step=100900 train_loss=0.6189
epoch=1 step=100950 train_loss=0.6001
epoch=1 step=101000 train_loss=0.5627
[eval] step=101000 train=0.5778 val=0.5907
epoch=1 step=101050 train_loss=0.5883
epoch=1 step=101100 train_loss=0.5917
epoch=1 step=101150 train_loss=0.5449
epoch=1 step=101200 train_loss=0.5507
epoch=1 step=101250 train_loss=0.5687
epoch=1 step=101300 train_loss=0.5610
epoch=1 step=101350 train_loss=0.5834
epoch=1 step=101400 train_loss=0.5606
epoch=1 step=101450 train_loss=0.5801
epoch=1 step=101500 train_loss=0.5440
[eval] step=101500 train=0.5608 val=0.5941
epoch=1 step=101550 train_loss=0.6073
epoch=1 step=101600 train_loss=0.5468
epoch=1 step=101650 train_loss=0.5679
epoch=1 step=101700 train_loss=0.5823
epoch=1 step=101750 train_loss=0.5777
epoch=1 step=101800 train_loss=0.5630
epoch=1 step=101850 train_loss=0.5563
epoch=1 step=101900 train_loss=0.5764
epoch=1 step=101950 train_loss=0.6113
epoch=1 step=102000 train_loss=0.5732
[eval] step=102000 train=0.5830 val=0.5884
epoch=1 step=102050 train_loss=0.5406
epoch=1 step=102100 train_loss=0.6461
epoch=1 step=102150 train_loss=0.5915
epoch=1 step=102200 train_loss=0.5693
epoch=1 step=102250 train_loss=0.5755
epoch=1 step=102300 train_loss=0.6254
epoch=1 step=102350 train_loss=0.5866
epoch=1 step=102400 train_loss=0.5495
epoch=1 step=102450 train_loss=0.5609
epoch=1 step=102500 train_loss=0.6093
[eval] step=102500 train=0.5679 val=0.5884
epoch=1 step=102550 train_loss=0.6167
epoch=1 step=102600 train_loss=0.5904
epoch=1 step=102650 train_loss=0.6031
epoch=1 step=102700 train_loss=0.5927
epoch=1 step=102750 train_loss=0.5734
epoch=1 step=102800 train_loss=0.5920
epoch=1 step=102850 train_loss=0.5269
epoch=1 step=102900 train_loss=0.5979
epoch=1 step=102950 train_loss=0.5317
epoch=1 step=103000 train_loss=0.5275
[eval] step=103000 train=0.5812 val=0.5923
epoch=1 step=103050 train_loss=0.5520
epoch=1 step=103100 train_loss=0.6402
epoch=1 step=103150 train_loss=0.6605
epoch=1 step=103200 train_loss=0.6131
epoch=1 step=103250 train_loss=0.5932
epoch=1 step=103300 train_loss=0.5456
epoch=1 step=103350 train_loss=0.5619
epoch=1 step=103400 train_loss=0.5875
epoch=1 step=103450 train_loss=0.5608
epoch=1 step=103500 train_loss=0.5820
[eval] step=103500 train=0.5707 val=0.5892
epoch=1 step=103550 train_loss=0.6058
epoch=1 step=103600 train_loss=0.5554
epoch=1 step=103650 train_loss=0.5598
epoch=1 step=103700 train_loss=0.5672
epoch=1 step=103750 train_loss=0.5858
epoch=1 step=103800 train_loss=0.5715
epoch=1 step=103850 train_loss=0.5357
epoch=1 step=103900 train_loss=0.6167
epoch=1 step=103950 train_loss=0.5882
epoch=1 step=104000 train_loss=0.6276
[eval] step=104000 train=0.5701 val=0.5872
epoch=1 step=104050 train_loss=0.5386
epoch=1 step=104100 train_loss=0.5724
epoch=1 step=104150 train_loss=0.5766
epoch=1 step=104200 train_loss=0.6150
epoch=1 step=104250 train_loss=0.6084
epoch=1 step=104300 train_loss=0.5938
epoch=1 step=104350 train_loss=0.5745
epoch=1 step=104400 train_loss=0.5905
epoch=1 step=104450 train_loss=0.6119
epoch=1 step=104500 train_loss=0.6808
[eval] step=104500 train=0.5620 val=0.5888
epoch=1 step=104550 train_loss=0.5349
epoch=1 step=104600 train_loss=0.5380
epoch=1 step=104650 train_loss=0.5691
epoch=1 step=104700 train_loss=0.5883
epoch=1 step=104750 train_loss=0.5784
epoch=1 step=104800 train_loss=0.5528
epoch=1 step=104850 train_loss=0.5549
epoch=1 step=104900 train_loss=0.6084
epoch=1 step=104950 train_loss=0.5680
epoch=1 step=105000 train_loss=0.5864
[eval] step=105000 train=0.5698 val=0.5965
epoch=1 step=105050 train_loss=0.6256
epoch=1 step=105100 train_loss=0.5683
epoch=1 step=105150 train_loss=0.6155
epoch=1 step=105200 train_loss=0.5320
epoch=1 step=105250 train_loss=0.5526
epoch=1 step=105300 train_loss=0.5151
epoch=1 step=105350 train_loss=0.6234
epoch=1 step=105400 train_loss=0.5710
epoch=1 step=105450 train_loss=0.5860
epoch=1 step=105500 train_loss=0.5734
[eval] step=105500 train=0.5687 val=0.5906
epoch=1 step=105550 train_loss=0.5767
epoch=1 step=105600 train_loss=0.6186
epoch=1 step=105650 train_loss=0.6125
epoch=1 step=105700 train_loss=0.6377
epoch=1 step=105750 train_loss=0.5885
epoch=1 step=105800 train_loss=0.5506
epoch=1 step=105850 train_loss=0.6239
epoch=1 step=105900 train_loss=0.5815
epoch=1 step=105950 train_loss=0.5813
epoch=1 step=106000 train_loss=0.6028
[eval] step=106000 train=0.5826 val=0.5923
epoch=1 step=106050 train_loss=0.5923
epoch=1 step=106100 train_loss=0.5641
epoch=1 step=106150 train_loss=0.5536
epoch=1 step=106200 train_loss=0.5728
epoch=1 step=106250 train_loss=0.5854
epoch=1 step=106300 train_loss=0.5818
epoch=1 step=106350 train_loss=0.5468
epoch=1 step=106400 train_loss=0.5727
epoch=1 step=106450 train_loss=0.5951
epoch=1 step=106500 train_loss=0.5738
[eval] step=106500 train=0.5680 val=0.5998
epoch=1 step=106550 train_loss=0.5956
epoch=1 step=106600 train_loss=0.5729
epoch=1 step=106650 train_loss=0.6826
epoch=1 step=106700 train_loss=0.6251
epoch=1 step=106750 train_loss=0.5532
epoch=1 step=106800 train_loss=0.5781
epoch=1 step=106850 train_loss=0.5806
epoch=1 step=106900 train_loss=0.6033
epoch=1 step=106950 train_loss=0.6076
epoch=1 step=107000 train_loss=0.6131
[eval] step=107000 train=0.5656 val=0.5988
epoch=1 step=107050 train_loss=0.5814
epoch=1 step=107100 train_loss=0.6148
epoch=1 step=107150 train_loss=0.6161
epoch=1 step=107200 train_loss=0.6229
epoch=1 step=107250 train_loss=0.5960
epoch=1 step=107300 train_loss=0.5830
epoch=1 step=107350 train_loss=0.5979
epoch=1 step=107400 train_loss=0.5680
epoch=1 step=107450 train_loss=0.6109
epoch=1 step=107500 train_loss=0.5963
[eval] step=107500 train=0.5697 val=0.5829
saved best checkpoint to out-battery/best_ckpt.pt
epoch=1 step=107550 train_loss=0.6082
epoch=1 step=107600 train_loss=0.6022
epoch=1 step=107650 train_loss=0.5791
epoch=1 step=107700 train_loss=0.6160
epoch=1 step=107750 train_loss=0.5880
epoch=1 step=107800 train_loss=0.5747
epoch=1 step=107850 train_loss=0.5855
epoch=1 step=107900 train_loss=0.5535
epoch=1 step=107950 train_loss=0.5897
epoch=1 step=108000 train_loss=0.5892
[eval] step=108000 train=0.5779 val=0.5889
epoch=1 step=108050 train_loss=0.5478
epoch=1 step=108100 train_loss=0.5297
epoch=1 step=108150 train_loss=0.5749
epoch=1 step=108200 train_loss=0.6031
epoch=1 step=108250 train_loss=0.6236
epoch=1 step=108300 train_loss=0.6202
epoch=1 step=108350 train_loss=0.6052
epoch=1 step=108400 train_loss=0.5655
epoch=1 step=108450 train_loss=0.5453
epoch=1 step=108500 train_loss=0.6134
[eval] step=108500 train=0.5782 val=0.5917
epoch=1 step=108550 train_loss=0.5582
epoch=1 step=108600 train_loss=0.6199
epoch=1 step=108650 train_loss=0.6382
epoch=1 step=108700 train_loss=0.5802
epoch=1 step=108750 train_loss=0.5753
epoch=1 step=108800 train_loss=0.6196
epoch=1 step=108850 train_loss=0.6199
epoch=1 step=108900 train_loss=0.5902
epoch=1 step=108950 train_loss=0.6050
epoch=1 step=109000 train_loss=0.5527
[eval] step=109000 train=0.5756 val=0.5922
epoch=1 step=109050 train_loss=0.6002
epoch=1 step=109100 train_loss=0.5675
epoch=1 step=109150 train_loss=0.5819
epoch=1 step=109200 train_loss=0.5418
epoch=1 step=109250 train_loss=0.5801
epoch=1 step=109300 train_loss=0.5634
epoch=1 step=109350 train_loss=0.5820
epoch=1 step=109400 train_loss=0.5447
epoch=1 step=109450 train_loss=0.5766
epoch=1 step=109500 train_loss=0.5759
[eval] step=109500 train=0.5631 val=0.5964
epoch=1 step=109550 train_loss=0.5597
epoch=1 step=109600 train_loss=0.5875
epoch=1 step=109650 train_loss=0.5740
epoch=1 step=109700 train_loss=0.5780
epoch=1 step=109750 train_loss=0.5937
epoch=1 step=109800 train_loss=0.5850
epoch=1 step=109850 train_loss=0.6175
epoch=1 step=109900 train_loss=0.5653
epoch=1 step=109950 train_loss=0.5546
epoch=1 step=110000 train_loss=0.5654
[eval] step=110000 train=0.5703 val=0.5875
epoch=1 step=110050 train_loss=0.5295
epoch=1 step=110100 train_loss=0.5859
epoch=1 step=110150 train_loss=0.5946
epoch=1 step=110200 train_loss=0.5756
epoch=1 step=110250 train_loss=0.6297
epoch=1 step=110300 train_loss=0.5734
epoch=1 step=110350 train_loss=0.5522
epoch=1 step=110400 train_loss=0.5832
epoch=1 step=110450 train_loss=0.6183
epoch=1 step=110500 train_loss=0.6121
[eval] step=110500 train=0.5668 val=0.5856
epoch=1 step=110550 train_loss=0.6119
epoch=1 step=110600 train_loss=0.5822
epoch=1 step=110650 train_loss=0.5837
epoch=1 step=110700 train_loss=0.5861
epoch=1 step=110750 train_loss=0.5966
epoch=1 step=110800 train_loss=0.6023
epoch=1 step=110850 train_loss=0.5777
epoch=1 step=110900 train_loss=0.6056
epoch=1 step=110950 train_loss=0.6040
epoch=1 step=111000 train_loss=0.5935
[eval] step=111000 train=0.5689 val=0.5920
epoch=1 step=111050 train_loss=0.5835
epoch=1 step=111100 train_loss=0.5873
epoch=1 step=111150 train_loss=0.5598
epoch=1 step=111200 train_loss=0.5483
epoch=1 step=111250 train_loss=0.5910
epoch=1 step=111300 train_loss=0.5408
epoch=1 step=111350 train_loss=0.5966
epoch=1 step=111400 train_loss=0.5803
epoch=1 step=111450 train_loss=0.5772
epoch=1 step=111500 train_loss=0.5768
[eval] step=111500 train=0.5815 val=0.5843
epoch=1 step=111550 train_loss=0.6129
epoch=1 step=111600 train_loss=0.6077
epoch=1 step=111650 train_loss=0.6142
epoch=1 step=111700 train_loss=0.5950
epoch=1 step=111750 train_loss=0.5833
epoch=1 step=111800 train_loss=0.5530
epoch=1 step=111850 train_loss=0.6113
epoch=1 step=111900 train_loss=0.5712
epoch=1 step=111950 train_loss=0.5771
epoch=1 step=112000 train_loss=0.5899
[eval] step=112000 train=0.5673 val=0.5852
epoch=1 step=112050 train_loss=0.5579
epoch=1 step=112100 train_loss=0.5834
epoch=1 step=112150 train_loss=0.5822
epoch=1 step=112200 train_loss=0.5828
epoch=1 step=112250 train_loss=0.6468
epoch=1 step=112300 train_loss=0.5706
epoch=1 step=112350 train_loss=0.6150
epoch=1 step=112400 train_loss=0.5707
epoch=1 step=112450 train_loss=0.6111
epoch=1 step=112500 train_loss=0.6370
[eval] step=112500 train=0.5804 val=0.5917
epoch=1 step=112550 train_loss=0.5727
epoch=1 step=112600 train_loss=0.6329
epoch=1 step=112650 train_loss=0.5733
epoch=1 step=112700 train_loss=0.5524
epoch=1 step=112750 train_loss=0.5618
epoch=1 step=112800 train_loss=0.5616
epoch=1 step=112850 train_loss=0.5830
epoch=1 step=112900 train_loss=0.5967
epoch=1 step=112950 train_loss=0.5548
epoch=1 step=113000 train_loss=0.6029
[eval] step=113000 train=0.5646 val=0.5905
epoch=1 step=113050 train_loss=0.5092
epoch=1 step=113100 train_loss=0.5751
epoch=1 step=113150 train_loss=0.6010
epoch=1 step=113200 train_loss=0.5631
epoch=1 step=113250 train_loss=0.5990
epoch=1 step=113300 train_loss=0.5662
epoch=1 step=113350 train_loss=0.6322
epoch=1 step=113400 train_loss=0.5789
epoch=1 step=113450 train_loss=0.5573
epoch=1 step=113500 train_loss=0.6184
[eval] step=113500 train=0.5821 val=0.5886
epoch=1 step=113550 train_loss=0.5090
epoch=1 step=113600 train_loss=0.5956
epoch=1 step=113650 train_loss=0.5891
epoch=1 step=113700 train_loss=0.5498
epoch=1 step=113750 train_loss=0.6269
epoch=1 step=113800 train_loss=0.6019
epoch=1 step=113850 train_loss=0.5772
epoch=1 step=113900 train_loss=0.6219
epoch=1 step=113950 train_loss=0.5524
epoch=1 step=114000 train_loss=0.5747
[eval] step=114000 train=0.5671 val=0.5909
epoch=1 step=114050 train_loss=0.5520
epoch=1 step=114100 train_loss=0.5783
epoch=1 step=114150 train_loss=0.6027
epoch=1 step=114200 train_loss=0.5752
epoch=1 step=114250 train_loss=0.5834
epoch=1 step=114300 train_loss=0.6198
epoch=1 step=114350 train_loss=0.5557
epoch=1 step=114400 train_loss=0.5502
epoch=1 step=114450 train_loss=0.6156
epoch=1 step=114500 train_loss=0.5711
[eval] step=114500 train=0.5670 val=0.5940
epoch=1 step=114550 train_loss=0.5850
epoch=1 step=114600 train_loss=0.5763
epoch=1 step=114650 train_loss=0.5459
epoch=1 step=114700 train_loss=0.5759
epoch=1 step=114750 train_loss=0.5554
epoch=1 step=114800 train_loss=0.5708
epoch=1 step=114850 train_loss=0.5084
epoch=1 step=114900 train_loss=0.5508
epoch=1 step=114950 train_loss=0.6120
epoch=1 step=115000 train_loss=0.5799
[eval] step=115000 train=0.5662 val=0.5906
epoch=1 step=115050 train_loss=0.6108
epoch=1 step=115100 train_loss=0.6255
epoch=1 step=115150 train_loss=0.6032
epoch=1 step=115200 train_loss=0.5758
epoch=1 step=115250 train_loss=0.5836
epoch=1 step=115300 train_loss=0.5869
epoch=1 step=115350 train_loss=0.5841
epoch=1 step=115400 train_loss=0.5431
epoch=1 step=115450 train_loss=0.5916
epoch=1 step=115500 train_loss=0.5758
[eval] step=115500 train=0.5704 val=0.5862
epoch=1 step=115550 train_loss=0.5746
epoch=1 step=115600 train_loss=0.5824
epoch=1 step=115650 train_loss=0.5606
epoch=1 step=115700 train_loss=0.5784
epoch=1 step=115750 train_loss=0.6051
epoch=1 step=115800 train_loss=0.6111
epoch=1 step=115850 train_loss=0.5673
epoch=1 step=115900 train_loss=0.5785
epoch=1 step=115950 train_loss=0.5598
epoch=1 step=116000 train_loss=0.5748
[eval] step=116000 train=0.5790 val=0.5910
epoch=1 step=116050 train_loss=0.5926
epoch=1 step=116100 train_loss=0.6330
epoch=1 step=116150 train_loss=0.6262
epoch=1 step=116200 train_loss=0.6310
epoch=1 step=116250 train_loss=0.5761
epoch=1 step=116300 train_loss=0.5695
epoch=1 step=116350 train_loss=0.5660
epoch=1 step=116400 train_loss=0.5866
epoch=1 step=116450 train_loss=0.5748
epoch=1 step=116500 train_loss=0.5708
[eval] step=116500 train=0.5745 val=0.5957
epoch=1 step=116550 train_loss=0.5476
epoch=1 step=116600 train_loss=0.5675
epoch=1 step=116650 train_loss=0.5635
epoch=1 step=116700 train_loss=0.5422
epoch=1 step=116750 train_loss=0.5906
epoch=1 step=116800 train_loss=0.5731
epoch=1 step=116850 train_loss=0.5847
epoch=1 step=116900 train_loss=0.6150
epoch=1 step=116950 train_loss=0.6182
epoch=1 step=117000 train_loss=0.5603
[eval] step=117000 train=0.5717 val=0.5873
epoch=1 step=117050 train_loss=0.6034
epoch=1 step=117100 train_loss=0.6143
epoch=1 step=117150 train_loss=0.5813
epoch=1 step=117200 train_loss=0.5588
epoch=1 step=117250 train_loss=0.5672
epoch=1 step=117300 train_loss=0.5918
epoch=1 step=117350 train_loss=0.5490
epoch=1 step=117400 train_loss=0.6021
epoch=1 step=117450 train_loss=0.6216
epoch=1 step=117500 train_loss=0.5841
[eval] step=117500 train=0.5608 val=0.5936
epoch=1 step=117550 train_loss=0.5689
epoch=1 step=117600 train_loss=0.5584
epoch=1 step=117650 train_loss=0.5596
epoch=1 step=117700 train_loss=0.6081
epoch=1 step=117750 train_loss=0.5674
epoch=1 step=117800 train_loss=0.5769
epoch=1 step=117850 train_loss=0.6026
epoch=1 step=117900 train_loss=0.5738
epoch=1 step=117950 train_loss=0.6041
epoch=1 step=118000 train_loss=0.5928
[eval] step=118000 train=0.5634 val=0.5960
epoch=1 step=118050 train_loss=0.5451
epoch=1 step=118100 train_loss=0.5458
epoch=1 step=118150 train_loss=0.5746
epoch=1 step=118200 train_loss=0.6079
epoch=1 step=118250 train_loss=0.6003
epoch=1 step=118300 train_loss=0.6189
epoch=1 step=118350 train_loss=0.5884
epoch=1 step=118400 train_loss=0.6105
epoch=1 step=118450 train_loss=0.5764
epoch=1 step=118500 train_loss=0.6139
[eval] step=118500 train=0.5771 val=0.5926
epoch=1 step=118550 train_loss=0.6228
epoch=1 step=118600 train_loss=0.5843
epoch=1 step=118650 train_loss=0.5074
epoch=1 step=118700 train_loss=0.5670
epoch=1 step=118750 train_loss=0.5836
epoch=1 step=118800 train_loss=0.5652
epoch=1 step=118850 train_loss=0.5986
epoch=1 step=118900 train_loss=0.5766
epoch=1 step=118950 train_loss=0.5759
epoch=1 step=119000 train_loss=0.5940
[eval] step=119000 train=0.5725 val=0.5852
epoch=1 step=119050 train_loss=0.5469
epoch=1 step=119100 train_loss=0.5488
epoch=1 step=119150 train_loss=0.5922
epoch=1 step=119200 train_loss=0.6152
epoch=1 step=119250 train_loss=0.5519
epoch=1 step=119300 train_loss=0.6178
epoch=1 step=119350 train_loss=0.5671
epoch=1 step=119400 train_loss=0.5176
epoch=1 step=119450 train_loss=0.5727
epoch=1 step=119500 train_loss=0.5482
[eval] step=119500 train=0.5833 val=0.5903
epoch=1 step=119550 train_loss=0.6152
epoch=1 step=119600 train_loss=0.5561
epoch=1 step=119650 train_loss=0.5684
epoch=1 step=119700 train_loss=0.5580
epoch=1 step=119750 train_loss=0.5610
epoch=1 step=119800 train_loss=0.5809
epoch=1 step=119850 train_loss=0.5652
epoch=1 step=119900 train_loss=0.5521
epoch=1 step=119950 train_loss=0.5458
epoch=1 step=120000 train_loss=0.5893
[eval] step=120000 train=0.5769 val=0.5914
epoch=1 step=120050 train_loss=0.5980
epoch=1 step=120100 train_loss=0.5383
epoch=1 step=120150 train_loss=0.5480
epoch=1 step=120200 train_loss=0.5898
epoch=1 step=120250 train_loss=0.5925
epoch=1 step=120300 train_loss=0.5377
epoch=1 step=120350 train_loss=0.5591
epoch=1 step=120400 train_loss=0.5564
epoch=1 step=120450 train_loss=0.5556
epoch=1 step=120500 train_loss=0.6116
[eval] step=120500 train=0.5597 val=0.5847
epoch=1 step=120550 train_loss=0.5461
epoch=1 step=120600 train_loss=0.5686
epoch=1 step=120650 train_loss=0.5803
epoch=1 step=120700 train_loss=0.6070
epoch=1 step=120750 train_loss=0.6426
epoch=1 step=120800 train_loss=0.5058
epoch=1 step=120850 train_loss=0.5561
epoch=1 step=120900 train_loss=0.6211
epoch=1 step=120950 train_loss=0.6034
epoch=1 step=121000 train_loss=0.5004
[eval] step=121000 train=0.5749 val=0.5886
epoch=1 step=121050 train_loss=0.5787
epoch=1 step=121100 train_loss=0.5787
epoch=1 step=121150 train_loss=0.5613
epoch=1 step=121200 train_loss=0.6388
epoch=1 step=121250 train_loss=0.5862
epoch=1 step=121300 train_loss=0.5787
epoch=1 step=121350 train_loss=0.5478
epoch=1 step=121400 train_loss=0.5961
epoch=1 step=121450 train_loss=0.5695
epoch=1 step=121500 train_loss=0.5618
[eval] step=121500 train=0.5736 val=0.5904
epoch=1 step=121550 train_loss=0.5992
epoch=1 step=121600 train_loss=0.5460
epoch=1 step=121650 train_loss=0.6104
epoch=1 step=121700 train_loss=0.5525
epoch=1 step=121750 train_loss=0.5928
epoch=1 step=121800 train_loss=0.5732
epoch=1 step=121850 train_loss=0.6025
epoch=1 step=121900 train_loss=0.5873
epoch=1 step=121950 train_loss=0.5958
epoch=1 step=122000 train_loss=0.6116
[eval] step=122000 train=0.5585 val=0.5861
epoch=1 step=122050 train_loss=0.5376
epoch=1 step=122100 train_loss=0.5760
epoch=1 step=122150 train_loss=0.5392
epoch=1 step=122200 train_loss=0.6001
epoch=1 step=122250 train_loss=0.5627
epoch=1 step=122300 train_loss=0.5667
epoch=1 step=122350 train_loss=0.5887
epoch=1 step=122400 train_loss=0.5573
epoch=1 step=122450 train_loss=0.5985
epoch=1 step=122500 train_loss=0.6272
[eval] step=122500 train=0.5656 val=0.5906
epoch=1 step=122550 train_loss=0.6078
epoch=1 step=122600 train_loss=0.5900
epoch=1 step=122650 train_loss=0.5831
epoch=1 step=122700 train_loss=0.5689
epoch=1 step=122750 train_loss=0.5923
epoch=1 step=122800 train_loss=0.5299
epoch=1 step=122850 train_loss=0.5656
epoch=1 step=122900 train_loss=0.6112
epoch=1 step=122950 train_loss=0.6021
epoch=1 step=123000 train_loss=0.5539
[eval] step=123000 train=0.5717 val=0.5895
epoch=1 step=123050 train_loss=0.5449
epoch=1 step=123100 train_loss=0.5888
epoch=1 step=123150 train_loss=0.5961
epoch=1 step=123200 train_loss=0.5701
epoch=1 step=123250 train_loss=0.5942
epoch=1 step=123300 train_loss=0.5902
epoch=1 step=123350 train_loss=0.5648
epoch=1 step=123400 train_loss=0.5642
epoch=1 step=123450 train_loss=0.5812
epoch=1 step=123500 train_loss=0.5765
[eval] step=123500 train=0.5703 val=0.5843
epoch=1 step=123550 train_loss=0.5236
epoch=1 step=123600 train_loss=0.6273
epoch=1 step=123650 train_loss=0.6103
epoch=1 step=123700 train_loss=0.6022
epoch=1 step=123750 train_loss=0.6141
epoch=1 step=123800 train_loss=0.5968
epoch=1 step=123850 train_loss=0.5738
epoch=1 step=123900 train_loss=0.6031
epoch=1 step=123950 train_loss=0.5617
epoch=1 step=124000 train_loss=0.5504
[eval] step=124000 train=0.5757 val=0.5888
epoch=1 step=124050 train_loss=0.5913
epoch=1 step=124100 train_loss=0.5731
epoch=1 step=124150 train_loss=0.6147
epoch=1 step=124200 train_loss=0.5821
epoch=1 step=124250 train_loss=0.5931
epoch=1 step=124300 train_loss=0.5796
epoch=1 step=124350 train_loss=0.5928
epoch=1 step=124400 train_loss=0.6086
epoch=1 step=124450 train_loss=0.5153
epoch=1 step=124500 train_loss=0.5461
[eval] step=124500 train=0.5711 val=0.5876
epoch=1 step=124550 train_loss=0.5865
epoch=1 step=124600 train_loss=0.5969
epoch=1 step=124650 train_loss=0.5747
epoch=1 step=124700 train_loss=0.5702
epoch=1 step=124750 train_loss=0.6264
epoch=1 step=124800 train_loss=0.5838
epoch=1 step=124850 train_loss=0.5871
epoch=1 step=124900 train_loss=0.5848
epoch=1 step=124950 train_loss=0.5501
epoch=1 step=125000 train_loss=0.6216
[eval] step=125000 train=0.5723 val=0.5888
epoch=1 step=125050 train_loss=0.6128
epoch=1 step=125100 train_loss=0.5985
epoch=1 step=125150 train_loss=0.6255
epoch=1 step=125200 train_loss=0.5670
epoch=1 step=125250 train_loss=0.5898
epoch=1 step=125300 train_loss=0.5369
epoch=1 step=125350 train_loss=0.6568
epoch=1 step=125400 train_loss=0.5922
epoch=1 step=125450 train_loss=0.5680
epoch=1 step=125500 train_loss=0.5680
[eval] step=125500 train=0.5603 val=0.5913
epoch=1 step=125550 train_loss=0.5641
epoch=1 step=125600 train_loss=0.5852
epoch=1 step=125650 train_loss=0.5871
epoch=1 step=125700 train_loss=0.5833
epoch=1 step=125750 train_loss=0.5976
epoch=1 step=125800 train_loss=0.5519
epoch=1 step=125850 train_loss=0.5692
epoch=1 step=125900 train_loss=0.5992
epoch=1 step=125950 train_loss=0.6172
epoch=1 step=126000 train_loss=0.6030
[eval] step=126000 train=0.5666 val=0.5897
epoch=1 step=126050 train_loss=0.5825
epoch=1 step=126100 train_loss=0.5540
epoch=1 step=126150 train_loss=0.5201
epoch=1 step=126200 train_loss=0.5629
epoch=1 step=126250 train_loss=0.5674
epoch=1 step=126300 train_loss=0.6105
epoch=1 step=126350 train_loss=0.5200
epoch=1 step=126400 train_loss=0.5541
epoch=1 step=126450 train_loss=0.5816
epoch=1 step=126500 train_loss=0.5537
[eval] step=126500 train=0.5649 val=0.5924
epoch=1 step=126550 train_loss=0.6047
epoch=1 step=126600 train_loss=0.5856
epoch=1 step=126650 train_loss=0.6492
epoch=1 step=126700 train_loss=0.5509
epoch=1 step=126750 train_loss=0.5447
epoch=1 step=126800 train_loss=0.5818
epoch=1 step=126850 train_loss=0.5136
epoch=1 step=126900 train_loss=0.5491
epoch=2 step=126950 train_loss=0.6127
epoch=2 step=127000 train_loss=0.6244
[eval] step=127000 train=0.5737 val=0.5855
epoch=2 step=127050 train_loss=0.5684
epoch=2 step=127100 train_loss=0.5815
epoch=2 step=127150 train_loss=0.5708
epoch=2 step=127200 train_loss=0.5798
epoch=2 step=127250 train_loss=0.5442
epoch=2 step=127300 train_loss=0.5963
epoch=2 step=127350 train_loss=0.6102
epoch=2 step=127400 train_loss=0.5519
epoch=2 step=127450 train_loss=0.5738
epoch=2 step=127500 train_loss=0.5426
[eval] step=127500 train=0.5625 val=0.5889
epoch=2 step=127550 train_loss=0.5810
epoch=2 step=127600 train_loss=0.5615
epoch=2 step=127650 train_loss=0.6154
epoch=2 step=127700 train_loss=0.5673
epoch=2 step=127750 train_loss=0.5622
epoch=2 step=127800 train_loss=0.5765
epoch=2 step=127850 train_loss=0.5203
epoch=2 step=127900 train_loss=0.5973
epoch=2 step=127950 train_loss=0.5869
epoch=2 step=128000 train_loss=0.5939
[eval] step=128000 train=0.5772 val=0.5898
epoch=2 step=128050 train_loss=0.6132
epoch=2 step=128100 train_loss=0.5668
epoch=2 step=128150 train_loss=0.5761
epoch=2 step=128200 train_loss=0.5902
epoch=2 step=128250 train_loss=0.5780
epoch=2 step=128300 train_loss=0.5625
epoch=2 step=128350 train_loss=0.5333
epoch=2 step=128400 train_loss=0.5733
epoch=2 step=128450 train_loss=0.5650
epoch=2 step=128500 train_loss=0.5688
[eval] step=128500 train=0.5776 val=0.5908
epoch=2 step=128550 train_loss=0.5487
epoch=2 step=128600 train_loss=0.5865
epoch=2 step=128650 train_loss=0.5790
epoch=2 step=128700 train_loss=0.5793
epoch=2 step=128750 train_loss=0.5409
epoch=2 step=128800 train_loss=0.5829
epoch=2 step=128850 train_loss=0.5572
epoch=2 step=128900 train_loss=0.5592
epoch=2 step=128950 train_loss=0.5580
epoch=2 step=129000 train_loss=0.5786
[eval] step=129000 train=0.5733 val=0.5908
epoch=2 step=129050 train_loss=0.5301
epoch=2 step=129100 train_loss=0.5809
epoch=2 step=129150 train_loss=0.5883
epoch=2 step=129200 train_loss=0.5463
epoch=2 step=129250 train_loss=0.6030
epoch=2 step=129300 train_loss=0.5701
epoch=2 step=129350 train_loss=0.5591
epoch=2 step=129400 train_loss=0.5199
epoch=2 step=129450 train_loss=0.5525
epoch=2 step=129500 train_loss=0.5327
[eval] step=129500 train=0.5725 val=0.5914
epoch=2 step=129550 train_loss=0.6245
epoch=2 step=129600 train_loss=0.5573
epoch=2 step=129650 train_loss=0.5337
epoch=2 step=129700 train_loss=0.5543
epoch=2 step=129750 train_loss=0.5615
epoch=2 step=129800 train_loss=0.5912
epoch=2 step=129850 train_loss=0.5912
epoch=2 step=129900 train_loss=0.6300
epoch=2 step=129950 train_loss=0.6173
epoch=2 step=130000 train_loss=0.5254
[eval] step=130000 train=0.5641 val=0.5936
epoch=2 step=130050 train_loss=0.5883
epoch=2 step=130100 train_loss=0.5831
epoch=2 step=130150 train_loss=0.5695
epoch=2 step=130200 train_loss=0.5784
epoch=2 step=130250 train_loss=0.5711
epoch=2 step=130300 train_loss=0.5662
epoch=2 step=130350 train_loss=0.5684
epoch=2 step=130400 train_loss=0.5735
epoch=2 step=130450 train_loss=0.6150
epoch=2 step=130500 train_loss=0.5451
[eval] step=130500 train=0.5767 val=0.5917
epoch=2 step=130550 train_loss=0.5417
epoch=2 step=130600 train_loss=0.6184
epoch=2 step=130650 train_loss=0.6187
epoch=2 step=130700 train_loss=0.5722
epoch=2 step=130750 train_loss=0.6001
epoch=2 step=130800 train_loss=0.5456
epoch=2 step=130850 train_loss=0.5739
epoch=2 step=130900 train_loss=0.5812
epoch=2 step=130950 train_loss=0.5682
epoch=2 step=131000 train_loss=0.5483
[eval] step=131000 train=0.5678 val=0.5945
epoch=2 step=131050 train_loss=0.5751
epoch=2 step=131100 train_loss=0.5613
epoch=2 step=131150 train_loss=0.5797
epoch=2 step=131200 train_loss=0.6096
epoch=2 step=131250 train_loss=0.6244
epoch=2 step=131300 train_loss=0.6290
epoch=2 step=131350 train_loss=0.6157
epoch=2 step=131400 train_loss=0.5852
epoch=2 step=131450 train_loss=0.5846
epoch=2 step=131500 train_loss=0.5634
[eval] step=131500 train=0.5688 val=0.5939
epoch=2 step=131550 train_loss=0.5790
epoch=2 step=131600 train_loss=0.6086
epoch=2 step=131650 train_loss=0.5925
epoch=2 step=131700 train_loss=0.5704
epoch=2 step=131750 train_loss=0.5510
epoch=2 step=131800 train_loss=0.5871
epoch=2 step=131850 train_loss=0.5824
epoch=2 step=131900 train_loss=0.5417
epoch=2 step=131950 train_loss=0.5091
epoch=2 step=132000 train_loss=0.5828
[eval] step=132000 train=0.5654 val=0.5891
epoch=2 step=132050 train_loss=0.5599
epoch=2 step=132100 train_loss=0.5971
epoch=2 step=132150 train_loss=0.5602
epoch=2 step=132200 train_loss=0.5235
epoch=2 step=132250 train_loss=0.5728
epoch=2 step=132300 train_loss=0.6072
epoch=2 step=132350 train_loss=0.6486
epoch=2 step=132400 train_loss=0.6039
epoch=2 step=132450 train_loss=0.5529
epoch=2 step=132500 train_loss=0.5520
[eval] step=132500 train=0.5623 val=0.5903
epoch=2 step=132550 train_loss=0.5796
epoch=2 step=132600 train_loss=0.5907
epoch=2 step=132650 train_loss=0.5786
epoch=2 step=132700 train_loss=0.6113
epoch=2 step=132750 train_loss=0.5581
epoch=2 step=132800 train_loss=0.6070
epoch=2 step=132850 train_loss=0.5918
epoch=2 step=132900 train_loss=0.5912
epoch=2 step=132950 train_loss=0.5852
epoch=2 step=133000 train_loss=0.5432
[eval] step=133000 train=0.5667 val=0.5916
epoch=2 step=133050 train_loss=0.5941
epoch=2 step=133100 train_loss=0.6056
epoch=2 step=133150 train_loss=0.5432
epoch=2 step=133200 train_loss=0.5825
epoch=2 step=133250 train_loss=0.5289
epoch=2 step=133300 train_loss=0.5830
epoch=2 step=133350 train_loss=0.5884
epoch=2 step=133400 train_loss=0.5716
epoch=2 step=133450 train_loss=0.5580
epoch=2 step=133500 train_loss=0.5721
[eval] step=133500 train=0.5702 val=0.5916
epoch=2 step=133550 train_loss=0.6156
epoch=2 step=133600 train_loss=0.5974
epoch=2 step=133650 train_loss=0.6109
epoch=2 step=133700 train_loss=0.6063
epoch=2 step=133750 train_loss=0.6074
epoch=2 step=133800 train_loss=0.6012
epoch=2 step=133850 train_loss=0.5996
epoch=2 step=133900 train_loss=0.6097
epoch=2 step=133950 train_loss=0.5934
epoch=2 step=134000 train_loss=0.5791
[eval] step=134000 train=0.5742 val=0.5894
epoch=2 step=134050 train_loss=0.5485
epoch=2 step=134100 train_loss=0.6171
epoch=2 step=134150 train_loss=0.5792
epoch=2 step=134200 train_loss=0.5686
epoch=2 step=134250 train_loss=0.5501
epoch=2 step=134300 train_loss=0.5309
epoch=2 step=134350 train_loss=0.5932
epoch=2 step=134400 train_loss=0.5827
epoch=2 step=134450 train_loss=0.5139
epoch=2 step=134500 train_loss=0.5774
[eval] step=134500 train=0.5860 val=0.5873
epoch=2 step=134550 train_loss=0.5822
epoch=2 step=134600 train_loss=0.5783
epoch=2 step=134650 train_loss=0.5581
epoch=2 step=134700 train_loss=0.5916
epoch=2 step=134750 train_loss=0.5952
epoch=2 step=134800 train_loss=0.5381
epoch=2 step=134850 train_loss=0.5451
epoch=2 step=134900 train_loss=0.5481
epoch=2 step=134950 train_loss=0.5893
epoch=2 step=135000 train_loss=0.5311
[eval] step=135000 train=0.5751 val=0.5872
epoch=2 step=135050 train_loss=0.5685
epoch=2 step=135100 train_loss=0.5809
epoch=2 step=135150 train_loss=0.5688
epoch=2 step=135200 train_loss=0.5813
epoch=2 step=135250 train_loss=0.5818
epoch=2 step=135300 train_loss=0.6030
epoch=2 step=135350 train_loss=0.6508
epoch=2 step=135400 train_loss=0.5860
epoch=2 step=135450 train_loss=0.5716
epoch=2 step=135500 train_loss=0.5639
[eval] step=135500 train=0.5664 val=0.5849
epoch=2 step=135550 train_loss=0.5742
epoch=2 step=135600 train_loss=0.6342
epoch=2 step=135650 train_loss=0.5730
epoch=2 step=135700 train_loss=0.5629
epoch=2 step=135750 train_loss=0.5477
epoch=2 step=135800 train_loss=0.5602
epoch=2 step=135850 train_loss=0.5646
epoch=2 step=135900 train_loss=0.5277
epoch=2 step=135950 train_loss=0.5810
epoch=2 step=136000 train_loss=0.6109
[eval] step=136000 train=0.5816 val=0.5910
epoch=2 step=136050 train_loss=0.6013
epoch=2 step=136100 train_loss=0.5254
epoch=2 step=136150 train_loss=0.6009
epoch=2 step=136200 train_loss=0.5899
epoch=2 step=136250 train_loss=0.5700
epoch=2 step=136300 train_loss=0.5717
epoch=2 step=136350 train_loss=0.5684
epoch=2 step=136400 train_loss=0.5442
epoch=2 step=136450 train_loss=0.5563
epoch=2 step=136500 train_loss=0.6132
[eval] step=136500 train=0.5789 val=0.5957
epoch=2 step=136550 train_loss=0.5917
epoch=2 step=136600 train_loss=0.5777
epoch=2 step=136650 train_loss=0.5298
epoch=2 step=136700 train_loss=0.5717
epoch=2 step=136750 train_loss=0.5675
epoch=2 step=136800 train_loss=0.6194
epoch=2 step=136850 train_loss=0.6023
epoch=2 step=136900 train_loss=0.5924
epoch=2 step=136950 train_loss=0.5980
epoch=2 step=137000 train_loss=0.5950
[eval] step=137000 train=0.5786 val=0.5964
epoch=2 step=137050 train_loss=0.5519
epoch=2 step=137100 train_loss=0.5518
epoch=2 step=137150 train_loss=0.6186
epoch=2 step=137200 train_loss=0.5753
epoch=2 step=137250 train_loss=0.5794
epoch=2 step=137300 train_loss=0.5650
epoch=2 step=137350 train_loss=0.5532
epoch=2 step=137400 train_loss=0.5926
epoch=2 step=137450 train_loss=0.5981
epoch=2 step=137500 train_loss=0.5743
[eval] step=137500 train=0.5765 val=0.5930
epoch=2 step=137550 train_loss=0.5624
epoch=2 step=137600 train_loss=0.5531
epoch=2 step=137650 train_loss=0.6045
epoch=2 step=137700 train_loss=0.5551
epoch=2 step=137750 train_loss=0.5834
epoch=2 step=137800 train_loss=0.5845
epoch=2 step=137850 train_loss=0.5611
epoch=2 step=137900 train_loss=0.5958
epoch=2 step=137950 train_loss=0.5698
epoch=2 step=138000 train_loss=0.5289
[eval] step=138000 train=0.5764 val=0.5906
epoch=2 step=138050 train_loss=0.5891
epoch=2 step=138100 train_loss=0.5623
epoch=2 step=138150 train_loss=0.5726
epoch=2 step=138200 train_loss=0.5803
epoch=2 step=138250 train_loss=0.6072
epoch=2 step=138300 train_loss=0.5361
epoch=2 step=138350 train_loss=0.6536
epoch=2 step=138400 train_loss=0.5965
epoch=2 step=138450 train_loss=0.6219
epoch=2 step=138500 train_loss=0.5659
[eval] step=138500 train=0.5600 val=0.5912
epoch=2 step=138550 train_loss=0.5821
epoch=2 step=138600 train_loss=0.6280
epoch=2 step=138650 train_loss=0.5477
epoch=2 step=138700 train_loss=0.5584
epoch=2 step=138750 train_loss=0.5585
epoch=2 step=138800 train_loss=0.5466
epoch=2 step=138850 train_loss=0.5745
epoch=2 step=138900 train_loss=0.6358
epoch=2 step=138950 train_loss=0.5965
epoch=2 step=139000 train_loss=0.5849
[eval] step=139000 train=0.5657 val=0.5955
epoch=2 step=139050 train_loss=0.5656
epoch=2 step=139100 train_loss=0.5832
epoch=2 step=139150 train_loss=0.5897
epoch=2 step=139200 train_loss=0.6067
epoch=2 step=139250 train_loss=0.5653
epoch=2 step=139300 train_loss=0.5217
epoch=2 step=139350 train_loss=0.5829
epoch=2 step=139400 train_loss=0.6194
epoch=2 step=139450 train_loss=0.5874
epoch=2 step=139500 train_loss=0.5769
[eval] step=139500 train=0.5699 val=0.5925
epoch=2 step=139550 train_loss=0.5800
epoch=2 step=139600 train_loss=0.5803
epoch=2 step=139650 train_loss=0.6385
epoch=2 step=139700 train_loss=0.5532
epoch=2 step=139750 train_loss=0.5462
epoch=2 step=139800 train_loss=0.6514
epoch=2 step=139850 train_loss=0.5872
epoch=2 step=139900 train_loss=0.5911
epoch=2 step=139950 train_loss=0.5424
epoch=2 step=140000 train_loss=0.5810
[eval] step=140000 train=0.5676 val=0.5845
epoch=2 step=140050 train_loss=0.6050
epoch=2 step=140100 train_loss=0.5891
epoch=2 step=140150 train_loss=0.5901
epoch=2 step=140200 train_loss=0.5873
epoch=2 step=140250 train_loss=0.6044
epoch=2 step=140300 train_loss=0.5814
epoch=2 step=140350 train_loss=0.5921
epoch=2 step=140400 train_loss=0.5944
epoch=2 step=140450 train_loss=0.5919
epoch=2 step=140500 train_loss=0.5618
[eval] step=140500 train=0.5635 val=0.5939
epoch=2 step=140550 train_loss=0.5929
epoch=2 step=140600 train_loss=0.6088
epoch=2 step=140650 train_loss=0.5837
epoch=2 step=140700 train_loss=0.5857
epoch=2 step=140750 train_loss=0.5919
epoch=2 step=140800 train_loss=0.5930
epoch=2 step=140850 train_loss=0.5742
epoch=2 step=140900 train_loss=0.5900
epoch=2 step=140950 train_loss=0.5981
epoch=2 step=141000 train_loss=0.5674
[eval] step=141000 train=0.5649 val=0.5907
epoch=2 step=141050 train_loss=0.6110
epoch=2 step=141100 train_loss=0.5917
epoch=2 step=141150 train_loss=0.6034
epoch=2 step=141200 train_loss=0.5607
epoch=2 step=141250 train_loss=0.5785
epoch=2 step=141300 train_loss=0.5979
epoch=2 step=141350 train_loss=0.5630
epoch=2 step=141400 train_loss=0.5631
epoch=2 step=141450 train_loss=0.6075
epoch=2 step=141500 train_loss=0.5723
[eval] step=141500 train=0.5602 val=0.5951
epoch=2 step=141550 train_loss=0.5726
epoch=2 step=141600 train_loss=0.5273
epoch=2 step=141650 train_loss=0.5886
epoch=2 step=141700 train_loss=0.5947
epoch=2 step=141750 train_loss=0.5230
epoch=2 step=141800 train_loss=0.5931
epoch=2 step=141850 train_loss=0.5447
epoch=2 step=141900 train_loss=0.5539
epoch=2 step=141950 train_loss=0.6183
epoch=2 step=142000 train_loss=0.5405
[eval] step=142000 train=0.5730 val=0.5901
epoch=2 step=142050 train_loss=0.5486
epoch=2 step=142100 train_loss=0.5394
epoch=2 step=142150 train_loss=0.6249
epoch=2 step=142200 train_loss=0.5595
epoch=2 step=142250 train_loss=0.5622
epoch=2 step=142300 train_loss=0.5794
epoch=2 step=142350 train_loss=0.5801
epoch=2 step=142400 train_loss=0.5890
epoch=2 step=142450 train_loss=0.5727
epoch=2 step=142500 train_loss=0.5451
[eval] step=142500 train=0.5725 val=0.5931
epoch=2 step=142550 train_loss=0.5399
epoch=2 step=142600 train_loss=0.5802
epoch=2 step=142650 train_loss=0.5749
epoch=2 step=142700 train_loss=0.5810
epoch=2 step=142750 train_loss=0.5664
epoch=2 step=142800 train_loss=0.6114
epoch=2 step=142850 train_loss=0.5701
epoch=2 step=142900 train_loss=0.5753
epoch=2 step=142950 train_loss=0.5607
epoch=2 step=143000 train_loss=0.5732
[eval] step=143000 train=0.5759 val=0.5917
epoch=2 step=143050 train_loss=0.6162
epoch=2 step=143100 train_loss=0.5494
epoch=2 step=143150 train_loss=0.5630
epoch=2 step=143200 train_loss=0.5713
epoch=2 step=143250 train_loss=0.5791
epoch=2 step=143300 train_loss=0.5202
epoch=2 step=143350 train_loss=0.6012
epoch=2 step=143400 train_loss=0.5774
epoch=2 step=143450 train_loss=0.5330
epoch=2 step=143500 train_loss=0.5702
[eval] step=143500 train=0.5673 val=0.5895
epoch=2 step=143550 train_loss=0.5931
epoch=2 step=143600 train_loss=0.5687
epoch=2 step=143650 train_loss=0.5546
epoch=2 step=143700 train_loss=0.5663
epoch=2 step=143750 train_loss=0.5760
epoch=2 step=143800 train_loss=0.5973
epoch=2 step=143850 train_loss=0.6547
epoch=2 step=143900 train_loss=0.5688
epoch=2 step=143950 train_loss=0.5462
epoch=2 step=144000 train_loss=0.5804
[eval] step=144000 train=0.5724 val=0.5834
epoch=2 step=144050 train_loss=0.6366
epoch=2 step=144100 train_loss=0.5468
epoch=2 step=144150 train_loss=0.6413
epoch=2 step=144200 train_loss=0.5947
epoch=2 step=144250 train_loss=0.5405
epoch=2 step=144300 train_loss=0.5780
epoch=2 step=144350 train_loss=0.6060
epoch=2 step=144400 train_loss=0.6016
epoch=2 step=144450 train_loss=0.5892
epoch=2 step=144500 train_loss=0.5697
[eval] step=144500 train=0.5774 val=0.5835
epoch=2 step=144550 train_loss=0.5940
epoch=2 step=144600 train_loss=0.5736
epoch=2 step=144650 train_loss=0.5499
epoch=2 step=144700 train_loss=0.5753
epoch=2 step=144750 train_loss=0.5984
epoch=2 step=144800 train_loss=0.5645
epoch=2 step=144850 train_loss=0.5987
epoch=2 step=144900 train_loss=0.5622
epoch=2 step=144950 train_loss=0.5506
epoch=2 step=145000 train_loss=0.5888
[eval] step=145000 train=0.5662 val=0.5902
epoch=2 step=145050 train_loss=0.5598
epoch=2 step=145100 train_loss=0.6226
epoch=2 step=145150 train_loss=0.5677
epoch=2 step=145200 train_loss=0.5892
epoch=2 step=145250 train_loss=0.5748
epoch=2 step=145300 train_loss=0.5601
epoch=2 step=145350 train_loss=0.5626
epoch=2 step=145400 train_loss=0.6127
epoch=2 step=145450 train_loss=0.6081
epoch=2 step=145500 train_loss=0.5713
[eval] step=145500 train=0.5664 val=0.5875
epoch=2 step=145550 train_loss=0.5844
epoch=2 step=145600 train_loss=0.6156
epoch=2 step=145650 train_loss=0.6515
epoch=2 step=145700 train_loss=0.5910
epoch=2 step=145750 train_loss=0.6180
epoch=2 step=145800 train_loss=0.5626
epoch=2 step=145850 train_loss=0.6188
epoch=2 step=145900 train_loss=0.5220
epoch=2 step=145950 train_loss=0.5669
epoch=2 step=146000 train_loss=0.5878
[eval] step=146000 train=0.5601 val=0.5842
epoch=2 step=146050 train_loss=0.6299
epoch=2 step=146100 train_loss=0.6166
epoch=2 step=146150 train_loss=0.6008
epoch=2 step=146200 train_loss=0.5821
epoch=2 step=146250 train_loss=0.5412
epoch=2 step=146300 train_loss=0.5883
epoch=2 step=146350 train_loss=0.5727
epoch=2 step=146400 train_loss=0.6238
epoch=2 step=146450 train_loss=0.5253
epoch=2 step=146500 train_loss=0.5332
[eval] step=146500 train=0.5781 val=0.5905
epoch=2 step=146550 train_loss=0.5637
epoch=2 step=146600 train_loss=0.6177
epoch=2 step=146650 train_loss=0.5781
epoch=2 step=146700 train_loss=0.5758
epoch=2 step=146750 train_loss=0.6736
epoch=2 step=146800 train_loss=0.6004
epoch=2 step=146850 train_loss=0.5824
epoch=2 step=146900 train_loss=0.5641
epoch=2 step=146950 train_loss=0.5465
epoch=2 step=147000 train_loss=0.5637
[eval] step=147000 train=0.5772 val=0.5852
epoch=2 step=147050 train_loss=0.5283
epoch=2 step=147100 train_loss=0.5748
epoch=2 step=147150 train_loss=0.5200
epoch=2 step=147200 train_loss=0.6123
epoch=2 step=147250 train_loss=0.5656
epoch=2 step=147300 train_loss=0.5768
epoch=2 step=147350 train_loss=0.5639
epoch=2 step=147400 train_loss=0.5905
epoch=2 step=147450 train_loss=0.5665
epoch=2 step=147500 train_loss=0.5759
[eval] step=147500 train=0.5574 val=0.5868
epoch=2 step=147550 train_loss=0.5419
epoch=2 step=147600 train_loss=0.5788
epoch=2 step=147650 train_loss=0.5855
epoch=2 step=147700 train_loss=0.5817
epoch=2 step=147750 train_loss=0.5968
epoch=2 step=147800 train_loss=0.5585
epoch=2 step=147850 train_loss=0.5580
epoch=2 step=147900 train_loss=0.5573
epoch=2 step=147950 train_loss=0.5895
epoch=2 step=148000 train_loss=0.5983
[eval] step=148000 train=0.5734 val=0.5892
epoch=2 step=148050 train_loss=0.5988
epoch=2 step=148100 train_loss=0.5891
epoch=2 step=148150 train_loss=0.5914
epoch=2 step=148200 train_loss=0.5954
epoch=2 step=148250 train_loss=0.5033
epoch=2 step=148300 train_loss=0.5587
epoch=2 step=148350 train_loss=0.6501
epoch=2 step=148400 train_loss=0.5794
epoch=2 step=148450 train_loss=0.5762
epoch=2 step=148500 train_loss=0.5831
[eval] step=148500 train=0.5771 val=0.5903
epoch=2 step=148550 train_loss=0.5808
epoch=2 step=148600 train_loss=0.6131
epoch=2 step=148650 train_loss=0.5925
epoch=2 step=148700 train_loss=0.5864
epoch=2 step=148750 train_loss=0.5889
epoch=2 step=148800 train_loss=0.5923
epoch=2 step=148850 train_loss=0.5933
epoch=2 step=148900 train_loss=0.5683
epoch=2 step=148950 train_loss=0.5677
epoch=2 step=149000 train_loss=0.5719
[eval] step=149000 train=0.5776 val=0.5860
epoch=2 step=149050 train_loss=0.5517
epoch=2 step=149100 train_loss=0.5947
epoch=2 step=149150 train_loss=0.5539
epoch=2 step=149200 train_loss=0.5293
epoch=2 step=149250 train_loss=0.6152
epoch=2 step=149300 train_loss=0.5643
epoch=2 step=149350 train_loss=0.5249
epoch=2 step=149400 train_loss=0.5671
epoch=2 step=149450 train_loss=0.5685
epoch=2 step=149500 train_loss=0.6023
[eval] step=149500 train=0.5507 val=0.5898
epoch=2 step=149550 train_loss=0.5690
epoch=2 step=149600 train_loss=0.5327
epoch=2 step=149650 train_loss=0.5494
epoch=2 step=149700 train_loss=0.6096
epoch=2 step=149750 train_loss=0.5865
epoch=2 step=149800 train_loss=0.5847
epoch=2 step=149850 train_loss=0.6017
epoch=2 step=149900 train_loss=0.5964
epoch=2 step=149950 train_loss=0.5232
epoch=2 step=150000 train_loss=0.5756
[eval] step=150000 train=0.5599 val=0.5861
epoch=2 step=150050 train_loss=0.5925
epoch=2 step=150100 train_loss=0.5461
epoch=2 step=150150 train_loss=0.5684
epoch=2 step=150200 train_loss=0.5665
epoch=2 step=150250 train_loss=0.5730
epoch=2 step=150300 train_loss=0.5436
epoch=2 step=150350 train_loss=0.5694
epoch=2 step=150400 train_loss=0.5361
epoch=2 step=150450 train_loss=0.5779
epoch=2 step=150500 train_loss=0.5705
[eval] step=150500 train=0.5696 val=0.5871
epoch=2 step=150550 train_loss=0.5883
epoch=2 step=150600 train_loss=0.5562
epoch=2 step=150650 train_loss=0.5184
epoch=2 step=150700 train_loss=0.5527
epoch=2 step=150750 train_loss=0.5859
epoch=2 step=150800 train_loss=0.5915
epoch=2 step=150850 train_loss=0.5649
epoch=2 step=150900 train_loss=0.5760
epoch=2 step=150950 train_loss=0.6070
epoch=2 step=151000 train_loss=0.6106
[eval] step=151000 train=0.5697 val=0.5874
epoch=2 step=151050 train_loss=0.5268
epoch=2 step=151100 train_loss=0.5890
epoch=2 step=151150 train_loss=0.5563
epoch=2 step=151200 train_loss=0.5580
epoch=2 step=151250 train_loss=0.5177
epoch=2 step=151300 train_loss=0.5540
epoch=2 step=151350 train_loss=0.5755
epoch=2 step=151400 train_loss=0.5592
epoch=2 step=151450 train_loss=0.5739
epoch=2 step=151500 train_loss=0.5634
[eval] step=151500 train=0.5737 val=0.5926
epoch=2 step=151550 train_loss=0.5869
epoch=2 step=151600 train_loss=0.5561
epoch=2 step=151650 train_loss=0.5703
epoch=2 step=151700 train_loss=0.5706
epoch=2 step=151750 train_loss=0.5934
epoch=2 step=151800 train_loss=0.5514
epoch=2 step=151850 train_loss=0.5730
epoch=2 step=151900 train_loss=0.5778
epoch=2 step=151950 train_loss=0.5590
epoch=2 step=152000 train_loss=0.5699
[eval] step=152000 train=0.5648 val=0.5912
epoch=2 step=152050 train_loss=0.6106
epoch=2 step=152100 train_loss=0.5430
epoch=2 step=152150 train_loss=0.5869
epoch=2 step=152200 train_loss=0.5917
epoch=2 step=152250 train_loss=0.5932
epoch=2 step=152300 train_loss=0.5927
epoch=2 step=152350 train_loss=0.5752
epoch=2 step=152400 train_loss=0.5975
epoch=2 step=152450 train_loss=0.5199
epoch=2 step=152500 train_loss=0.5857
[eval] step=152500 train=0.5762 val=0.5910
epoch=2 step=152550 train_loss=0.5624
epoch=2 step=152600 train_loss=0.5673
epoch=2 step=152650 train_loss=0.5521
epoch=2 step=152700 train_loss=0.6128
epoch=2 step=152750 train_loss=0.5606
epoch=2 step=152800 train_loss=0.5696
epoch=2 step=152850 train_loss=0.5689
epoch=2 step=152900 train_loss=0.5758
epoch=2 step=152950 train_loss=0.5690
epoch=2 step=153000 train_loss=0.5812
[eval] step=153000 train=0.5781 val=0.5889
epoch=2 step=153050 train_loss=0.5839
epoch=2 step=153100 train_loss=0.5795
epoch=2 step=153150 train_loss=0.5816
epoch=2 step=153200 train_loss=0.5663
epoch=2 step=153250 train_loss=0.5864
epoch=2 step=153300 train_loss=0.6052
epoch=2 step=153350 train_loss=0.5726
epoch=2 step=153400 train_loss=0.5788
epoch=2 step=153450 train_loss=0.6297
epoch=2 step=153500 train_loss=0.5990
[eval] step=153500 train=0.5680 val=0.5905
epoch=2 step=153550 train_loss=0.5514
epoch=2 step=153600 train_loss=0.5540
epoch=2 step=153650 train_loss=0.5622
epoch=2 step=153700 train_loss=0.6271
epoch=2 step=153750 train_loss=0.5242
epoch=2 step=153800 train_loss=0.5675
epoch=2 step=153850 train_loss=0.5558
epoch=2 step=153900 train_loss=0.5294
epoch=2 step=153950 train_loss=0.5662
epoch=2 step=154000 train_loss=0.6058
[eval] step=154000 train=0.5712 val=0.5886
epoch=2 step=154050 train_loss=0.5674
epoch=2 step=154100 train_loss=0.6021
epoch=2 step=154150 train_loss=0.5899
epoch=2 step=154200 train_loss=0.5579
epoch=2 step=154250 train_loss=0.5925
epoch=2 step=154300 train_loss=0.5972
epoch=2 step=154350 train_loss=0.5881
epoch=2 step=154400 train_loss=0.5759
epoch=2 step=154450 train_loss=0.5560
epoch=2 step=154500 train_loss=0.5082
[eval] step=154500 train=0.5833 val=0.5888
epoch=2 step=154550 train_loss=0.5590
epoch=2 step=154600 train_loss=0.5849
epoch=2 step=154650 train_loss=0.5397
epoch=2 step=154700 train_loss=0.5707
epoch=2 step=154750 train_loss=0.6196
epoch=2 step=154800 train_loss=0.6124
epoch=2 step=154850 train_loss=0.5614
epoch=2 step=154900 train_loss=0.6313
epoch=2 step=154950 train_loss=0.5674
epoch=2 step=155000 train_loss=0.6197
[eval] step=155000 train=0.5716 val=0.5912
epoch=2 step=155050 train_loss=0.4930
epoch=2 step=155100 train_loss=0.5937
epoch=2 step=155150 train_loss=0.6040
epoch=2 step=155200 train_loss=0.5741
epoch=2 step=155250 train_loss=0.5526
epoch=2 step=155300 train_loss=0.6097
epoch=2 step=155350 train_loss=0.5923
epoch=2 step=155400 train_loss=0.5705
epoch=2 step=155450 train_loss=0.5896
epoch=2 step=155500 train_loss=0.6033
[eval] step=155500 train=0.5552 val=0.5902
epoch=2 step=155550 train_loss=0.5999
epoch=2 step=155600 train_loss=0.5580
epoch=2 step=155650 train_loss=0.5654
epoch=2 step=155700 train_loss=0.5796
epoch=2 step=155750 train_loss=0.5961
epoch=2 step=155800 train_loss=0.5240
epoch=2 step=155850 train_loss=0.5452
epoch=2 step=155900 train_loss=0.5878
epoch=2 step=155950 train_loss=0.5792
epoch=2 step=156000 train_loss=0.5972
[eval] step=156000 train=0.5721 val=0.5921
epoch=2 step=156050 train_loss=0.5801
epoch=2 step=156100 train_loss=0.5584
epoch=2 step=156150 train_loss=0.5381
epoch=2 step=156200 train_loss=0.5677
epoch=2 step=156250 train_loss=0.6060
epoch=2 step=156300 train_loss=0.6165
epoch=2 step=156350 train_loss=0.5535
epoch=2 step=156400 train_loss=0.5594
epoch=2 step=156450 train_loss=0.5428
epoch=2 step=156500 train_loss=0.6135
[eval] step=156500 train=0.5749 val=0.5938
epoch=2 step=156550 train_loss=0.5491
epoch=2 step=156600 train_loss=0.5817
epoch=2 step=156650 train_loss=0.5567
epoch=2 step=156700 train_loss=0.5676
epoch=2 step=156750 train_loss=0.5813
epoch=2 step=156800 train_loss=0.5825
epoch=2 step=156850 train_loss=0.5898
epoch=2 step=156900 train_loss=0.5652
epoch=2 step=156950 train_loss=0.5482
epoch=2 step=157000 train_loss=0.6198
[eval] step=157000 train=0.5639 val=0.5915
epoch=2 step=157050 train_loss=0.5948
epoch=2 step=157100 train_loss=0.5756
epoch=2 step=157150 train_loss=0.5874
epoch=2 step=157200 train_loss=0.6058
epoch=2 step=157250 train_loss=0.5716
epoch=2 step=157300 train_loss=0.5427
epoch=2 step=157350 train_loss=0.5772
epoch=2 step=157400 train_loss=0.5678
epoch=2 step=157450 train_loss=0.5763
epoch=2 step=157500 train_loss=0.5774
[eval] step=157500 train=0.5865 val=0.5853
epoch=2 step=157550 train_loss=0.6065
epoch=2 step=157600 train_loss=0.5579
epoch=2 step=157650 train_loss=0.5513
epoch=2 step=157700 train_loss=0.5986
epoch=2 step=157750 train_loss=0.5741
epoch=2 step=157800 train_loss=0.5786
epoch=2 step=157850 train_loss=0.5816
epoch=2 step=157900 train_loss=0.5873
epoch=2 step=157950 train_loss=0.5708
epoch=2 step=158000 train_loss=0.5712
[eval] step=158000 train=0.5614 val=0.5837
epoch=2 step=158050 train_loss=0.5637
epoch=2 step=158100 train_loss=0.5672
epoch=2 step=158150 train_loss=0.5685
epoch=2 step=158200 train_loss=0.5911
epoch=2 step=158250 train_loss=0.5366
epoch=2 step=158300 train_loss=0.5853
epoch=2 step=158350 train_loss=0.5701
epoch=2 step=158400 train_loss=0.5364
epoch=2 step=158450 train_loss=0.5776
epoch=2 step=158500 train_loss=0.5847
[eval] step=158500 train=0.5701 val=0.5963
epoch=2 step=158550 train_loss=0.5754
epoch=2 step=158600 train_loss=0.5933
epoch=2 step=158650 train_loss=0.6525
epoch=2 step=158700 train_loss=0.5274
epoch=2 step=158750 train_loss=0.5814
epoch=2 step=158800 train_loss=0.5920
epoch=2 step=158850 train_loss=0.6057
epoch=2 step=158900 train_loss=0.6002
epoch=2 step=158950 train_loss=0.6038
epoch=2 step=159000 train_loss=0.5061
[eval] step=159000 train=0.5732 val=0.5895
epoch=2 step=159050 train_loss=0.5777
epoch=2 step=159100 train_loss=0.5774
epoch=2 step=159150 train_loss=0.5427
epoch=2 step=159200 train_loss=0.6197
epoch=2 step=159250 train_loss=0.5334
epoch=2 step=159300 train_loss=0.6131
epoch=2 step=159350 train_loss=0.5963
epoch=2 step=159400 train_loss=0.6051
epoch=2 step=159450 train_loss=0.5397
epoch=2 step=159500 train_loss=0.5407
[eval] step=159500 train=0.5712 val=0.5932
epoch=2 step=159550 train_loss=0.6050
epoch=2 step=159600 train_loss=0.6169
epoch=2 step=159650 train_loss=0.5600
epoch=2 step=159700 train_loss=0.5947
epoch=2 step=159750 train_loss=0.5994
epoch=2 step=159800 train_loss=0.5596
epoch=2 step=159850 train_loss=0.5851
epoch=2 step=159900 train_loss=0.6017
epoch=2 step=159950 train_loss=0.5834
epoch=2 step=160000 train_loss=0.5674
[eval] step=160000 train=0.5716 val=0.5938
epoch=2 step=160050 train_loss=0.5661
epoch=2 step=160100 train_loss=0.5854
epoch=2 step=160150 train_loss=0.5626
epoch=2 step=160200 train_loss=0.6060
epoch=2 step=160250 train_loss=0.5434
epoch=2 step=160300 train_loss=0.5511
epoch=2 step=160350 train_loss=0.5725
epoch=2 step=160400 train_loss=0.5887
epoch=2 step=160450 train_loss=0.6043
epoch=2 step=160500 train_loss=0.6004
[eval] step=160500 train=0.5694 val=0.5918
epoch=2 step=160550 train_loss=0.5527
epoch=2 step=160600 train_loss=0.5346
epoch=2 step=160650 train_loss=0.5766
epoch=2 step=160700 train_loss=0.5804
epoch=2 step=160750 train_loss=0.5534
epoch=2 step=160800 train_loss=0.5373
epoch=2 step=160850 train_loss=0.5758
epoch=2 step=160900 train_loss=0.5977
epoch=2 step=160950 train_loss=0.5746
epoch=2 step=161000 train_loss=0.5307
[eval] step=161000 train=0.5717 val=0.5859
epoch=2 step=161050 train_loss=0.5722
epoch=2 step=161100 train_loss=0.6353
epoch=2 step=161150 train_loss=0.5675
epoch=2 step=161200 train_loss=0.5696
epoch=2 step=161250 train_loss=0.6069
epoch=2 step=161300 train_loss=0.5568
epoch=2 step=161350 train_loss=0.5519
epoch=2 step=161400 train_loss=0.5510
epoch=2 step=161450 train_loss=0.5885
epoch=2 step=161500 train_loss=0.5806
[eval] step=161500 train=0.5744 val=0.5906
epoch=2 step=161550 train_loss=0.5930
epoch=2 step=161600 train_loss=0.5651
epoch=2 step=161650 train_loss=0.5862
epoch=2 step=161700 train_loss=0.6155
epoch=2 step=161750 train_loss=0.5971
epoch=2 step=161800 train_loss=0.6028
epoch=2 step=161850 train_loss=0.5726
epoch=2 step=161900 train_loss=0.5918
epoch=2 step=161950 train_loss=0.6063
epoch=2 step=162000 train_loss=0.6082
[eval] step=162000 train=0.5652 val=0.5900
epoch=2 step=162050 train_loss=0.5638
epoch=2 step=162100 train_loss=0.5411
epoch=2 step=162150 train_loss=0.6002
epoch=2 step=162200 train_loss=0.6155
epoch=2 step=162250 train_loss=0.5911
epoch=2 step=162300 train_loss=0.5566
epoch=2 step=162350 train_loss=0.5794
epoch=2 step=162400 train_loss=0.5613
epoch=2 step=162450 train_loss=0.5882
epoch=2 step=162500 train_loss=0.5996
[eval] step=162500 train=0.5825 val=0.5877
epoch=2 step=162550 train_loss=0.5692
epoch=2 step=162600 train_loss=0.5974
epoch=2 step=162650 train_loss=0.6030
epoch=2 step=162700 train_loss=0.6003
epoch=2 step=162750 train_loss=0.5712
epoch=2 step=162800 train_loss=0.5842
epoch=2 step=162850 train_loss=0.5811
epoch=2 step=162900 train_loss=0.5490
epoch=2 step=162950 train_loss=0.6041
epoch=2 step=163000 train_loss=0.5595
[eval] step=163000 train=0.5743 val=0.5962
epoch=2 step=163050 train_loss=0.6167
epoch=2 step=163100 train_loss=0.5900
epoch=2 step=163150 train_loss=0.5789
epoch=2 step=163200 train_loss=0.5693
epoch=2 step=163250 train_loss=0.6024
epoch=2 step=163300 train_loss=0.5754
epoch=2 step=163350 train_loss=0.5683
epoch=2 step=163400 train_loss=0.5606
epoch=2 step=163450 train_loss=0.6032
epoch=2 step=163500 train_loss=0.6036
[eval] step=163500 train=0.5606 val=0.5918
epoch=2 step=163550 train_loss=0.5389
epoch=2 step=163600 train_loss=0.5918
epoch=2 step=163650 train_loss=0.5554
epoch=2 step=163700 train_loss=0.5460
epoch=2 step=163750 train_loss=0.5395
epoch=2 step=163800 train_loss=0.5578
epoch=2 step=163850 train_loss=0.5446
epoch=2 step=163900 train_loss=0.5533
epoch=2 step=163950 train_loss=0.5582
epoch=2 step=164000 train_loss=0.5470
[eval] step=164000 train=0.5613 val=0.5855
epoch=2 step=164050 train_loss=0.6008
epoch=2 step=164100 train_loss=0.5642
epoch=2 step=164150 train_loss=0.5634
epoch=2 step=164200 train_loss=0.5411
epoch=2 step=164250 train_loss=0.5856
epoch=2 step=164300 train_loss=0.5904
epoch=2 step=164350 train_loss=0.5688
epoch=2 step=164400 train_loss=0.5833
epoch=2 step=164450 train_loss=0.5808
epoch=2 step=164500 train_loss=0.5816
[eval] step=164500 train=0.5574 val=0.5915
epoch=2 step=164550 train_loss=0.5612
epoch=2 step=164600 train_loss=0.6236
epoch=2 step=164650 train_loss=0.5650
epoch=2 step=164700 train_loss=0.6026
epoch=2 step=164750 train_loss=0.5863
epoch=2 step=164800 train_loss=0.5652
epoch=2 step=164850 train_loss=0.5154
epoch=2 step=164900 train_loss=0.6159
epoch=2 step=164950 train_loss=0.5589
epoch=2 step=165000 train_loss=0.5999
[eval] step=165000 train=0.5733 val=0.5908
epoch=2 step=165050 train_loss=0.6252
epoch=2 step=165100 train_loss=0.6230
epoch=2 step=165150 train_loss=0.5859
epoch=2 step=165200 train_loss=0.5738
epoch=2 step=165250 train_loss=0.5620
epoch=2 step=165300 train_loss=0.5408
epoch=2 step=165350 train_loss=0.6151
epoch=2 step=165400 train_loss=0.6008
epoch=2 step=165450 train_loss=0.5925
epoch=2 step=165500 train_loss=0.5473
[eval] step=165500 train=0.5590 val=0.5898
epoch=2 step=165550 train_loss=0.6447
epoch=2 step=165600 train_loss=0.5466
epoch=2 step=165650 train_loss=0.5648
epoch=2 step=165700 train_loss=0.5964
epoch=2 step=165750 train_loss=0.6027
epoch=2 step=165800 train_loss=0.6198
epoch=2 step=165850 train_loss=0.5667
epoch=2 step=165900 train_loss=0.5569
epoch=2 step=165950 train_loss=0.5925
epoch=2 step=166000 train_loss=0.5984
[eval] step=166000 train=0.5707 val=0.5907
epoch=2 step=166050 train_loss=0.6121
epoch=2 step=166100 train_loss=0.6251
epoch=2 step=166150 train_loss=0.5561
epoch=2 step=166200 train_loss=0.5743
epoch=2 step=166250 train_loss=0.5978
epoch=2 step=166300 train_loss=0.5592
epoch=2 step=166350 train_loss=0.5787
epoch=2 step=166400 train_loss=0.5778
epoch=2 step=166450 train_loss=0.5684
epoch=2 step=166500 train_loss=0.5900
[eval] step=166500 train=0.5749 val=0.5922
epoch=2 step=166550 train_loss=0.5438
epoch=2 step=166600 train_loss=0.5865
epoch=2 step=166650 train_loss=0.5775
epoch=2 step=166700 train_loss=0.6162
epoch=2 step=166750 train_loss=0.6158
epoch=2 step=166800 train_loss=0.5960
epoch=2 step=166850 train_loss=0.5701
epoch=2 step=166900 train_loss=0.5975
epoch=2 step=166950 train_loss=0.5686
epoch=2 step=167000 train_loss=0.6094
[eval] step=167000 train=0.5776 val=0.5918
epoch=2 step=167050 train_loss=0.5727
epoch=2 step=167100 train_loss=0.6123
epoch=2 step=167150 train_loss=0.5584
epoch=2 step=167200 train_loss=0.5555
epoch=2 step=167250 train_loss=0.5909
epoch=2 step=167300 train_loss=0.5981
epoch=2 step=167350 train_loss=0.5967
epoch=2 step=167400 train_loss=0.6032
epoch=2 step=167450 train_loss=0.5825
epoch=2 step=167500 train_loss=0.5864
[eval] step=167500 train=0.5671 val=0.5896
epoch=2 step=167550 train_loss=0.6324
epoch=2 step=167600 train_loss=0.5623
epoch=2 step=167650 train_loss=0.5567
epoch=2 step=167700 train_loss=0.5332
epoch=2 step=167750 train_loss=0.5836
epoch=2 step=167800 train_loss=0.5722
epoch=2 step=167850 train_loss=0.5987
epoch=2 step=167900 train_loss=0.5532
epoch=2 step=167950 train_loss=0.5634
epoch=2 step=168000 train_loss=0.5915
[eval] step=168000 train=0.5703 val=0.5945
epoch=2 step=168050 train_loss=0.6301
epoch=2 step=168100 train_loss=0.5671
epoch=2 step=168150 train_loss=0.5818
epoch=2 step=168200 train_loss=0.6148
epoch=2 step=168250 train_loss=0.5574
epoch=2 step=168300 train_loss=0.6110
epoch=2 step=168350 train_loss=0.5673
epoch=2 step=168400 train_loss=0.5932
epoch=2 step=168450 train_loss=0.5775
epoch=2 step=168500 train_loss=0.5921
[eval] step=168500 train=0.5681 val=0.5853
epoch=2 step=168550 train_loss=0.5711
epoch=2 step=168600 train_loss=0.5901
epoch=2 step=168650 train_loss=0.5544
epoch=2 step=168700 train_loss=0.5892
epoch=2 step=168750 train_loss=0.5794
epoch=2 step=168800 train_loss=0.6094
epoch=2 step=168850 train_loss=0.5322
epoch=2 step=168900 train_loss=0.6003
epoch=2 step=168950 train_loss=0.5702
epoch=2 step=169000 train_loss=0.5529
[eval] step=169000 train=0.5627 val=0.5862
epoch=2 step=169050 train_loss=0.6234
epoch=2 step=169100 train_loss=0.5635
epoch=2 step=169150 train_loss=0.5419
epoch=2 step=169200 train_loss=0.6193
epoch=2 step=169250 train_loss=0.5613
epoch=2 step=169300 train_loss=0.6057
epoch=2 step=169350 train_loss=0.6307
epoch=2 step=169400 train_loss=0.5801
epoch=2 step=169450 train_loss=0.5843
epoch=2 step=169500 train_loss=0.5885
[eval] step=169500 train=0.5620 val=0.5889
epoch=2 step=169550 train_loss=0.6080
epoch=2 step=169600 train_loss=0.5597
epoch=2 step=169650 train_loss=0.5745
epoch=2 step=169700 train_loss=0.6019
epoch=2 step=169750 train_loss=0.5664
epoch=2 step=169800 train_loss=0.5777
epoch=2 step=169850 train_loss=0.6283
epoch=2 step=169900 train_loss=0.5430
epoch=2 step=169950 train_loss=0.5741
epoch=2 step=170000 train_loss=0.5737
[eval] step=170000 train=0.5732 val=0.5880
epoch=2 step=170050 train_loss=0.6098
epoch=2 step=170100 train_loss=0.5747
epoch=2 step=170150 train_loss=0.5509
epoch=2 step=170200 train_loss=0.5103
epoch=2 step=170250 train_loss=0.5926
epoch=2 step=170300 train_loss=0.5291
epoch=2 step=170350 train_loss=0.5601
epoch=2 step=170400 train_loss=0.6096
epoch=2 step=170450 train_loss=0.5397
epoch=2 step=170500 train_loss=0.6025
[eval] step=170500 train=0.5717 val=0.5933
epoch=2 step=170550 train_loss=0.5929
epoch=2 step=170600 train_loss=0.5992
epoch=2 step=170650 train_loss=0.5666
epoch=2 step=170700 train_loss=0.5991
epoch=2 step=170750 train_loss=0.5339
epoch=2 step=170800 train_loss=0.5673
epoch=2 step=170850 train_loss=0.5656
epoch=2 step=170900 train_loss=0.5880
epoch=2 step=170950 train_loss=0.5850
epoch=2 step=171000 train_loss=0.5851
[eval] step=171000 train=0.5660 val=0.5917
epoch=2 step=171050 train_loss=0.5558
epoch=2 step=171100 train_loss=0.6094
epoch=2 step=171150 train_loss=0.5638
epoch=2 step=171200 train_loss=0.5972
epoch=2 step=171250 train_loss=0.5360
epoch=2 step=171300 train_loss=0.5795
epoch=2 step=171350 train_loss=0.6189
epoch=2 step=171400 train_loss=0.5859
epoch=2 step=171450 train_loss=0.5595
epoch=2 step=171500 train_loss=0.5481
[eval] step=171500 train=0.5677 val=0.5921
epoch=2 step=171550 train_loss=0.5983
epoch=2 step=171600 train_loss=0.5697
epoch=2 step=171650 train_loss=0.5618
epoch=2 step=171700 train_loss=0.5722
epoch=2 step=171750 train_loss=0.5820
epoch=2 step=171800 train_loss=0.5890
epoch=2 step=171850 train_loss=0.5348
epoch=2 step=171900 train_loss=0.5824
epoch=2 step=171950 train_loss=0.5578
epoch=2 step=172000 train_loss=0.5976
[eval] step=172000 train=0.5777 val=0.5921
epoch=2 step=172050 train_loss=0.5923
epoch=2 step=172100 train_loss=0.5771
epoch=2 step=172150 train_loss=0.5550
epoch=2 step=172200 train_loss=0.5910
epoch=2 step=172250 train_loss=0.6083
epoch=2 step=172300 train_loss=0.5732
epoch=2 step=172350 train_loss=0.6220
epoch=2 step=172400 train_loss=0.5834
epoch=2 step=172450 train_loss=0.5580
epoch=2 step=172500 train_loss=0.5185
[eval] step=172500 train=0.5770 val=0.5888
epoch=2 step=172550 train_loss=0.5938
epoch=2 step=172600 train_loss=0.6046
epoch=2 step=172650 train_loss=0.5858
epoch=2 step=172700 train_loss=0.5457
epoch=2 step=172750 train_loss=0.5977
epoch=2 step=172800 train_loss=0.5555
epoch=2 step=172850 train_loss=0.5739
epoch=2 step=172900 train_loss=0.6207
epoch=2 step=172950 train_loss=0.5562
epoch=2 step=173000 train_loss=0.5855
[eval] step=173000 train=0.5746 val=0.5853
epoch=2 step=173050 train_loss=0.6116
epoch=2 step=173100 train_loss=0.5839
epoch=2 step=173150 train_loss=0.6150
epoch=2 step=173200 train_loss=0.6043
epoch=2 step=173250 train_loss=0.5921
epoch=2 step=173300 train_loss=0.5645
epoch=2 step=173350 train_loss=0.5574
epoch=2 step=173400 train_loss=0.5712
epoch=2 step=173450 train_loss=0.5763
epoch=2 step=173500 train_loss=0.5604
[eval] step=173500 train=0.5721 val=0.5894
epoch=2 step=173550 train_loss=0.5830
epoch=2 step=173600 train_loss=0.6028
epoch=2 step=173650 train_loss=0.5926
epoch=2 step=173700 train_loss=0.5755
epoch=2 step=173750 train_loss=0.5617
epoch=2 step=173800 train_loss=0.5581
epoch=2 step=173850 train_loss=0.5795
epoch=2 step=173900 train_loss=0.5891
epoch=2 step=173950 train_loss=0.5905
epoch=2 step=174000 train_loss=0.5967
[eval] step=174000 train=0.5668 val=0.5868
epoch=2 step=174050 train_loss=0.6051
epoch=2 step=174100 train_loss=0.5782
epoch=2 step=174150 train_loss=0.5420
epoch=2 step=174200 train_loss=0.5663
epoch=2 step=174250 train_loss=0.6273
epoch=2 step=174300 train_loss=0.5899
epoch=2 step=174350 train_loss=0.5643
epoch=2 step=174400 train_loss=0.5871
epoch=2 step=174450 train_loss=0.5836
epoch=2 step=174500 train_loss=0.5841
[eval] step=174500 train=0.5735 val=0.5831
epoch=2 step=174550 train_loss=0.5372
epoch=2 step=174600 train_loss=0.5928
epoch=2 step=174650 train_loss=0.5513
epoch=2 step=174700 train_loss=0.5938
epoch=2 step=174750 train_loss=0.6030
epoch=2 step=174800 train_loss=0.5550
epoch=2 step=174850 train_loss=0.6114
epoch=2 step=174900 train_loss=0.5982
epoch=2 step=174950 train_loss=0.5989
epoch=2 step=175000 train_loss=0.5281
[eval] step=175000 train=0.5678 val=0.5855
epoch=2 step=175050 train_loss=0.5749
epoch=2 step=175100 train_loss=0.5806
epoch=2 step=175150 train_loss=0.5597
epoch=2 step=175200 train_loss=0.5497
epoch=2 step=175250 train_loss=0.5318
epoch=2 step=175300 train_loss=0.6064
epoch=2 step=175350 train_loss=0.5677
epoch=2 step=175400 train_loss=0.5884
epoch=2 step=175450 train_loss=0.5043
epoch=2 step=175500 train_loss=0.5964
[eval] step=175500 train=0.5679 val=0.5995
epoch=2 step=175550 train_loss=0.5770
epoch=2 step=175600 train_loss=0.6164
epoch=2 step=175650 train_loss=0.6325
epoch=2 step=175700 train_loss=0.5832
epoch=2 step=175750 train_loss=0.6108
epoch=2 step=175800 train_loss=0.6127
epoch=2 step=175850 train_loss=0.5409
epoch=2 step=175900 train_loss=0.5809
epoch=2 step=175950 train_loss=0.5169
epoch=2 step=176000 train_loss=0.5527
[eval] step=176000 train=0.5741 val=0.5900
epoch=2 step=176050 train_loss=0.5780
epoch=2 step=176100 train_loss=0.6010
epoch=2 step=176150 train_loss=0.5490
epoch=2 step=176200 train_loss=0.5598
epoch=2 step=176250 train_loss=0.5933
epoch=2 step=176300 train_loss=0.5775
epoch=2 step=176350 train_loss=0.5835
epoch=2 step=176400 train_loss=0.5416
epoch=2 step=176450 train_loss=0.5865
epoch=2 step=176500 train_loss=0.5517
[eval] step=176500 train=0.5827 val=0.5813
saved best checkpoint to out-battery/best_ckpt.pt
epoch=2 step=176550 train_loss=0.5626
epoch=2 step=176600 train_loss=0.5782
epoch=2 step=176650 train_loss=0.6023
epoch=2 step=176700 train_loss=0.5370
epoch=2 step=176750 train_loss=0.5933
epoch=2 step=176800 train_loss=0.6303
epoch=2 step=176850 train_loss=0.5964
epoch=2 step=176900 train_loss=0.6097
epoch=2 step=176950 train_loss=0.6236
epoch=2 step=177000 train_loss=0.6118
[eval] step=177000 train=0.5697 val=0.5926
epoch=2 step=177050 train_loss=0.5996
epoch=2 step=177100 train_loss=0.5953
epoch=2 step=177150 train_loss=0.5785
epoch=2 step=177200 train_loss=0.5899
epoch=2 step=177250 train_loss=0.6225
epoch=2 step=177300 train_loss=0.5411
epoch=2 step=177350 train_loss=0.5819
epoch=2 step=177400 train_loss=0.5564
epoch=2 step=177450 train_loss=0.5424
epoch=2 step=177500 train_loss=0.5453
[eval] step=177500 train=0.5733 val=0.5906
epoch=2 step=177550 train_loss=0.5744
epoch=2 step=177600 train_loss=0.5802
epoch=2 step=177650 train_loss=0.6046
epoch=2 step=177700 train_loss=0.5691
epoch=2 step=177750 train_loss=0.6241
epoch=2 step=177800 train_loss=0.6241
epoch=2 step=177850 train_loss=0.5532
epoch=2 step=177900 train_loss=0.5855
epoch=2 step=177950 train_loss=0.6142
epoch=2 step=178000 train_loss=0.5492
[eval] step=178000 train=0.5696 val=0.5884
epoch=2 step=178050 train_loss=0.5648
epoch=2 step=178100 train_loss=0.5133
epoch=2 step=178150 train_loss=0.5935
epoch=2 step=178200 train_loss=0.5415
epoch=2 step=178250 train_loss=0.5371
epoch=2 step=178300 train_loss=0.5849
epoch=2 step=178350 train_loss=0.5956
epoch=2 step=178400 train_loss=0.5574
epoch=2 step=178450 train_loss=0.5439
epoch=2 step=178500 train_loss=0.5635
[eval] step=178500 train=0.5751 val=0.5895
epoch=2 step=178550 train_loss=0.6093
epoch=2 step=178600 train_loss=0.5691
epoch=2 step=178650 train_loss=0.5958
epoch=2 step=178700 train_loss=0.5912
epoch=2 step=178750 train_loss=0.5806
epoch=2 step=178800 train_loss=0.6140
epoch=2 step=178850 train_loss=0.5620
epoch=2 step=178900 train_loss=0.5898
epoch=2 step=178950 train_loss=0.6119
epoch=2 step=179000 train_loss=0.5754
[eval] step=179000 train=0.5712 val=0.5850
epoch=2 step=179050 train_loss=0.5651
epoch=2 step=179100 train_loss=0.5742
epoch=2 step=179150 train_loss=0.6300
epoch=2 step=179200 train_loss=0.5804
epoch=2 step=179250 train_loss=0.5840
epoch=2 step=179300 train_loss=0.5475
epoch=2 step=179350 train_loss=0.5655
epoch=2 step=179400 train_loss=0.5945
epoch=2 step=179450 train_loss=0.5908
epoch=2 step=179500 train_loss=0.5409
[eval] step=179500 train=0.5695 val=0.5887
epoch=2 step=179550 train_loss=0.5468
epoch=2 step=179600 train_loss=0.6044
epoch=2 step=179650 train_loss=0.5871
epoch=2 step=179700 train_loss=0.5844
epoch=2 step=179750 train_loss=0.5976
epoch=2 step=179800 train_loss=0.5453
epoch=2 step=179850 train_loss=0.5494
epoch=2 step=179900 train_loss=0.5575
epoch=2 step=179950 train_loss=0.5661
epoch=2 step=180000 train_loss=0.5527
[eval] step=180000 train=0.5828 val=0.5891
epoch=2 step=180050 train_loss=0.5505
epoch=2 step=180100 train_loss=0.5438
epoch=2 step=180150 train_loss=0.5409
epoch=2 step=180200 train_loss=0.6106
epoch=2 step=180250 train_loss=0.5760
epoch=2 step=180300 train_loss=0.5553
epoch=2 step=180350 train_loss=0.5923
epoch=2 step=180400 train_loss=0.5886
epoch=2 step=180450 train_loss=0.5486
epoch=2 step=180500 train_loss=0.5910
[eval] step=180500 train=0.5722 val=0.5914
epoch=2 step=180550 train_loss=0.5938
epoch=2 step=180600 train_loss=0.5695
epoch=2 step=180650 train_loss=0.5807
epoch=2 step=180700 train_loss=0.5621
epoch=2 step=180750 train_loss=0.5714
epoch=2 step=180800 train_loss=0.6066
epoch=2 step=180850 train_loss=0.5685
epoch=2 step=180900 train_loss=0.5638
epoch=2 step=180950 train_loss=0.5556
epoch=2 step=181000 train_loss=0.6051
[eval] step=181000 train=0.5752 val=0.5916
epoch=2 step=181050 train_loss=0.5807
epoch=2 step=181100 train_loss=0.5769
epoch=2 step=181150 train_loss=0.5499
epoch=2 step=181200 train_loss=0.5726
epoch=2 step=181250 train_loss=0.5550
epoch=2 step=181300 train_loss=0.5634
epoch=2 step=181350 train_loss=0.6039
epoch=2 step=181400 train_loss=0.5612
epoch=2 step=181450 train_loss=0.5618
epoch=2 step=181500 train_loss=0.5840
[eval] step=181500 train=0.5660 val=0.5875
epoch=2 step=181550 train_loss=0.5878
epoch=2 step=181600 train_loss=0.5738
epoch=2 step=181650 train_loss=0.5373
epoch=2 step=181700 train_loss=0.5643
epoch=2 step=181750 train_loss=0.5955
epoch=2 step=181800 train_loss=0.5467
epoch=2 step=181850 train_loss=0.5744
epoch=2 step=181900 train_loss=0.6160
epoch=2 step=181950 train_loss=0.6438
epoch=2 step=182000 train_loss=0.6311
[eval] step=182000 train=0.5675 val=0.5916
epoch=2 step=182050 train_loss=0.5373
epoch=2 step=182100 train_loss=0.5247
epoch=2 step=182150 train_loss=0.5251
epoch=2 step=182200 train_loss=0.5618
epoch=2 step=182250 train_loss=0.5269
epoch=2 step=182300 train_loss=0.5410
epoch=2 step=182350 train_loss=0.5403
epoch=2 step=182400 train_loss=0.6002
epoch=2 step=182450 train_loss=0.5777
epoch=2 step=182500 train_loss=0.5826
[eval] step=182500 train=0.5625 val=0.5875
epoch=2 step=182550 train_loss=0.5990
epoch=2 step=182600 train_loss=0.5287
epoch=2 step=182650 train_loss=0.6072
epoch=2 step=182700 train_loss=0.5710
epoch=2 step=182750 train_loss=0.5743
epoch=2 step=182800 train_loss=0.6275
epoch=2 step=182850 train_loss=0.5269
epoch=2 step=182900 train_loss=0.5933
epoch=2 step=182950 train_loss=0.5484
epoch=2 step=183000 train_loss=0.6203
[eval] step=183000 train=0.5747 val=0.5886
epoch=2 step=183050 train_loss=0.5532
epoch=2 step=183100 train_loss=0.5537
epoch=2 step=183150 train_loss=0.5961
epoch=2 step=183200 train_loss=0.5723
epoch=2 step=183250 train_loss=0.5851
epoch=2 step=183300 train_loss=0.5424
epoch=2 step=183350 train_loss=0.5413
epoch=2 step=183400 train_loss=0.5897
epoch=2 step=183450 train_loss=0.5728
epoch=2 step=183500 train_loss=0.5775
[eval] step=183500 train=0.5598 val=0.5893
epoch=2 step=183550 train_loss=0.5881
epoch=2 step=183600 train_loss=0.5822
epoch=2 step=183650 train_loss=0.5636
epoch=2 step=183700 train_loss=0.5763
epoch=2 step=183750 train_loss=0.6077
epoch=2 step=183800 train_loss=0.6018
epoch=2 step=183850 train_loss=0.5717
epoch=2 step=183900 train_loss=0.6127
epoch=2 step=183950 train_loss=0.5818
epoch=2 step=184000 train_loss=0.5009
[eval] step=184000 train=0.5678 val=0.5856
epoch=2 step=184050 train_loss=0.5762
epoch=2 step=184100 train_loss=0.5249
epoch=2 step=184150 train_loss=0.5841
epoch=2 step=184200 train_loss=0.5719
epoch=2 step=184250 train_loss=0.5516
epoch=2 step=184300 train_loss=0.6333
epoch=2 step=184350 train_loss=0.5315
epoch=2 step=184400 train_loss=0.5614
epoch=2 step=184450 train_loss=0.5796
epoch=2 step=184500 train_loss=0.5550
[eval] step=184500 train=0.5767 val=0.5919
epoch=2 step=184550 train_loss=0.5984
epoch=2 step=184600 train_loss=0.5525
epoch=2 step=184650 train_loss=0.6124
epoch=2 step=184700 train_loss=0.5942
epoch=2 step=184750 train_loss=0.5694
epoch=2 step=184800 train_loss=0.5796
epoch=2 step=184850 train_loss=0.6017
epoch=2 step=184900 train_loss=0.5755
epoch=2 step=184950 train_loss=0.5547
epoch=2 step=185000 train_loss=0.5359
[eval] step=185000 train=0.5730 val=0.5872
epoch=2 step=185050 train_loss=0.5780
epoch=2 step=185100 train_loss=0.5551
epoch=2 step=185150 train_loss=0.5199
epoch=2 step=185200 train_loss=0.5509
epoch=2 step=185250 train_loss=0.5873
epoch=2 step=185300 train_loss=0.5326
epoch=2 step=185350 train_loss=0.5671
epoch=2 step=185400 train_loss=0.6790
epoch=2 step=185450 train_loss=0.5769
epoch=2 step=185500 train_loss=0.5694
[eval] step=185500 train=0.5615 val=0.5871
epoch=2 step=185550 train_loss=0.5738
epoch=2 step=185600 train_loss=0.5566
epoch=2 step=185650 train_loss=0.5976
epoch=2 step=185700 train_loss=0.5970
epoch=2 step=185750 train_loss=0.6021
epoch=2 step=185800 train_loss=0.5992
epoch=2 step=185850 train_loss=0.5648
epoch=2 step=185900 train_loss=0.5642
epoch=2 step=185950 train_loss=0.5788
epoch=2 step=186000 train_loss=0.5632
[eval] step=186000 train=0.5763 val=0.5882
epoch=2 step=186050 train_loss=0.5652
epoch=2 step=186100 train_loss=0.5662
epoch=2 step=186150 train_loss=0.5200
epoch=2 step=186200 train_loss=0.5928
epoch=2 step=186250 train_loss=0.5778
epoch=2 step=186300 train_loss=0.5845
epoch=2 step=186350 train_loss=0.6271
epoch=2 step=186400 train_loss=0.5450
epoch=2 step=186450 train_loss=0.5479
epoch=2 step=186500 train_loss=0.5690
[eval] step=186500 train=0.5657 val=0.5919
epoch=2 step=186550 train_loss=0.5666
epoch=2 step=186600 train_loss=0.6167
epoch=2 step=186650 train_loss=0.6187
epoch=2 step=186700 train_loss=0.5580
epoch=2 step=186750 train_loss=0.6222
epoch=2 step=186800 train_loss=0.5497
epoch=2 step=186850 train_loss=0.5680
epoch=2 step=186900 train_loss=0.5829
epoch=2 step=186950 train_loss=0.5600
epoch=2 step=187000 train_loss=0.6246
[eval] step=187000 train=0.5782 val=0.5862
epoch=2 step=187050 train_loss=0.6245
epoch=2 step=187100 train_loss=0.5808
epoch=2 step=187150 train_loss=0.5694
epoch=2 step=187200 train_loss=0.5555
epoch=2 step=187250 train_loss=0.5750
epoch=2 step=187300 train_loss=0.5610
epoch=2 step=187350 train_loss=0.5764
epoch=2 step=187400 train_loss=0.6069
epoch=2 step=187450 train_loss=0.5706
epoch=2 step=187500 train_loss=0.6153
[eval] step=187500 train=0.5680 val=0.5838
epoch=2 step=187550 train_loss=0.5963
epoch=2 step=187600 train_loss=0.5755
epoch=2 step=187650 train_loss=0.5841
epoch=2 step=187700 train_loss=0.5630
epoch=2 step=187750 train_loss=0.5614
epoch=2 step=187800 train_loss=0.5853
epoch=2 step=187850 train_loss=0.5331
epoch=2 step=187900 train_loss=0.5686
epoch=2 step=187950 train_loss=0.5869
epoch=2 step=188000 train_loss=0.5307
[eval] step=188000 train=0.5738 val=0.5879
epoch=2 step=188050 train_loss=0.5818
epoch=2 step=188100 train_loss=0.5921
epoch=2 step=188150 train_loss=0.5680
epoch=2 step=188200 train_loss=0.5713
epoch=2 step=188250 train_loss=0.6110
epoch=2 step=188300 train_loss=0.5723
epoch=2 step=188350 train_loss=0.5762
epoch=2 step=188400 train_loss=0.5587
epoch=2 step=188450 train_loss=0.5730
epoch=2 step=188500 train_loss=0.5958
[eval] step=188500 train=0.5801 val=0.5904
epoch=2 step=188550 train_loss=0.5954
epoch=2 step=188600 train_loss=0.5653
epoch=2 step=188650 train_loss=0.5950
epoch=2 step=188700 train_loss=0.6046
epoch=2 step=188750 train_loss=0.5147
epoch=2 step=188800 train_loss=0.5352
epoch=2 step=188850 train_loss=0.6089
epoch=2 step=188900 train_loss=0.5597
epoch=2 step=188950 train_loss=0.5876
epoch=2 step=189000 train_loss=0.5760
[eval] step=189000 train=0.5703 val=0.5896
epoch=2 step=189050 train_loss=0.6223
epoch=2 step=189100 train_loss=0.5908
epoch=2 step=189150 train_loss=0.5663
epoch=2 step=189200 train_loss=0.5552
epoch=2 step=189250 train_loss=0.6140
epoch=2 step=189300 train_loss=0.5679
epoch=2 step=189350 train_loss=0.5594
epoch=2 step=189400 train_loss=0.5734
epoch=2 step=189450 train_loss=0.5749
epoch=2 step=189500 train_loss=0.5718
[eval] step=189500 train=0.5712 val=0.5865
epoch=2 step=189550 train_loss=0.5780
epoch=2 step=189600 train_loss=0.5688
epoch=2 step=189650 train_loss=0.5379
epoch=2 step=189700 train_loss=0.6058
epoch=2 step=189750 train_loss=0.5572
epoch=2 step=189800 train_loss=0.5839
epoch=2 step=189850 train_loss=0.5355
epoch=2 step=189900 train_loss=0.5134
epoch=2 step=189950 train_loss=0.5894
epoch=2 step=190000 train_loss=0.5594
[eval] step=190000 train=0.5622 val=0.5891
epoch=2 step=190050 train_loss=0.5878
epoch=2 step=190100 train_loss=0.5846
epoch=2 step=190150 train_loss=0.5927
epoch=2 step=190200 train_loss=0.6034
epoch=2 step=190250 train_loss=0.6020
epoch=2 step=190300 train_loss=0.5572
epoch=2 step=190350 train_loss=0.5427
epoch=2 step=190400 train_loss=0.5364
epoch=3 step=190450 train_loss=0.5697
epoch=3 step=190500 train_loss=0.5697
[eval] step=190500 train=0.5708 val=0.5850
epoch=3 step=190550 train_loss=0.5833
epoch=3 step=190600 train_loss=0.5626
epoch=3 step=190650 train_loss=0.5693
epoch=3 step=190700 train_loss=0.5852
epoch=3 step=190750 train_loss=0.6112
epoch=3 step=190800 train_loss=0.5705
epoch=3 step=190850 train_loss=0.6173
epoch=3 step=190900 train_loss=0.5771
epoch=3 step=190950 train_loss=0.5932
epoch=3 step=191000 train_loss=0.5731
[eval] step=191000 train=0.5642 val=0.5897
epoch=3 step=191050 train_loss=0.6056
epoch=3 step=191100 train_loss=0.5943
epoch=3 step=191150 train_loss=0.5874
epoch=3 step=191200 train_loss=0.5704
epoch=3 step=191250 train_loss=0.5934
epoch=3 step=191300 train_loss=0.5836
epoch=3 step=191350 train_loss=0.6180
epoch=3 step=191400 train_loss=0.5975
epoch=3 step=191450 train_loss=0.5720
epoch=3 step=191500 train_loss=0.5577
[eval] step=191500 train=0.5666 val=0.5880
epoch=3 step=191550 train_loss=0.5620
epoch=3 step=191600 train_loss=0.5712
epoch=3 step=191650 train_loss=0.5999
epoch=3 step=191700 train_loss=0.5334
epoch=3 step=191750 train_loss=0.5705
epoch=3 step=191800 train_loss=0.5458
epoch=3 step=191850 train_loss=0.5903
epoch=3 step=191900 train_loss=0.5646
epoch=3 step=191950 train_loss=0.5810
epoch=3 step=192000 train_loss=0.5610
[eval] step=192000 train=0.5752 val=0.5853
epoch=3 step=192050 train_loss=0.5341
epoch=3 step=192100 train_loss=0.5926
epoch=3 step=192150 train_loss=0.5372
epoch=3 step=192200 train_loss=0.5494
epoch=3 step=192250 train_loss=0.5809
epoch=3 step=192300 train_loss=0.6098
epoch=3 step=192350 train_loss=0.5452
epoch=3 step=192400 train_loss=0.5835
epoch=3 step=192450 train_loss=0.5105
epoch=3 step=192500 train_loss=0.6347
[eval] step=192500 train=0.5674 val=0.5840
epoch=3 step=192550 train_loss=0.5589
epoch=3 step=192600 train_loss=0.5952
epoch=3 step=192650 train_loss=0.6005
epoch=3 step=192700 train_loss=0.5546
epoch=3 step=192750 train_loss=0.5974
epoch=3 step=192800 train_loss=0.5924
epoch=3 step=192850 train_loss=0.5619
epoch=3 step=192900 train_loss=0.6196
epoch=3 step=192950 train_loss=0.5941
epoch=3 step=193000 train_loss=0.5635
[eval] step=193000 train=0.5820 val=0.5920
epoch=3 step=193050 train_loss=0.5797
epoch=3 step=193100 train_loss=0.5647
epoch=3 step=193150 train_loss=0.5826
epoch=3 step=193200 train_loss=0.5696
epoch=3 step=193250 train_loss=0.5927
epoch=3 step=193300 train_loss=0.6126
epoch=3 step=193350 train_loss=0.5675
epoch=3 step=193400 train_loss=0.5819
epoch=3 step=193450 train_loss=0.5807
epoch=3 step=193500 train_loss=0.4857
[eval] step=193500 train=0.5655 val=0.5942
epoch=3 step=193550 train_loss=0.5608
epoch=3 step=193600 train_loss=0.6222
epoch=3 step=193650 train_loss=0.5941
epoch=3 step=193700 train_loss=0.5945
epoch=3 step=193750 train_loss=0.5596
epoch=3 step=193800 train_loss=0.5586
epoch=3 step=193850 train_loss=0.5795
epoch=3 step=193900 train_loss=0.5722
epoch=3 step=193950 train_loss=0.5694
epoch=3 step=194000 train_loss=0.5898
[eval] step=194000 train=0.5701 val=0.5877
epoch=3 step=194050 train_loss=0.6120
epoch=3 step=194100 train_loss=0.5666
epoch=3 step=194150 train_loss=0.5397
epoch=3 step=194200 train_loss=0.6043
epoch=3 step=194250 train_loss=0.5780
epoch=3 step=194300 train_loss=0.6119
epoch=3 step=194350 train_loss=0.6052
epoch=3 step=194400 train_loss=0.5637
epoch=3 step=194450 train_loss=0.5640
epoch=3 step=194500 train_loss=0.5912
[eval] step=194500 train=0.5661 val=0.5890
epoch=3 step=194550 train_loss=0.6015
epoch=3 step=194600 train_loss=0.5424
epoch=3 step=194650 train_loss=0.5658
epoch=3 step=194700 train_loss=0.5703
epoch=3 step=194750 train_loss=0.5710
epoch=3 step=194800 train_loss=0.5518
epoch=3 step=194850 train_loss=0.6114
epoch=3 step=194900 train_loss=0.5805
epoch=3 step=194950 train_loss=0.5439
epoch=3 step=195000 train_loss=0.5614
[eval] step=195000 train=0.5711 val=0.5902
epoch=3 step=195050 train_loss=0.5524
epoch=3 step=195100 train_loss=0.6059
epoch=3 step=195150 train_loss=0.5393
epoch=3 step=195200 train_loss=0.5993
epoch=3 step=195250 train_loss=0.5483
epoch=3 step=195300 train_loss=0.5767
epoch=3 step=195350 train_loss=0.5821
epoch=3 step=195400 train_loss=0.5750
epoch=3 step=195450 train_loss=0.6173
epoch=3 step=195500 train_loss=0.5925
[eval] step=195500 train=0.5726 val=0.5923
epoch=3 step=195550 train_loss=0.5910
epoch=3 step=195600 train_loss=0.6580
epoch=3 step=195650 train_loss=0.6244
epoch=3 step=195700 train_loss=0.6065
epoch=3 step=195750 train_loss=0.6331
epoch=3 step=195800 train_loss=0.6048
epoch=3 step=195850 train_loss=0.5533
epoch=3 step=195900 train_loss=0.5999
epoch=3 step=195950 train_loss=0.5800
epoch=3 step=196000 train_loss=0.5403
[eval] step=196000 train=0.5743 val=0.5893
epoch=3 step=196050 train_loss=0.5997
epoch=3 step=196100 train_loss=0.6059
epoch=3 step=196150 train_loss=0.6005
epoch=3 step=196200 train_loss=0.5592
epoch=3 step=196250 train_loss=0.5429
epoch=3 step=196300 train_loss=0.5917
epoch=3 step=196350 train_loss=0.5348
epoch=3 step=196400 train_loss=0.6127
epoch=3 step=196450 train_loss=0.6094
epoch=3 step=196500 train_loss=0.5271
[eval] step=196500 train=0.5690 val=0.5960
epoch=3 step=196550 train_loss=0.5967
epoch=3 step=196600 train_loss=0.6142
epoch=3 step=196650 train_loss=0.5925
epoch=3 step=196700 train_loss=0.5464
epoch=3 step=196750 train_loss=0.5492
epoch=3 step=196800 train_loss=0.5266
epoch=3 step=196850 train_loss=0.5771
epoch=3 step=196900 train_loss=0.5817
epoch=3 step=196950 train_loss=0.6009
epoch=3 step=197000 train_loss=0.5920
[eval] step=197000 train=0.5709 val=0.5852
epoch=3 step=197050 train_loss=0.5230
epoch=3 step=197100 train_loss=0.6179
epoch=3 step=197150 train_loss=0.5780
epoch=3 step=197200 train_loss=0.5445
epoch=3 step=197250 train_loss=0.5325
epoch=3 step=197300 train_loss=0.5678
epoch=3 step=197350 train_loss=0.5785
epoch=3 step=197400 train_loss=0.5722
epoch=3 step=197450 train_loss=0.5474
epoch=3 step=197500 train_loss=0.5913
[eval] step=197500 train=0.5795 val=0.5828
epoch=3 step=197550 train_loss=0.5974
epoch=3 step=197600 train_loss=0.5656
epoch=3 step=197650 train_loss=0.5247
epoch=3 step=197700 train_loss=0.6130
epoch=3 step=197750 train_loss=0.5858
epoch=3 step=197800 train_loss=0.5647
epoch=3 step=197850 train_loss=0.5866
epoch=3 step=197900 train_loss=0.5976
epoch=3 step=197950 train_loss=0.5872
epoch=3 step=198000 train_loss=0.5749
[eval] step=198000 train=0.5726 val=0.5816
epoch=3 step=198050 train_loss=0.5913
epoch=3 step=198100 train_loss=0.6088
epoch=3 step=198150 train_loss=0.5531
epoch=3 step=198200 train_loss=0.5590
epoch=3 step=198250 train_loss=0.5279
epoch=3 step=198300 train_loss=0.5968
epoch=3 step=198350 train_loss=0.5823
epoch=3 step=198400 train_loss=0.5632
epoch=3 step=198450 train_loss=0.5375
epoch=3 step=198500 train_loss=0.5769
[eval] step=198500 train=0.5777 val=0.5913
epoch=3 step=198550 train_loss=0.5854
epoch=3 step=198600 train_loss=0.6357
epoch=3 step=198650 train_loss=0.5770
epoch=3 step=198700 train_loss=0.5428
epoch=3 step=198750 train_loss=0.5832
epoch=3 step=198800 train_loss=0.5913
epoch=3 step=198850 train_loss=0.5662
epoch=3 step=198900 train_loss=0.5687
epoch=3 step=198950 train_loss=0.5915
epoch=3 step=199000 train_loss=0.5837
[eval] step=199000 train=0.5676 val=0.5882
epoch=3 step=199050 train_loss=0.5816
epoch=3 step=199100 train_loss=0.5659
epoch=3 step=199150 train_loss=0.5999
epoch=3 step=199200 train_loss=0.5680
epoch=3 step=199250 train_loss=0.5655
epoch=3 step=199300 train_loss=0.5429
epoch=3 step=199350 train_loss=0.5768
epoch=3 step=199400 train_loss=0.5980
epoch=3 step=199450 train_loss=0.5988
epoch=3 step=199500 train_loss=0.5629
[eval] step=199500 train=0.5888 val=0.5857
epoch=3 step=199550 train_loss=0.5495
epoch=3 step=199600 train_loss=0.6072
epoch=3 step=199650 train_loss=0.5326
epoch=3 step=199700 train_loss=0.5776
epoch=3 step=199750 train_loss=0.5668
epoch=3 step=199800 train_loss=0.5884
epoch=3 step=199850 train_loss=0.5361
epoch=3 step=199900 train_loss=0.5281
epoch=3 step=199950 train_loss=0.5552
epoch=3 step=200000 train_loss=0.6010
[eval] step=200000 train=0.5751 val=0.5911
epoch=3 step=200050 train_loss=0.5707
epoch=3 step=200100 train_loss=0.5934
epoch=3 step=200150 train_loss=0.5765
epoch=3 step=200200 train_loss=0.5993
epoch=3 step=200250 train_loss=0.6098
epoch=3 step=200300 train_loss=0.5385
epoch=3 step=200350 train_loss=0.5568
epoch=3 step=200400 train_loss=0.5465
epoch=3 step=200450 train_loss=0.5342
epoch=3 step=200500 train_loss=0.5612
[eval] step=200500 train=0.5695 val=0.5876
epoch=3 step=200550 train_loss=0.5749
epoch=3 step=200600 train_loss=0.6069
epoch=3 step=200650 train_loss=0.5439
epoch=3 step=200700 train_loss=0.5954
epoch=3 step=200750 train_loss=0.5963
epoch=3 step=200800 train_loss=0.6211
epoch=3 step=200850 train_loss=0.5563
epoch=3 step=200900 train_loss=0.5672
epoch=3 step=200950 train_loss=0.5987
epoch=3 step=201000 train_loss=0.5973
[eval] step=201000 train=0.5689 val=0.5872
epoch=3 step=201050 train_loss=0.5392
epoch=3 step=201100 train_loss=0.5703
epoch=3 step=201150 train_loss=0.5761
epoch=3 step=201200 train_loss=0.5699
epoch=3 step=201250 train_loss=0.6043
epoch=3 step=201300 train_loss=0.5667
epoch=3 step=201350 train_loss=0.5891
epoch=3 step=201400 train_loss=0.5900
epoch=3 step=201450 train_loss=0.5615
epoch=3 step=201500 train_loss=0.5884
[eval] step=201500 train=0.5633 val=0.5854
epoch=3 step=201550 train_loss=0.5912
epoch=3 step=201600 train_loss=0.6475
epoch=3 step=201650 train_loss=0.5739
epoch=3 step=201700 train_loss=0.6099
epoch=3 step=201750 train_loss=0.5517
epoch=3 step=201800 train_loss=0.5599
epoch=3 step=201850 train_loss=0.5718
epoch=3 step=201900 train_loss=0.5927
epoch=3 step=201950 train_loss=0.5786
epoch=3 step=202000 train_loss=0.5637
[eval] step=202000 train=0.5710 val=0.5866
epoch=3 step=202050 train_loss=0.5805
epoch=3 step=202100 train_loss=0.5486
epoch=3 step=202150 train_loss=0.5668
epoch=3 step=202200 train_loss=0.5424
epoch=3 step=202250 train_loss=0.5585
epoch=3 step=202300 train_loss=0.5658
epoch=3 step=202350 train_loss=0.5446
epoch=3 step=202400 train_loss=0.5383
epoch=3 step=202450 train_loss=0.6139
epoch=3 step=202500 train_loss=0.5857
[eval] step=202500 train=0.5745 val=0.5896
epoch=3 step=202550 train_loss=0.5415
epoch=3 step=202600 train_loss=0.6049
epoch=3 step=202650 train_loss=0.5865
epoch=3 step=202700 train_loss=0.5486
epoch=3 step=202750 train_loss=0.5628
epoch=3 step=202800 train_loss=0.5927
epoch=3 step=202850 train_loss=0.5520
epoch=3 step=202900 train_loss=0.5453
epoch=3 step=202950 train_loss=0.5583
epoch=3 step=203000 train_loss=0.5805
[eval] step=203000 train=0.5613 val=0.5913
epoch=3 step=203050 train_loss=0.5763
epoch=3 step=203100 train_loss=0.6152
epoch=3 step=203150 train_loss=0.5706
epoch=3 step=203200 train_loss=0.5601
epoch=3 step=203250 train_loss=0.5652
epoch=3 step=203300 train_loss=0.5841
epoch=3 step=203350 train_loss=0.5940
epoch=3 step=203400 train_loss=0.5634
epoch=3 step=203450 train_loss=0.5644
epoch=3 step=203500 train_loss=0.5727
[eval] step=203500 train=0.5725 val=0.5893
epoch=3 step=203550 train_loss=0.5894
epoch=3 step=203600 train_loss=0.5499
epoch=3 step=203650 train_loss=0.5803
epoch=3 step=203700 train_loss=0.6067
epoch=3 step=203750 train_loss=0.5662
epoch=3 step=203800 train_loss=0.5530
epoch=3 step=203850 train_loss=0.5447
epoch=3 step=203900 train_loss=0.5328
epoch=3 step=203950 train_loss=0.5665
epoch=3 step=204000 train_loss=0.5765
[eval] step=204000 train=0.5686 val=0.5873
epoch=3 step=204050 train_loss=0.5809
epoch=3 step=204100 train_loss=0.5931
epoch=3 step=204150 train_loss=0.5564
epoch=3 step=204200 train_loss=0.5743
epoch=3 step=204250 train_loss=0.6030
epoch=3 step=204300 train_loss=0.6278
epoch=3 step=204350 train_loss=0.5701
epoch=3 step=204400 train_loss=0.6393
epoch=3 step=204450 train_loss=0.5587
epoch=3 step=204500 train_loss=0.5742
[eval] step=204500 train=0.5688 val=0.5908
epoch=3 step=204550 train_loss=0.5750
epoch=3 step=204600 train_loss=0.6003
epoch=3 step=204650 train_loss=0.5471
epoch=3 step=204700 train_loss=0.6042
epoch=3 step=204750 train_loss=0.5428
epoch=3 step=204800 train_loss=0.5561
epoch=3 step=204850 train_loss=0.5850
epoch=3 step=204900 train_loss=0.5943
epoch=3 step=204950 train_loss=0.6297
epoch=3 step=205000 train_loss=0.5909
[eval] step=205000 train=0.5698 val=0.5929
epoch=3 step=205050 train_loss=0.6301
epoch=3 step=205100 train_loss=0.5306
epoch=3 step=205150 train_loss=0.5055
epoch=3 step=205200 train_loss=0.5576
epoch=3 step=205250 train_loss=0.5959
epoch=3 step=205300 train_loss=0.5833
epoch=3 step=205350 train_loss=0.6396
epoch=3 step=205400 train_loss=0.5058
epoch=3 step=205450 train_loss=0.5502
epoch=3 step=205500 train_loss=0.6501
[eval] step=205500 train=0.5729 val=0.5872
epoch=3 step=205550 train_loss=0.5693
epoch=3 step=205600 train_loss=0.6016
epoch=3 step=205650 train_loss=0.5638
epoch=3 step=205700 train_loss=0.5730
epoch=3 step=205750 train_loss=0.5889
epoch=3 step=205800 train_loss=0.6211
epoch=3 step=205850 train_loss=0.5551
epoch=3 step=205900 train_loss=0.5900
epoch=3 step=205950 train_loss=0.5562
epoch=3 step=206000 train_loss=0.5428
[eval] step=206000 train=0.5592 val=0.5915
epoch=3 step=206050 train_loss=0.5606
epoch=3 step=206100 train_loss=0.5717
epoch=3 step=206150 train_loss=0.5733
epoch=3 step=206200 train_loss=0.5508
epoch=3 step=206250 train_loss=0.5964
epoch=3 step=206300 train_loss=0.5722
epoch=3 step=206350 train_loss=0.5752
epoch=3 step=206400 train_loss=0.5795
epoch=3 step=206450 train_loss=0.5723
epoch=3 step=206500 train_loss=0.5666
[eval] step=206500 train=0.5729 val=0.5954
epoch=3 step=206550 train_loss=0.6091
epoch=3 step=206600 train_loss=0.6276
epoch=3 step=206650 train_loss=0.5729
epoch=3 step=206700 train_loss=0.6220
epoch=3 step=206750 train_loss=0.6077
epoch=3 step=206800 train_loss=0.5666
epoch=3 step=206850 train_loss=0.5715
epoch=3 step=206900 train_loss=0.5678
epoch=3 step=206950 train_loss=0.5625
epoch=3 step=207000 train_loss=0.5732
[eval] step=207000 train=0.5678 val=0.5889
epoch=3 step=207050 train_loss=0.5467
epoch=3 step=207100 train_loss=0.5226
epoch=3 step=207150 train_loss=0.5970
epoch=3 step=207200 train_loss=0.6245
epoch=3 step=207250 train_loss=0.5229
epoch=3 step=207300 train_loss=0.5781
epoch=3 step=207350 train_loss=0.5317
epoch=3 step=207400 train_loss=0.6057
epoch=3 step=207450 train_loss=0.5372
epoch=3 step=207500 train_loss=0.5389
[eval] step=207500 train=0.5657 val=0.5875
epoch=3 step=207550 train_loss=0.6257
epoch=3 step=207600 train_loss=0.5461
epoch=3 step=207650 train_loss=0.5989
epoch=3 step=207700 train_loss=0.6119
epoch=3 step=207750 train_loss=0.5603
epoch=3 step=207800 train_loss=0.5485
epoch=3 step=207850 train_loss=0.6001
epoch=3 step=207900 train_loss=0.6049
epoch=3 step=207950 train_loss=0.5837
epoch=3 step=208000 train_loss=0.5564
[eval] step=208000 train=0.5652 val=0.5851
epoch=3 step=208050 train_loss=0.6155
epoch=3 step=208100 train_loss=0.5322
epoch=3 step=208150 train_loss=0.5461
epoch=3 step=208200 train_loss=0.6085
epoch=3 step=208250 train_loss=0.5917
epoch=3 step=208300 train_loss=0.5690
epoch=3 step=208350 train_loss=0.5812
epoch=3 step=208400 train_loss=0.5906
epoch=3 step=208450 train_loss=0.5480
epoch=3 step=208500 train_loss=0.6193
[eval] step=208500 train=0.5612 val=0.5845
epoch=3 step=208550 train_loss=0.5784
epoch=3 step=208600 train_loss=0.5804
epoch=3 step=208650 train_loss=0.5655
epoch=3 step=208700 train_loss=0.5868
epoch=3 step=208750 train_loss=0.5117
epoch=3 step=208800 train_loss=0.5471
epoch=3 step=208850 train_loss=0.5890
epoch=3 step=208900 train_loss=0.6163
epoch=3 step=208950 train_loss=0.5782
epoch=3 step=209000 train_loss=0.6269
[eval] step=209000 train=0.5792 val=0.5927
epoch=3 step=209050 train_loss=0.5707
epoch=3 step=209100 train_loss=0.6064
epoch=3 step=209150 train_loss=0.5777
epoch=3 step=209200 train_loss=0.5916
epoch=3 step=209250 train_loss=0.5526
epoch=3 step=209300 train_loss=0.5834
epoch=3 step=209350 train_loss=0.5642
epoch=3 step=209400 train_loss=0.6280
epoch=3 step=209450 train_loss=0.6296
epoch=3 step=209500 train_loss=0.5772
[eval] step=209500 train=0.5699 val=0.5929
epoch=3 step=209550 train_loss=0.5786
epoch=3 step=209600 train_loss=0.6212
epoch=3 step=209650 train_loss=0.5639
epoch=3 step=209700 train_loss=0.5331
epoch=3 step=209750 train_loss=0.5554
epoch=3 step=209800 train_loss=0.5708
epoch=3 step=209850 train_loss=0.5879
epoch=3 step=209900 train_loss=0.5925
epoch=3 step=209950 train_loss=0.6094
epoch=3 step=210000 train_loss=0.5872
[eval] step=210000 train=0.5706 val=0.5871
epoch=3 step=210050 train_loss=0.6192
epoch=3 step=210100 train_loss=0.5786
epoch=3 step=210150 train_loss=0.5442
epoch=3 step=210200 train_loss=0.5967
epoch=3 step=210250 train_loss=0.5785
epoch=3 step=210300 train_loss=0.5374
epoch=3 step=210350 train_loss=0.5373
epoch=3 step=210400 train_loss=0.5320
epoch=3 step=210450 train_loss=0.5599
epoch=3 step=210500 train_loss=0.5894
[eval] step=210500 train=0.5671 val=0.5914
epoch=3 step=210550 train_loss=0.6030
epoch=3 step=210600 train_loss=0.5906
epoch=3 step=210650 train_loss=0.5714
epoch=3 step=210700 train_loss=0.5677
epoch=3 step=210750 train_loss=0.5227
epoch=3 step=210800 train_loss=0.5789
epoch=3 step=210850 train_loss=0.5438
epoch=3 step=210900 train_loss=0.5906
epoch=3 step=210950 train_loss=0.5797
epoch=3 step=211000 train_loss=0.5480
[eval] step=211000 train=0.5804 val=0.5872
epoch=3 step=211050 train_loss=0.5673
epoch=3 step=211100 train_loss=0.6076
epoch=3 step=211150 train_loss=0.6089
epoch=3 step=211200 train_loss=0.6087
epoch=3 step=211250 train_loss=0.5546
epoch=3 step=211300 train_loss=0.5915
epoch=3 step=211350 train_loss=0.5204
epoch=3 step=211400 train_loss=0.6032
epoch=3 step=211450 train_loss=0.6513
epoch=3 step=211500 train_loss=0.5550
[eval] step=211500 train=0.5652 val=0.5896
epoch=3 step=211550 train_loss=0.5661
epoch=3 step=211600 train_loss=0.5749
epoch=3 step=211650 train_loss=0.5657
epoch=3 step=211700 train_loss=0.5630
epoch=3 step=211750 train_loss=0.5926
epoch=3 step=211800 train_loss=0.5634
epoch=3 step=211850 train_loss=0.6010
epoch=3 step=211900 train_loss=0.5619
epoch=3 step=211950 train_loss=0.5435
epoch=3 step=212000 train_loss=0.5528
[eval] step=212000 train=0.5697 val=0.5878
epoch=3 step=212050 train_loss=0.5933
epoch=3 step=212100 train_loss=0.5907
epoch=3 step=212150 train_loss=0.5707
epoch=3 step=212200 train_loss=0.5482
epoch=3 step=212250 train_loss=0.5795
epoch=3 step=212300 train_loss=0.5779
epoch=3 step=212350 train_loss=0.6138
epoch=3 step=212400 train_loss=0.5635
epoch=3 step=212450 train_loss=0.5833
epoch=3 step=212500 train_loss=0.5986
[eval] step=212500 train=0.5621 val=0.5866
epoch=3 step=212550 train_loss=0.5616
epoch=3 step=212600 train_loss=0.5758
epoch=3 step=212650 train_loss=0.6132
epoch=3 step=212700 train_loss=0.5415
epoch=3 step=212750 train_loss=0.5729
epoch=3 step=212800 train_loss=0.5515
epoch=3 step=212850 train_loss=0.5526
epoch=3 step=212900 train_loss=0.5875
epoch=3 step=212950 train_loss=0.5296
epoch=3 step=213000 train_loss=0.5047
[eval] step=213000 train=0.5670 val=0.5929
epoch=3 step=213050 train_loss=0.5923
epoch=3 step=213100 train_loss=0.6007
epoch=3 step=213150 train_loss=0.5840
epoch=3 step=213200 train_loss=0.5476
epoch=3 step=213250 train_loss=0.5937
epoch=3 step=213300 train_loss=0.5391
epoch=3 step=213350 train_loss=0.5888
epoch=3 step=213400 train_loss=0.5798
epoch=3 step=213450 train_loss=0.5681
epoch=3 step=213500 train_loss=0.5946
[eval] step=213500 train=0.5678 val=0.5868
epoch=3 step=213550 train_loss=0.5485
epoch=3 step=213600 train_loss=0.5822
epoch=3 step=213650 train_loss=0.5787
epoch=3 step=213700 train_loss=0.5806
epoch=3 step=213750 train_loss=0.6087
epoch=3 step=213800 train_loss=0.5753
epoch=3 step=213850 train_loss=0.6129
epoch=3 step=213900 train_loss=0.5821
epoch=3 step=213950 train_loss=0.5873
epoch=3 step=214000 train_loss=0.5695
[eval] step=214000 train=0.5685 val=0.5901
epoch=3 step=214050 train_loss=0.4999
epoch=3 step=214100 train_loss=0.5732
epoch=3 step=214150 train_loss=0.5753
epoch=3 step=214200 train_loss=0.5675
epoch=3 step=214250 train_loss=0.5869
epoch=3 step=214300 train_loss=0.5334
epoch=3 step=214350 train_loss=0.5413
epoch=3 step=214400 train_loss=0.5602
epoch=3 step=214450 train_loss=0.5865
epoch=3 step=214500 train_loss=0.5332
[eval] step=214500 train=0.5721 val=0.5869
epoch=3 step=214550 train_loss=0.5839
epoch=3 step=214600 train_loss=0.5736
epoch=3 step=214650 train_loss=0.5834
epoch=3 step=214700 train_loss=0.5772
epoch=3 step=214750 train_loss=0.5521
epoch=3 step=214800 train_loss=0.5525
epoch=3 step=214850 train_loss=0.5368
epoch=3 step=214900 train_loss=0.5764
epoch=3 step=214950 train_loss=0.5491
epoch=3 step=215000 train_loss=0.5854
[eval] step=215000 train=0.5760 val=0.5879
epoch=3 step=215050 train_loss=0.5648
epoch=3 step=215100 train_loss=0.5668
epoch=3 step=215150 train_loss=0.5862
epoch=3 step=215200 train_loss=0.5721
epoch=3 step=215250 train_loss=0.5684
epoch=3 step=215300 train_loss=0.5897
epoch=3 step=215350 train_loss=0.5256
epoch=3 step=215400 train_loss=0.5844
epoch=3 step=215450 train_loss=0.5536
epoch=3 step=215500 train_loss=0.6217
[eval] step=215500 train=0.5639 val=0.5854
epoch=3 step=215550 train_loss=0.5735
epoch=3 step=215600 train_loss=0.6191
epoch=3 step=215650 train_loss=0.5545
epoch=3 step=215700 train_loss=0.5764
epoch=3 step=215750 train_loss=0.5431
epoch=3 step=215800 train_loss=0.6045
epoch=3 step=215850 train_loss=0.5792
epoch=3 step=215900 train_loss=0.5587
epoch=3 step=215950 train_loss=0.5877
epoch=3 step=216000 train_loss=0.6499
[eval] step=216000 train=0.5680 val=0.5936
epoch=3 step=216050 train_loss=0.6327
epoch=3 step=216100 train_loss=0.6697
epoch=3 step=216150 train_loss=0.5683
epoch=3 step=216200 train_loss=0.6063
epoch=3 step=216250 train_loss=0.5160
epoch=3 step=216300 train_loss=0.6012
epoch=3 step=216350 train_loss=0.6102
epoch=3 step=216400 train_loss=0.6044
epoch=3 step=216450 train_loss=0.5778
epoch=3 step=216500 train_loss=0.5724
[eval] step=216500 train=0.5787 val=0.5848
epoch=3 step=216550 train_loss=0.6381
epoch=3 step=216600 train_loss=0.6101
epoch=3 step=216650 train_loss=0.5628
epoch=3 step=216700 train_loss=0.5999
epoch=3 step=216750 train_loss=0.5374
epoch=3 step=216800 train_loss=0.5993
epoch=3 step=216850 train_loss=0.5806
epoch=3 step=216900 train_loss=0.5992
epoch=3 step=216950 train_loss=0.5579
epoch=3 step=217000 train_loss=0.5839
[eval] step=217000 train=0.5771 val=0.5902
epoch=3 step=217050 train_loss=0.6054
epoch=3 step=217100 train_loss=0.5810
epoch=3 step=217150 train_loss=0.6141
epoch=3 step=217200 train_loss=0.5790
epoch=3 step=217250 train_loss=0.5640
epoch=3 step=217300 train_loss=0.5533
epoch=3 step=217350 train_loss=0.5448
epoch=3 step=217400 train_loss=0.5851
epoch=3 step=217450 train_loss=0.5371
epoch=3 step=217500 train_loss=0.5849
[eval] step=217500 train=0.5788 val=0.5900
epoch=3 step=217550 train_loss=0.6047
epoch=3 step=217600 train_loss=0.5365
epoch=3 step=217650 train_loss=0.5622
epoch=3 step=217700 train_loss=0.5367
epoch=3 step=217750 train_loss=0.6170
epoch=3 step=217800 train_loss=0.6202
epoch=3 step=217850 train_loss=0.5682
epoch=3 step=217900 train_loss=0.5584
epoch=3 step=217950 train_loss=0.5663
epoch=3 step=218000 train_loss=0.5521
[eval] step=218000 train=0.5675 val=0.5894
epoch=3 step=218050 train_loss=0.5725
epoch=3 step=218100 train_loss=0.5596
epoch=3 step=218150 train_loss=0.5473
epoch=3 step=218200 train_loss=0.6115
epoch=3 step=218250 train_loss=0.5639
epoch=3 step=218300 train_loss=0.5489
epoch=3 step=218350 train_loss=0.6229
epoch=3 step=218400 train_loss=0.6057
epoch=3 step=218450 train_loss=0.5480
epoch=3 step=218500 train_loss=0.6073
[eval] step=218500 train=0.5663 val=0.5888
epoch=3 step=218550 train_loss=0.5304
epoch=3 step=218600 train_loss=0.5256
epoch=3 step=218650 train_loss=0.6350
epoch=3 step=218700 train_loss=0.5824
epoch=3 step=218750 train_loss=0.5392
epoch=3 step=218800 train_loss=0.5830
epoch=3 step=218850 train_loss=0.6335
epoch=3 step=218900 train_loss=0.5936
epoch=3 step=218950 train_loss=0.6222
epoch=3 step=219000 train_loss=0.5534
[eval] step=219000 train=0.5677 val=0.5835
epoch=3 step=219050 train_loss=0.6012
epoch=3 step=219100 train_loss=0.6191
epoch=3 step=219150 train_loss=0.5482
epoch=3 step=219200 train_loss=0.5712
epoch=3 step=219250 train_loss=0.6018
epoch=3 step=219300 train_loss=0.5843
epoch=3 step=219350 train_loss=0.5432
epoch=3 step=219400 train_loss=0.5863
epoch=3 step=219450 train_loss=0.5604
epoch=3 step=219500 train_loss=0.5894
[eval] step=219500 train=0.5637 val=0.5943
epoch=3 step=219550 train_loss=0.6136
epoch=3 step=219600 train_loss=0.5630
epoch=3 step=219650 train_loss=0.6068
epoch=3 step=219700 train_loss=0.6009
epoch=3 step=219750 train_loss=0.5958
epoch=3 step=219800 train_loss=0.5718
epoch=3 step=219850 train_loss=0.5891
epoch=3 step=219900 train_loss=0.5434
epoch=3 step=219950 train_loss=0.5876
epoch=3 step=220000 train_loss=0.6083
[eval] step=220000 train=0.5709 val=0.5847
epoch=3 step=220050 train_loss=0.5564
epoch=3 step=220100 train_loss=0.5561
epoch=3 step=220150 train_loss=0.5924
epoch=3 step=220200 train_loss=0.5626
epoch=3 step=220250 train_loss=0.5497
epoch=3 step=220300 train_loss=0.5483
epoch=3 step=220350 train_loss=0.5876
epoch=3 step=220400 train_loss=0.5955
epoch=3 step=220450 train_loss=0.6233
epoch=3 step=220500 train_loss=0.5499
[eval] step=220500 train=0.5785 val=0.5892
epoch=3 step=220550 train_loss=0.5217
epoch=3 step=220600 train_loss=0.6095
epoch=3 step=220650 train_loss=0.5334
epoch=3 step=220700 train_loss=0.5354
epoch=3 step=220750 train_loss=0.5534
epoch=3 step=220800 train_loss=0.5348
epoch=3 step=220850 train_loss=0.5739
epoch=3 step=220900 train_loss=0.6063
epoch=3 step=220950 train_loss=0.5977
epoch=3 step=221000 train_loss=0.5791
[eval] step=221000 train=0.5652 val=0.5849
epoch=3 step=221050 train_loss=0.5922
epoch=3 step=221100 train_loss=0.5903
epoch=3 step=221150 train_loss=0.6292
epoch=3 step=221200 train_loss=0.5597
epoch=3 step=221250 train_loss=0.5843
epoch=3 step=221300 train_loss=0.5712
epoch=3 step=221350 train_loss=0.5934
epoch=3 step=221400 train_loss=0.5689
epoch=3 step=221450 train_loss=0.5512
epoch=3 step=221500 train_loss=0.5785
[eval] step=221500 train=0.5667 val=0.5970
epoch=3 step=221550 train_loss=0.5675
epoch=3 step=221600 train_loss=0.5866
epoch=3 step=221650 train_loss=0.5757
epoch=3 step=221700 train_loss=0.5391
epoch=3 step=221750 train_loss=0.6064
epoch=3 step=221800 train_loss=0.6386
epoch=3 step=221850 train_loss=0.5485
epoch=3 step=221900 train_loss=0.5623
epoch=3 step=221950 train_loss=0.5613
epoch=3 step=222000 train_loss=0.5751
[eval] step=222000 train=0.5680 val=0.5891
epoch=3 step=222050 train_loss=0.6172
epoch=3 step=222100 train_loss=0.5744
epoch=3 step=222150 train_loss=0.5829
epoch=3 step=222200 train_loss=0.5617
epoch=3 step=222250 train_loss=0.5273
epoch=3 step=222300 train_loss=0.5510
epoch=3 step=222350 train_loss=0.6262
epoch=3 step=222400 train_loss=0.5800
epoch=3 step=222450 train_loss=0.6036
epoch=3 step=222500 train_loss=0.5166
[eval] step=222500 train=0.5736 val=0.5904
epoch=3 step=222550 train_loss=0.5687
epoch=3 step=222600 train_loss=0.6027
epoch=3 step=222650 train_loss=0.5464
epoch=3 step=222700 train_loss=0.5792
epoch=3 step=222750 train_loss=0.5759
epoch=3 step=222800 train_loss=0.6291
epoch=3 step=222850 train_loss=0.5933
epoch=3 step=222900 train_loss=0.6140
epoch=3 step=222950 train_loss=0.5788
epoch=3 step=223000 train_loss=0.5773
[eval] step=223000 train=0.5550 val=0.5912
epoch=3 step=223050 train_loss=0.5574
epoch=3 step=223100 train_loss=0.5892
epoch=3 step=223150 train_loss=0.6087
epoch=3 step=223200 train_loss=0.5564
epoch=3 step=223250 train_loss=0.5545
epoch=3 step=223300 train_loss=0.5310
epoch=3 step=223350 train_loss=0.5651
epoch=3 step=223400 train_loss=0.5967
epoch=3 step=223450 train_loss=0.5850
epoch=3 step=223500 train_loss=0.5640
[eval] step=223500 train=0.5678 val=0.5975
epoch=3 step=223550 train_loss=0.5407
epoch=3 step=223600 train_loss=0.5767
epoch=3 step=223650 train_loss=0.5780
epoch=3 step=223700 train_loss=0.5650
epoch=3 step=223750 train_loss=0.5697
epoch=3 step=223800 train_loss=0.5464
epoch=3 step=223850 train_loss=0.6036
epoch=3 step=223900 train_loss=0.5545
epoch=3 step=223950 train_loss=0.6030
epoch=3 step=224000 train_loss=0.6244
[eval] step=224000 train=0.5644 val=0.5887
epoch=3 step=224050 train_loss=0.5890
epoch=3 step=224100 train_loss=0.5729
epoch=3 step=224150 train_loss=0.5807
epoch=3 step=224200 train_loss=0.5718
epoch=3 step=224250 train_loss=0.5963
epoch=3 step=224300 train_loss=0.5600
epoch=3 step=224350 train_loss=0.5562
epoch=3 step=224400 train_loss=0.5839
epoch=3 step=224450 train_loss=0.5559
epoch=3 step=224500 train_loss=0.6242
[eval] step=224500 train=0.5746 val=0.5938
epoch=3 step=224550 train_loss=0.5493
epoch=3 step=224600 train_loss=0.5543
epoch=3 step=224650 train_loss=0.5975
epoch=3 step=224700 train_loss=0.5708
epoch=3 step=224750 train_loss=0.5168
epoch=3 step=224800 train_loss=0.5773
epoch=3 step=224850 train_loss=0.5987
epoch=3 step=224900 train_loss=0.6092
epoch=3 step=224950 train_loss=0.5777
epoch=3 step=225000 train_loss=0.5768
[eval] step=225000 train=0.5698 val=0.5925
epoch=3 step=225050 train_loss=0.5554
epoch=3 step=225100 train_loss=0.5383
epoch=3 step=225150 train_loss=0.6022
epoch=3 step=225200 train_loss=0.5404
epoch=3 step=225250 train_loss=0.5590
epoch=3 step=225300 train_loss=0.5477
epoch=3 step=225350 train_loss=0.5704
epoch=3 step=225400 train_loss=0.5998
epoch=3 step=225450 train_loss=0.5891
epoch=3 step=225500 train_loss=0.6031
[eval] step=225500 train=0.5679 val=0.5811
saved best checkpoint to out-battery/best_ckpt.pt
epoch=3 step=225550 train_loss=0.5712
epoch=3 step=225600 train_loss=0.5873
epoch=3 step=225650 train_loss=0.5689
epoch=3 step=225700 train_loss=0.5598
epoch=3 step=225750 train_loss=0.5813
epoch=3 step=225800 train_loss=0.5592
epoch=3 step=225850 train_loss=0.5767
epoch=3 step=225900 train_loss=0.5688
epoch=3 step=225950 train_loss=0.5885
epoch=3 step=226000 train_loss=0.5972
[eval] step=226000 train=0.5607 val=0.5884
epoch=3 step=226050 train_loss=0.6263
epoch=3 step=226100 train_loss=0.5850
epoch=3 step=226150 train_loss=0.5792
epoch=3 step=226200 train_loss=0.5880
epoch=3 step=226250 train_loss=0.5342
epoch=3 step=226300 train_loss=0.5560
epoch=3 step=226350 train_loss=0.5610
epoch=3 step=226400 train_loss=0.5720
epoch=3 step=226450 train_loss=0.5690
epoch=3 step=226500 train_loss=0.5630
[eval] step=226500 train=0.5691 val=0.5901
epoch=3 step=226550 train_loss=0.5756
epoch=3 step=226600 train_loss=0.5648
epoch=3 step=226650 train_loss=0.5872
epoch=3 step=226700 train_loss=0.6068
epoch=3 step=226750 train_loss=0.6025
epoch=3 step=226800 train_loss=0.5459
epoch=3 step=226850 train_loss=0.5567
epoch=3 step=226900 train_loss=0.5595
epoch=3 step=226950 train_loss=0.5695
epoch=3 step=227000 train_loss=0.5692
[eval] step=227000 train=0.5680 val=0.5824
epoch=3 step=227050 train_loss=0.5544
epoch=3 step=227100 train_loss=0.6120
epoch=3 step=227150 train_loss=0.5718
epoch=3 step=227200 train_loss=0.5792
epoch=3 step=227250 train_loss=0.5731
epoch=3 step=227300 train_loss=0.5816
epoch=3 step=227350 train_loss=0.5743
epoch=3 step=227400 train_loss=0.5461
epoch=3 step=227450 train_loss=0.5635
epoch=3 step=227500 train_loss=0.5652
[eval] step=227500 train=0.5622 val=0.5873
epoch=3 step=227550 train_loss=0.5684
epoch=3 step=227600 train_loss=0.6054
epoch=3 step=227650 train_loss=0.5976
epoch=3 step=227700 train_loss=0.6050
epoch=3 step=227750 train_loss=0.6139
epoch=3 step=227800 train_loss=0.5755
epoch=3 step=227850 train_loss=0.5531
epoch=3 step=227900 train_loss=0.5865
epoch=3 step=227950 train_loss=0.5774
epoch=3 step=228000 train_loss=0.5310
[eval] step=228000 train=0.5692 val=0.5828
epoch=3 step=228050 train_loss=0.5542
epoch=3 step=228100 train_loss=0.5970
epoch=3 step=228150 train_loss=0.5647
epoch=3 step=228200 train_loss=0.6053
epoch=3 step=228250 train_loss=0.5452
epoch=3 step=228300 train_loss=0.5716
epoch=3 step=228350 train_loss=0.5671
epoch=3 step=228400 train_loss=0.5477
epoch=3 step=228450 train_loss=0.5913
epoch=3 step=228500 train_loss=0.5801
[eval] step=228500 train=0.5726 val=0.5885
epoch=3 step=228550 train_loss=0.5343
epoch=3 step=228600 train_loss=0.5586
epoch=3 step=228650 train_loss=0.5384
epoch=3 step=228700 train_loss=0.5700
epoch=3 step=228750 train_loss=0.5743
epoch=3 step=228800 train_loss=0.5615
epoch=3 step=228850 train_loss=0.6066
epoch=3 step=228900 train_loss=0.5457
epoch=3 step=228950 train_loss=0.5977
epoch=3 step=229000 train_loss=0.5052
[eval] step=229000 train=0.5734 val=0.5902
epoch=3 step=229050 train_loss=0.6042
epoch=3 step=229100 train_loss=0.5443
epoch=3 step=229150 train_loss=0.5573
epoch=3 step=229200 train_loss=0.6212
epoch=3 step=229250 train_loss=0.5776
epoch=3 step=229300 train_loss=0.5810
epoch=3 step=229350 train_loss=0.5939
epoch=3 step=229400 train_loss=0.5758
epoch=3 step=229450 train_loss=0.5258
epoch=3 step=229500 train_loss=0.5536
[eval] step=229500 train=0.5746 val=0.5903
epoch=3 step=229550 train_loss=0.5619
epoch=3 step=229600 train_loss=0.6205
epoch=3 step=229650 train_loss=0.5322
epoch=3 step=229700 train_loss=0.5480
epoch=3 step=229750 train_loss=0.5567
epoch=3 step=229800 train_loss=0.5115
epoch=3 step=229850 train_loss=0.5941
epoch=3 step=229900 train_loss=0.5684
epoch=3 step=229950 train_loss=0.5808
epoch=3 step=230000 train_loss=0.5101
[eval] step=230000 train=0.5675 val=0.5879
epoch=3 step=230050 train_loss=0.5606
epoch=3 step=230100 train_loss=0.5965
epoch=3 step=230150 train_loss=0.5566
epoch=3 step=230200 train_loss=0.5978
epoch=3 step=230250 train_loss=0.5737
epoch=3 step=230300 train_loss=0.5697
epoch=3 step=230350 train_loss=0.5717
epoch=3 step=230400 train_loss=0.5587
epoch=3 step=230450 train_loss=0.6042
epoch=3 step=230500 train_loss=0.5912
[eval] step=230500 train=0.5752 val=0.5876
epoch=3 step=230550 train_loss=0.6051
epoch=3 step=230600 train_loss=0.5990
epoch=3 step=230650 train_loss=0.5558
epoch=3 step=230700 train_loss=0.5359
epoch=3 step=230750 train_loss=0.5474
epoch=3 step=230800 train_loss=0.5671
epoch=3 step=230850 train_loss=0.5647
epoch=3 step=230900 train_loss=0.5984
epoch=3 step=230950 train_loss=0.6091
epoch=3 step=231000 train_loss=0.6125
[eval] step=231000 train=0.5642 val=0.5845
epoch=3 step=231050 train_loss=0.5739
epoch=3 step=231100 train_loss=0.5854
epoch=3 step=231150 train_loss=0.5675
epoch=3 step=231200 train_loss=0.5815
epoch=3 step=231250 train_loss=0.5872
epoch=3 step=231300 train_loss=0.5437
epoch=3 step=231350 train_loss=0.6087
epoch=3 step=231400 train_loss=0.5273
epoch=3 step=231450 train_loss=0.5859
epoch=3 step=231500 train_loss=0.5630
[eval] step=231500 train=0.5680 val=0.5807
saved best checkpoint to out-battery/best_ckpt.pt
epoch=3 step=231550 train_loss=0.5523
epoch=3 step=231600 train_loss=0.5679
epoch=3 step=231650 train_loss=0.5926
epoch=3 step=231700 train_loss=0.5794
epoch=3 step=231750 train_loss=0.6106
epoch=3 step=231800 train_loss=0.6031
epoch=3 step=231850 train_loss=0.5389
epoch=3 step=231900 train_loss=0.5634
epoch=3 step=231950 train_loss=0.6238
epoch=3 step=232000 train_loss=0.5895
[eval] step=232000 train=0.5834 val=0.5879
epoch=3 step=232050 train_loss=0.6114
epoch=3 step=232100 train_loss=0.5772
epoch=3 step=232150 train_loss=0.5557
epoch=3 step=232200 train_loss=0.6089
epoch=3 step=232250 train_loss=0.5273
epoch=3 step=232300 train_loss=0.5742
epoch=3 step=232350 train_loss=0.5557
epoch=3 step=232400 train_loss=0.5850
epoch=3 step=232450 train_loss=0.5969
epoch=3 step=232500 train_loss=0.6343
[eval] step=232500 train=0.5650 val=0.5896
epoch=3 step=232550 train_loss=0.5538
epoch=3 step=232600 train_loss=0.6324
epoch=3 step=232650 train_loss=0.5631
epoch=3 step=232700 train_loss=0.6099
epoch=3 step=232750 train_loss=0.5713
epoch=3 step=232800 train_loss=0.6305
epoch=3 step=232850 train_loss=0.5881
epoch=3 step=232900 train_loss=0.5573
epoch=3 step=232950 train_loss=0.5594
epoch=3 step=233000 train_loss=0.5366
[eval] step=233000 train=0.5773 val=0.5889
epoch=3 step=233050 train_loss=0.5383
epoch=3 step=233100 train_loss=0.5414
epoch=3 step=233150 train_loss=0.5398
epoch=3 step=233200 train_loss=0.5212
epoch=3 step=233250 train_loss=0.5869
epoch=3 step=233300 train_loss=0.6009
epoch=3 step=233350 train_loss=0.5437
epoch=3 step=233400 train_loss=0.5416
epoch=3 step=233450 train_loss=0.6020
epoch=3 step=233500 train_loss=0.5882
[eval] step=233500 train=0.5648 val=0.5930
epoch=3 step=233550 train_loss=0.5656
epoch=3 step=233600 train_loss=0.5414
epoch=3 step=233650 train_loss=0.5504
epoch=3 step=233700 train_loss=0.6137
epoch=3 step=233750 train_loss=0.5184
epoch=3 step=233800 train_loss=0.5902
epoch=3 step=233850 train_loss=0.5730
epoch=3 step=233900 train_loss=0.5981
epoch=3 step=233950 train_loss=0.5834
epoch=3 step=234000 train_loss=0.5533
[eval] step=234000 train=0.5687 val=0.5843
epoch=3 step=234050 train_loss=0.5212
epoch=3 step=234100 train_loss=0.5445
epoch=3 step=234150 train_loss=0.6219
epoch=3 step=234200 train_loss=0.5952
epoch=3 step=234250 train_loss=0.6163
epoch=3 step=234300 train_loss=0.6246
epoch=3 step=234350 train_loss=0.5766
epoch=3 step=234400 train_loss=0.5658
epoch=3 step=234450 train_loss=0.5892
epoch=3 step=234500 train_loss=0.5815
[eval] step=234500 train=0.5659 val=0.5868
epoch=3 step=234550 train_loss=0.5832
epoch=3 step=234600 train_loss=0.5599
epoch=3 step=234650 train_loss=0.5865
epoch=3 step=234700 train_loss=0.5979
epoch=3 step=234750 train_loss=0.5476
epoch=3 step=234800 train_loss=0.5819
epoch=3 step=234850 train_loss=0.5924
epoch=3 step=234900 train_loss=0.5943
epoch=3 step=234950 train_loss=0.5969
epoch=3 step=235000 train_loss=0.5615
[eval] step=235000 train=0.5734 val=0.5864
epoch=3 step=235050 train_loss=0.6042
epoch=3 step=235100 train_loss=0.5749
epoch=3 step=235150 train_loss=0.6029
epoch=3 step=235200 train_loss=0.5572
epoch=3 step=235250 train_loss=0.5623
epoch=3 step=235300 train_loss=0.5517
epoch=3 step=235350 train_loss=0.6069
epoch=3 step=235400 train_loss=0.5943
epoch=3 step=235450 train_loss=0.5729
epoch=3 step=235500 train_loss=0.5597
[eval] step=235500 train=0.5607 val=0.5886
epoch=3 step=235550 train_loss=0.5807
epoch=3 step=235600 train_loss=0.5447
epoch=3 step=235650 train_loss=0.5753
epoch=3 step=235700 train_loss=0.5484
epoch=3 step=235750 train_loss=0.5272
epoch=3 step=235800 train_loss=0.6132
epoch=3 step=235850 train_loss=0.5654
epoch=3 step=235900 train_loss=0.5708
epoch=3 step=235950 train_loss=0.5668
epoch=3 step=236000 train_loss=0.5493
[eval] step=236000 train=0.5696 val=0.5885
epoch=3 step=236050 train_loss=0.5867
epoch=3 step=236100 train_loss=0.5523
epoch=3 step=236150 train_loss=0.5634
epoch=3 step=236200 train_loss=0.5875
epoch=3 step=236250 train_loss=0.6041
epoch=3 step=236300 train_loss=0.5525
epoch=3 step=236350 train_loss=0.5530
epoch=3 step=236400 train_loss=0.6062
epoch=3 step=236450 train_loss=0.5510
epoch=3 step=236500 train_loss=0.5887
[eval] step=236500 train=0.5699 val=0.5852
epoch=3 step=236550 train_loss=0.5838
epoch=3 step=236600 train_loss=0.6202
epoch=3 step=236650 train_loss=0.5632
epoch=3 step=236700 train_loss=0.5579
epoch=3 step=236750 train_loss=0.5600
epoch=3 step=236800 train_loss=0.5695
epoch=3 step=236850 train_loss=0.5808
epoch=3 step=236900 train_loss=0.5696
epoch=3 step=236950 train_loss=0.5827
epoch=3 step=237000 train_loss=0.5486
[eval] step=237000 train=0.5643 val=0.5883
epoch=3 step=237050 train_loss=0.5517
epoch=3 step=237100 train_loss=0.5706
epoch=3 step=237150 train_loss=0.5139
epoch=3 step=237200 train_loss=0.5711
epoch=3 step=237250 train_loss=0.5651
epoch=3 step=237300 train_loss=0.5636
epoch=3 step=237350 train_loss=0.5693
epoch=3 step=237400 train_loss=0.5972
epoch=3 step=237450 train_loss=0.5760
epoch=3 step=237500 train_loss=0.5143
[eval] step=237500 train=0.5711 val=0.5867
epoch=3 step=237550 train_loss=0.5846
epoch=3 step=237600 train_loss=0.5427
epoch=3 step=237650 train_loss=0.5680
epoch=3 step=237700 train_loss=0.5829
epoch=3 step=237750 train_loss=0.5876
epoch=3 step=237800 train_loss=0.5437
epoch=3 step=237850 train_loss=0.6127
epoch=3 step=237900 train_loss=0.5532
epoch=3 step=237950 train_loss=0.5899
epoch=3 step=238000 train_loss=0.6067
[eval] step=238000 train=0.5690 val=0.5859
epoch=3 step=238050 train_loss=0.5846
epoch=3 step=238100 train_loss=0.5677
epoch=3 step=238150 train_loss=0.5879
epoch=3 step=238200 train_loss=0.5596
epoch=3 step=238250 train_loss=0.5471
epoch=3 step=238300 train_loss=0.5971
epoch=3 step=238350 train_loss=0.5648
epoch=3 step=238400 train_loss=0.5886
epoch=3 step=238450 train_loss=0.5755
epoch=3 step=238500 train_loss=0.5636
[eval] step=238500 train=0.5785 val=0.5840
epoch=3 step=238550 train_loss=0.5892
epoch=3 step=238600 train_loss=0.6061
epoch=3 step=238650 train_loss=0.5977
epoch=3 step=238700 train_loss=0.5829
epoch=3 step=238750 train_loss=0.6027
epoch=3 step=238800 train_loss=0.5702
epoch=3 step=238850 train_loss=0.5945
epoch=3 step=238900 train_loss=0.6162
epoch=3 step=238950 train_loss=0.5698
epoch=3 step=239000 train_loss=0.6089
[eval] step=239000 train=0.5751 val=0.5906
epoch=3 step=239050 train_loss=0.5441
epoch=3 step=239100 train_loss=0.6005
epoch=3 step=239150 train_loss=0.5811
epoch=3 step=239200 train_loss=0.6225
epoch=3 step=239250 train_loss=0.5784
epoch=3 step=239300 train_loss=0.5870
epoch=3 step=239350 train_loss=0.5928
epoch=3 step=239400 train_loss=0.5779
epoch=3 step=239450 train_loss=0.5620
epoch=3 step=239500 train_loss=0.6075
[eval] step=239500 train=0.5754 val=0.5864
epoch=3 step=239550 train_loss=0.5630
epoch=3 step=239600 train_loss=0.5966
epoch=3 step=239650 train_loss=0.5598
epoch=3 step=239700 train_loss=0.5951
epoch=3 step=239750 train_loss=0.6413
epoch=3 step=239800 train_loss=0.6018
epoch=3 step=239850 train_loss=0.6130
epoch=3 step=239900 train_loss=0.5843
epoch=3 step=239950 train_loss=0.5636
epoch=3 step=240000 train_loss=0.5717
[eval] step=240000 train=0.5632 val=0.5853
epoch=3 step=240050 train_loss=0.5402
epoch=3 step=240100 train_loss=0.5186
epoch=3 step=240150 train_loss=0.5383
epoch=3 step=240200 train_loss=0.5660
epoch=3 step=240250 train_loss=0.5641
epoch=3 step=240300 train_loss=0.6019
epoch=3 step=240350 train_loss=0.5526
epoch=3 step=240400 train_loss=0.5251
epoch=3 step=240450 train_loss=0.5154
epoch=3 step=240500 train_loss=0.5902
[eval] step=240500 train=0.5573 val=0.5873
epoch=3 step=240550 train_loss=0.5698
epoch=3 step=240600 train_loss=0.6176
epoch=3 step=240650 train_loss=0.5648
epoch=3 step=240700 train_loss=0.5881
epoch=3 step=240750 train_loss=0.5322
epoch=3 step=240800 train_loss=0.5256
epoch=3 step=240850 train_loss=0.5756
epoch=3 step=240900 train_loss=0.5741
epoch=3 step=240950 train_loss=0.5491
epoch=3 step=241000 train_loss=0.5271
[eval] step=241000 train=0.5638 val=0.5878
epoch=3 step=241050 train_loss=0.5626
epoch=3 step=241100 train_loss=0.5912
epoch=3 step=241150 train_loss=0.5908
epoch=3 step=241200 train_loss=0.5582
epoch=3 step=241250 train_loss=0.5788
epoch=3 step=241300 train_loss=0.5680
epoch=3 step=241350 train_loss=0.5803
epoch=3 step=241400 train_loss=0.5914
epoch=3 step=241450 train_loss=0.5439
epoch=3 step=241500 train_loss=0.5696
[eval] step=241500 train=0.5579 val=0.5905
epoch=3 step=241550 train_loss=0.5639
epoch=3 step=241600 train_loss=0.5665
epoch=3 step=241650 train_loss=0.5736
epoch=3 step=241700 train_loss=0.5627
epoch=3 step=241750 train_loss=0.5342
epoch=3 step=241800 train_loss=0.6245
epoch=3 step=241850 train_loss=0.5644
epoch=3 step=241900 train_loss=0.5987
epoch=3 step=241950 train_loss=0.5691
epoch=3 step=242000 train_loss=0.5787
[eval] step=242000 train=0.5793 val=0.5900
epoch=3 step=242050 train_loss=0.5915
epoch=3 step=242100 train_loss=0.5809
epoch=3 step=242150 train_loss=0.5722
epoch=3 step=242200 train_loss=0.5862
epoch=3 step=242250 train_loss=0.5531
epoch=3 step=242300 train_loss=0.5473
epoch=3 step=242350 train_loss=0.5727
epoch=3 step=242400 train_loss=0.5610
epoch=3 step=242450 train_loss=0.6025
epoch=3 step=242500 train_loss=0.5925
[eval] step=242500 train=0.5666 val=0.5962
epoch=3 step=242550 train_loss=0.5730
epoch=3 step=242600 train_loss=0.5637
epoch=3 step=242650 train_loss=0.5844
epoch=3 step=242700 train_loss=0.5628
epoch=3 step=242750 train_loss=0.6234
epoch=3 step=242800 train_loss=0.6094
epoch=3 step=242850 train_loss=0.5377
epoch=3 step=242900 train_loss=0.6051
epoch=3 step=242950 train_loss=0.5704
epoch=3 step=243000 train_loss=0.5908
[eval] step=243000 train=0.5757 val=0.5963
epoch=3 step=243050 train_loss=0.6067
epoch=3 step=243100 train_loss=0.5673
epoch=3 step=243150 train_loss=0.6032
epoch=3 step=243200 train_loss=0.5502
epoch=3 step=243250 train_loss=0.5965
epoch=3 step=243300 train_loss=0.5934
epoch=3 step=243350 train_loss=0.5709
epoch=3 step=243400 train_loss=0.5487
epoch=3 step=243450 train_loss=0.6100
epoch=3 step=243500 train_loss=0.6081
[eval] step=243500 train=0.5666 val=0.5933
epoch=3 step=243550 train_loss=0.5823
epoch=3 step=243600 train_loss=0.6335
epoch=3 step=243650 train_loss=0.6082
epoch=3 step=243700 train_loss=0.5678
epoch=3 step=243750 train_loss=0.5989
epoch=3 step=243800 train_loss=0.6122
epoch=3 step=243850 train_loss=0.5147
epoch=3 step=243900 train_loss=0.5859
epoch=3 step=243950 train_loss=0.6111
epoch=3 step=244000 train_loss=0.5548
[eval] step=244000 train=0.5737 val=0.5893
epoch=3 step=244050 train_loss=0.5498
epoch=3 step=244100 train_loss=0.5085
epoch=3 step=244150 train_loss=0.6172
epoch=3 step=244200 train_loss=0.5543
epoch=3 step=244250 train_loss=0.6134
epoch=3 step=244300 train_loss=0.5959
epoch=3 step=244350 train_loss=0.5764
epoch=3 step=244400 train_loss=0.6496
epoch=3 step=244450 train_loss=0.5453
epoch=3 step=244500 train_loss=0.5817
[eval] step=244500 train=0.5732 val=0.5858
epoch=3 step=244550 train_loss=0.5595
epoch=3 step=244600 train_loss=0.5710
epoch=3 step=244650 train_loss=0.6076
epoch=3 step=244700 train_loss=0.5432
epoch=3 step=244750 train_loss=0.5699
epoch=3 step=244800 train_loss=0.5394
epoch=3 step=244850 train_loss=0.5859
epoch=3 step=244900 train_loss=0.6253
epoch=3 step=244950 train_loss=0.5748
epoch=3 step=245000 train_loss=0.5083
[eval] step=245000 train=0.5714 val=0.5884
epoch=3 step=245050 train_loss=0.5587
epoch=3 step=245100 train_loss=0.5632
epoch=3 step=245150 train_loss=0.5833
epoch=3 step=245200 train_loss=0.5887
epoch=3 step=245250 train_loss=0.5894
epoch=3 step=245300 train_loss=0.5092
epoch=3 step=245350 train_loss=0.5706
epoch=3 step=245400 train_loss=0.5884
epoch=3 step=245450 train_loss=0.5656
epoch=3 step=245500 train_loss=0.5845
[eval] step=245500 train=0.5633 val=0.5882
epoch=3 step=245550 train_loss=0.5439
epoch=3 step=245600 train_loss=0.5680
epoch=3 step=245650 train_loss=0.5751
epoch=3 step=245700 train_loss=0.5904
epoch=3 step=245750 train_loss=0.5529
epoch=3 step=245800 train_loss=0.5774
epoch=3 step=245850 train_loss=0.5621
epoch=3 step=245900 train_loss=0.5733
epoch=3 step=245950 train_loss=0.5604
epoch=3 step=246000 train_loss=0.5664
[eval] step=246000 train=0.5625 val=0.5845
epoch=3 step=246050 train_loss=0.5656
epoch=3 step=246100 train_loss=0.5317
epoch=3 step=246150 train_loss=0.5823
epoch=3 step=246200 train_loss=0.5711
epoch=3 step=246250 train_loss=0.5806
epoch=3 step=246300 train_loss=0.6034
epoch=3 step=246350 train_loss=0.5807
epoch=3 step=246400 train_loss=0.6164
epoch=3 step=246450 train_loss=0.5897
epoch=3 step=246500 train_loss=0.5754
[eval] step=246500 train=0.5541 val=0.5907
epoch=3 step=246550 train_loss=0.5975
epoch=3 step=246600 train_loss=0.5503
epoch=3 step=246650 train_loss=0.5512
epoch=3 step=246700 train_loss=0.6182
epoch=3 step=246750 train_loss=0.5317
epoch=3 step=246800 train_loss=0.5851
epoch=3 step=246850 train_loss=0.5705
epoch=3 step=246900 train_loss=0.5429
epoch=3 step=246950 train_loss=0.5736
epoch=3 step=247000 train_loss=0.5648
[eval] step=247000 train=0.5783 val=0.5857
epoch=3 step=247050 train_loss=0.5720
epoch=3 step=247100 train_loss=0.5883
epoch=3 step=247150 train_loss=0.5695
epoch=3 step=247200 train_loss=0.6017
epoch=3 step=247250 train_loss=0.5665
epoch=3 step=247300 train_loss=0.5431
epoch=3 step=247350 train_loss=0.5709
epoch=3 step=247400 train_loss=0.5981
epoch=3 step=247450 train_loss=0.6003
epoch=3 step=247500 train_loss=0.5813
[eval] step=247500 train=0.5644 val=0.5854
epoch=3 step=247550 train_loss=0.5818
epoch=3 step=247600 train_loss=0.5908
epoch=3 step=247650 train_loss=0.6075
epoch=3 step=247700 train_loss=0.5577
epoch=3 step=247750 train_loss=0.5595
epoch=3 step=247800 train_loss=0.5891
epoch=3 step=247850 train_loss=0.5977
epoch=3 step=247900 train_loss=0.5910
epoch=3 step=247950 train_loss=0.5819
epoch=3 step=248000 train_loss=0.5388
[eval] step=248000 train=0.5702 val=0.5854
epoch=3 step=248050 train_loss=0.6177
epoch=3 step=248100 train_loss=0.5555
epoch=3 step=248150 train_loss=0.5679
epoch=3 step=248200 train_loss=0.5770
epoch=3 step=248250 train_loss=0.5669
epoch=3 step=248300 train_loss=0.5849
epoch=3 step=248350 train_loss=0.6092
epoch=3 step=248400 train_loss=0.5606
epoch=3 step=248450 train_loss=0.6070
epoch=3 step=248500 train_loss=0.5810
[eval] step=248500 train=0.5793 val=0.5893
epoch=3 step=248550 train_loss=0.5861
epoch=3 step=248600 train_loss=0.5568
epoch=3 step=248650 train_loss=0.5576
epoch=3 step=248700 train_loss=0.5837
epoch=3 step=248750 train_loss=0.5992
epoch=3 step=248800 train_loss=0.5645
epoch=3 step=248850 train_loss=0.5550
epoch=3 step=248900 train_loss=0.5831
epoch=3 step=248950 train_loss=0.6249
epoch=3 step=249000 train_loss=0.6354
[eval] step=249000 train=0.5625 val=0.5885
epoch=3 step=249050 train_loss=0.5861
epoch=3 step=249100 train_loss=0.5967
epoch=3 step=249150 train_loss=0.5505
epoch=3 step=249200 train_loss=0.5649
epoch=3 step=249250 train_loss=0.5841
epoch=3 step=249300 train_loss=0.6179
epoch=3 step=249350 train_loss=0.5626
epoch=3 step=249400 train_loss=0.6026
epoch=3 step=249450 train_loss=0.5994
epoch=3 step=249500 train_loss=0.5606
[eval] step=249500 train=0.5700 val=0.5876
epoch=3 step=249550 train_loss=0.5343
epoch=3 step=249600 train_loss=0.5440
epoch=3 step=249650 train_loss=0.6065
epoch=3 step=249700 train_loss=0.5907
epoch=3 step=249750 train_loss=0.5259
epoch=3 step=249800 train_loss=0.5931
epoch=3 step=249850 train_loss=0.5781
epoch=3 step=249900 train_loss=0.6206
epoch=3 step=249950 train_loss=0.5614
epoch=3 step=250000 train_loss=0.5768
[eval] step=250000 train=0.5690 val=0.5903
epoch=3 step=250050 train_loss=0.5794
epoch=3 step=250100 train_loss=0.5576
epoch=3 step=250150 train_loss=0.5919
epoch=3 step=250200 train_loss=0.5894
epoch=3 step=250250 train_loss=0.6089
epoch=3 step=250300 train_loss=0.5701
epoch=3 step=250350 train_loss=0.5799
epoch=3 step=250400 train_loss=0.5855
epoch=3 step=250450 train_loss=0.5572
epoch=3 step=250500 train_loss=0.5535
[eval] step=250500 train=0.5699 val=0.5879
epoch=3 step=250550 train_loss=0.5776
epoch=3 step=250600 train_loss=0.5690
epoch=3 step=250650 train_loss=0.5085
epoch=3 step=250700 train_loss=0.5800
epoch=3 step=250750 train_loss=0.5713
epoch=3 step=250800 train_loss=0.5907
epoch=3 step=250850 train_loss=0.6252
epoch=3 step=250900 train_loss=0.5402
epoch=3 step=250950 train_loss=0.5676
epoch=3 step=251000 train_loss=0.6191
[eval] step=251000 train=0.5655 val=0.5853
epoch=3 step=251050 train_loss=0.5549
epoch=3 step=251100 train_loss=0.5942
epoch=3 step=251150 train_loss=0.5805
epoch=3 step=251200 train_loss=0.5501
epoch=3 step=251250 train_loss=0.5687
epoch=3 step=251300 train_loss=0.5706
epoch=3 step=251350 train_loss=0.5742
epoch=3 step=251400 train_loss=0.5516
epoch=3 step=251450 train_loss=0.5893
epoch=3 step=251500 train_loss=0.5522
[eval] step=251500 train=0.5740 val=0.5876
epoch=3 step=251550 train_loss=0.5718
epoch=3 step=251600 train_loss=0.5587
epoch=3 step=251650 train_loss=0.6086
epoch=3 step=251700 train_loss=0.5568
epoch=3 step=251750 train_loss=0.6004
epoch=3 step=251800 train_loss=0.5713
epoch=3 step=251850 train_loss=0.5595
epoch=3 step=251900 train_loss=0.5936
epoch=3 step=251950 train_loss=0.5792
epoch=3 step=252000 train_loss=0.5739
[eval] step=252000 train=0.5565 val=0.5863
epoch=3 step=252050 train_loss=0.5947
epoch=3 step=252100 train_loss=0.6080
epoch=3 step=252150 train_loss=0.5740
epoch=3 step=252200 train_loss=0.6495
epoch=3 step=252250 train_loss=0.5272
epoch=3 step=252300 train_loss=0.6033
epoch=3 step=252350 train_loss=0.6397
epoch=3 step=252400 train_loss=0.5863
epoch=3 step=252450 train_loss=0.6075
epoch=3 step=252500 train_loss=0.6014
[eval] step=252500 train=0.5682 val=0.5906
epoch=3 step=252550 train_loss=0.5627
epoch=3 step=252600 train_loss=0.5591
epoch=3 step=252650 train_loss=0.5617
epoch=3 step=252700 train_loss=0.5809
epoch=3 step=252750 train_loss=0.5457
epoch=3 step=252800 train_loss=0.5452
epoch=3 step=252850 train_loss=0.5293
epoch=3 step=252900 train_loss=0.5935
epoch=3 step=252950 train_loss=0.5918
epoch=3 step=253000 train_loss=0.5822
[eval] step=253000 train=0.5684 val=0.5991
epoch=3 step=253050 train_loss=0.5333
epoch=3 step=253100 train_loss=0.5959
epoch=3 step=253150 train_loss=0.6251
epoch=3 step=253200 train_loss=0.5567
epoch=3 step=253250 train_loss=0.5377
epoch=3 step=253300 train_loss=0.5955
epoch=3 step=253350 train_loss=0.5347
epoch=3 step=253400 train_loss=0.5654
epoch=3 step=253450 train_loss=0.5766
epoch=3 step=253500 train_loss=0.5651
[eval] step=253500 train=0.5697 val=0.5834
epoch=3 step=253550 train_loss=0.5734
epoch=3 step=253600 train_loss=0.5805
epoch=3 step=253650 train_loss=0.5678
epoch=3 step=253700 train_loss=0.6000
epoch=3 step=253750 train_loss=0.5771
epoch=3 step=253800 train_loss=0.5483
epoch=3 step=253850 train_loss=0.5768
epoch=4 step=253900 train_loss=0.5609
epoch=4 step=253950 train_loss=0.5561
epoch=4 step=254000 train_loss=0.5051
[eval] step=254000 train=0.5694 val=0.5926
epoch=4 step=254050 train_loss=0.5880
epoch=4 step=254100 train_loss=0.5954
epoch=4 step=254150 train_loss=0.6478
epoch=4 step=254200 train_loss=0.5585
epoch=4 step=254250 train_loss=0.5766
epoch=4 step=254300 train_loss=0.5797
epoch=4 step=254350 train_loss=0.5576
epoch=4 step=254400 train_loss=0.5818
epoch=4 step=254450 train_loss=0.6174
epoch=4 step=254500 train_loss=0.6236
[eval] step=254500 train=0.5755 val=0.5911
epoch=4 step=254550 train_loss=0.5894
epoch=4 step=254600 train_loss=0.5956
epoch=4 step=254650 train_loss=0.6222
epoch=4 step=254700 train_loss=0.5243
epoch=4 step=254750 train_loss=0.5232
epoch=4 step=254800 train_loss=0.5609
epoch=4 step=254850 train_loss=0.5590
epoch=4 step=254900 train_loss=0.5890
epoch=4 step=254950 train_loss=0.5596
epoch=4 step=255000 train_loss=0.5672
[eval] step=255000 train=0.5870 val=0.5929
epoch=4 step=255050 train_loss=0.5410
epoch=4 step=255100 train_loss=0.5628
epoch=4 step=255150 train_loss=0.5685
epoch=4 step=255200 train_loss=0.5260
epoch=4 step=255250 train_loss=0.5591
epoch=4 step=255300 train_loss=0.5980
epoch=4 step=255350 train_loss=0.5155
epoch=4 step=255400 train_loss=0.5706
epoch=4 step=255450 train_loss=0.5689
epoch=4 step=255500 train_loss=0.5409
[eval] step=255500 train=0.5533 val=0.5864
epoch=4 step=255550 train_loss=0.5890
epoch=4 step=255600 train_loss=0.5882
epoch=4 step=255650 train_loss=0.5252
epoch=4 step=255700 train_loss=0.5787
epoch=4 step=255750 train_loss=0.5686
epoch=4 step=255800 train_loss=0.6002
epoch=4 step=255850 train_loss=0.5703
epoch=4 step=255900 train_loss=0.5501
epoch=4 step=255950 train_loss=0.5590
epoch=4 step=256000 train_loss=0.5643
[eval] step=256000 train=0.5726 val=0.5819
epoch=4 step=256050 train_loss=0.5825
epoch=4 step=256100 train_loss=0.5529
epoch=4 step=256150 train_loss=0.6086
epoch=4 step=256200 train_loss=0.6011
epoch=4 step=256250 train_loss=0.5350
epoch=4 step=256300 train_loss=0.5642
epoch=4 step=256350 train_loss=0.5501
epoch=4 step=256400 train_loss=0.5721
epoch=4 step=256450 train_loss=0.5250
epoch=4 step=256500 train_loss=0.5890
[eval] step=256500 train=0.5698 val=0.5884
epoch=4 step=256550 train_loss=0.6067
epoch=4 step=256600 train_loss=0.5741
epoch=4 step=256650 train_loss=0.6161
epoch=4 step=256700 train_loss=0.5614
epoch=4 step=256750 train_loss=0.5817
epoch=4 step=256800 train_loss=0.6022
epoch=4 step=256850 train_loss=0.5921
epoch=4 step=256900 train_loss=0.5975
epoch=4 step=256950 train_loss=0.5504
epoch=4 step=257000 train_loss=0.5556
[eval] step=257000 train=0.5824 val=0.5828
epoch=4 step=257050 train_loss=0.5798
epoch=4 step=257100 train_loss=0.6002
epoch=4 step=257150 train_loss=0.5634
epoch=4 step=257200 train_loss=0.5700
epoch=4 step=257250 train_loss=0.5843
epoch=4 step=257300 train_loss=0.6453
epoch=4 step=257350 train_loss=0.6165
epoch=4 step=257400 train_loss=0.6262
epoch=4 step=257450 train_loss=0.5523
epoch=4 step=257500 train_loss=0.5530
[eval] step=257500 train=0.5681 val=0.5880
epoch=4 step=257550 train_loss=0.5562
epoch=4 step=257600 train_loss=0.5669
epoch=4 step=257650 train_loss=0.6281
epoch=4 step=257700 train_loss=0.5604
epoch=4 step=257750 train_loss=0.5481
epoch=4 step=257800 train_loss=0.5608
epoch=4 step=257850 train_loss=0.5576
epoch=4 step=257900 train_loss=0.5781
epoch=4 step=257950 train_loss=0.5908
epoch=4 step=258000 train_loss=0.5825
[eval] step=258000 train=0.5610 val=0.5862
epoch=4 step=258050 train_loss=0.5476
epoch=4 step=258100 train_loss=0.6113
epoch=4 step=258150 train_loss=0.5738
epoch=4 step=258200 train_loss=0.5634
epoch=4 step=258250 train_loss=0.5489
epoch=4 step=258300 train_loss=0.5875
epoch=4 step=258350 train_loss=0.5887
epoch=4 step=258400 train_loss=0.5317
epoch=4 step=258450 train_loss=0.5230
epoch=4 step=258500 train_loss=0.5553
[eval] step=258500 train=0.5652 val=0.5820
epoch=4 step=258550 train_loss=0.5017
epoch=4 step=258600 train_loss=0.5424
epoch=4 step=258650 train_loss=0.5814
epoch=4 step=258700 train_loss=0.5452
epoch=4 step=258750 train_loss=0.5841
epoch=4 step=258800 train_loss=0.5645
epoch=4 step=258850 train_loss=0.6345
epoch=4 step=258900 train_loss=0.5897
epoch=4 step=258950 train_loss=0.5631
epoch=4 step=259000 train_loss=0.5922
[eval] step=259000 train=0.5627 val=0.5883
epoch=4 step=259050 train_loss=0.5785
epoch=4 step=259100 train_loss=0.5649
epoch=4 step=259150 train_loss=0.6086
epoch=4 step=259200 train_loss=0.5270
epoch=4 step=259250 train_loss=0.6059
epoch=4 step=259300 train_loss=0.5823
epoch=4 step=259350 train_loss=0.5792
epoch=4 step=259400 train_loss=0.6112
epoch=4 step=259450 train_loss=0.6035
epoch=4 step=259500 train_loss=0.5698
[eval] step=259500 train=0.5691 val=0.5877
epoch=4 step=259550 train_loss=0.5740
epoch=4 step=259600 train_loss=0.6109
epoch=4 step=259650 train_loss=0.5963
epoch=4 step=259700 train_loss=0.5952
epoch=4 step=259750 train_loss=0.5754
epoch=4 step=259800 train_loss=0.6257
epoch=4 step=259850 train_loss=0.5609
epoch=4 step=259900 train_loss=0.5129
epoch=4 step=259950 train_loss=0.5603
epoch=4 step=260000 train_loss=0.5245
[eval] step=260000 train=0.5703 val=0.5835
epoch=4 step=260050 train_loss=0.5999
epoch=4 step=260100 train_loss=0.5882
epoch=4 step=260150 train_loss=0.5548
epoch=4 step=260200 train_loss=0.5531
epoch=4 step=260250 train_loss=0.5768
epoch=4 step=260300 train_loss=0.5253
epoch=4 step=260350 train_loss=0.5788
epoch=4 step=260400 train_loss=0.5456
epoch=4 step=260450 train_loss=0.5204
epoch=4 step=260500 train_loss=0.5569
[eval] step=260500 train=0.5645 val=0.5892
epoch=4 step=260550 train_loss=0.5733
epoch=4 step=260600 train_loss=0.5287
epoch=4 step=260650 train_loss=0.5764
epoch=4 step=260700 train_loss=0.5663
epoch=4 step=260750 train_loss=0.6298
epoch=4 step=260800 train_loss=0.6014
epoch=4 step=260850 train_loss=0.6090
epoch=4 step=260900 train_loss=0.5442
epoch=4 step=260950 train_loss=0.5691
epoch=4 step=261000 train_loss=0.6014
[eval] step=261000 train=0.5799 val=0.5867
epoch=4 step=261050 train_loss=0.5663
epoch=4 step=261100 train_loss=0.5729
epoch=4 step=261150 train_loss=0.6026
epoch=4 step=261200 train_loss=0.5527
epoch=4 step=261250 train_loss=0.5866
epoch=4 step=261300 train_loss=0.5585
epoch=4 step=261350 train_loss=0.5970
epoch=4 step=261400 train_loss=0.5427
epoch=4 step=261450 train_loss=0.5732
epoch=4 step=261500 train_loss=0.5957
[eval] step=261500 train=0.5747 val=0.5887
epoch=4 step=261550 train_loss=0.5697
epoch=4 step=261600 train_loss=0.5333
epoch=4 step=261650 train_loss=0.5965
epoch=4 step=261700 train_loss=0.5536
epoch=4 step=261750 train_loss=0.5728
epoch=4 step=261800 train_loss=0.5912
epoch=4 step=261850 train_loss=0.5708
epoch=4 step=261900 train_loss=0.6159
epoch=4 step=261950 train_loss=0.6114
epoch=4 step=262000 train_loss=0.6246
[eval] step=262000 train=0.5675 val=0.5897
epoch=4 step=262050 train_loss=0.5295
epoch=4 step=262100 train_loss=0.5836
epoch=4 step=262150 train_loss=0.6417
epoch=4 step=262200 train_loss=0.6087
epoch=4 step=262250 train_loss=0.5635
epoch=4 step=262300 train_loss=0.5493
epoch=4 step=262350 train_loss=0.5631
epoch=4 step=262400 train_loss=0.5534
epoch=4 step=262450 train_loss=0.6309
epoch=4 step=262500 train_loss=0.5971
[eval] step=262500 train=0.5675 val=0.5865
epoch=4 step=262550 train_loss=0.5919
epoch=4 step=262600 train_loss=0.5872
epoch=4 step=262650 train_loss=0.5869
epoch=4 step=262700 train_loss=0.5764
epoch=4 step=262750 train_loss=0.5653
epoch=4 step=262800 train_loss=0.5729
epoch=4 step=262850 train_loss=0.6061
epoch=4 step=262900 train_loss=0.5697
epoch=4 step=262950 train_loss=0.6085
epoch=4 step=263000 train_loss=0.5548
[eval] step=263000 train=0.5684 val=0.5920
epoch=4 step=263050 train_loss=0.5755
epoch=4 step=263100 train_loss=0.5820
epoch=4 step=263150 train_loss=0.6079
epoch=4 step=263200 train_loss=0.5392
epoch=4 step=263250 train_loss=0.5822
epoch=4 step=263300 train_loss=0.5913
epoch=4 step=263350 train_loss=0.6008
epoch=4 step=263400 train_loss=0.5592
epoch=4 step=263450 train_loss=0.5549
epoch=4 step=263500 train_loss=0.5857
[eval] step=263500 train=0.5552 val=0.5848
epoch=4 step=263550 train_loss=0.5804
epoch=4 step=263600 train_loss=0.5809
epoch=4 step=263650 train_loss=0.5195
epoch=4 step=263700 train_loss=0.5464
epoch=4 step=263750 train_loss=0.5620
epoch=4 step=263800 train_loss=0.5558
epoch=4 step=263850 train_loss=0.5473
epoch=4 step=263900 train_loss=0.5885
epoch=4 step=263950 train_loss=0.5652
epoch=4 step=264000 train_loss=0.5987
[eval] step=264000 train=0.5784 val=0.5833
epoch=4 step=264050 train_loss=0.5781
epoch=4 step=264100 train_loss=0.5879
epoch=4 step=264150 train_loss=0.5834
epoch=4 step=264200 train_loss=0.5793
epoch=4 step=264250 train_loss=0.5886
epoch=4 step=264300 train_loss=0.5606
epoch=4 step=264350 train_loss=0.5686
epoch=4 step=264400 train_loss=0.5506
epoch=4 step=264450 train_loss=0.5538
epoch=4 step=264500 train_loss=0.6365
[eval] step=264500 train=0.5716 val=0.5872
epoch=4 step=264550 train_loss=0.5579
epoch=4 step=264600 train_loss=0.5560
epoch=4 step=264650 train_loss=0.5406
epoch=4 step=264700 train_loss=0.5867
epoch=4 step=264750 train_loss=0.5671
epoch=4 step=264800 train_loss=0.6125
epoch=4 step=264850 train_loss=0.5567
epoch=4 step=264900 train_loss=0.6045
epoch=4 step=264950 train_loss=0.5498
epoch=4 step=265000 train_loss=0.5060
[eval] step=265000 train=0.5685 val=0.5888
epoch=4 step=265050 train_loss=0.5849
epoch=4 step=265100 train_loss=0.6085
epoch=4 step=265150 train_loss=0.5901
epoch=4 step=265200 train_loss=0.5458
epoch=4 step=265250 train_loss=0.5650
epoch=4 step=265300 train_loss=0.5637
epoch=4 step=265350 train_loss=0.5858
epoch=4 step=265400 train_loss=0.5339
epoch=4 step=265450 train_loss=0.5985
epoch=4 step=265500 train_loss=0.5699
[eval] step=265500 train=0.5661 val=0.5864
epoch=4 step=265550 train_loss=0.5734
epoch=4 step=265600 train_loss=0.5954
epoch=4 step=265650 train_loss=0.5779
epoch=4 step=265700 train_loss=0.5764
epoch=4 step=265750 train_loss=0.5645
epoch=4 step=265800 train_loss=0.6109
epoch=4 step=265850 train_loss=0.5822
epoch=4 step=265900 train_loss=0.5655
epoch=4 step=265950 train_loss=0.5628
epoch=4 step=266000 train_loss=0.5440
[eval] step=266000 train=0.5628 val=0.5887
epoch=4 step=266050 train_loss=0.5695
epoch=4 step=266100 train_loss=0.5584
epoch=4 step=266150 train_loss=0.5372
epoch=4 step=266200 train_loss=0.5969
epoch=4 step=266250 train_loss=0.6097
epoch=4 step=266300 train_loss=0.5731
epoch=4 step=266350 train_loss=0.5387
epoch=4 step=266400 train_loss=0.5901
epoch=4 step=266450 train_loss=0.5851
epoch=4 step=266500 train_loss=0.5382
[eval] step=266500 train=0.5724 val=0.5864
epoch=4 step=266550 train_loss=0.5610
epoch=4 step=266600 train_loss=0.5759
epoch=4 step=266650 train_loss=0.6133
epoch=4 step=266700 train_loss=0.5877
epoch=4 step=266750 train_loss=0.5776
epoch=4 step=266800 train_loss=0.5349
epoch=4 step=266850 train_loss=0.5775
epoch=4 step=266900 train_loss=0.5768
epoch=4 step=266950 train_loss=0.6179
epoch=4 step=267000 train_loss=0.5062
[eval] step=267000 train=0.5614 val=0.5825
epoch=4 step=267050 train_loss=0.5319
epoch=4 step=267100 train_loss=0.6136
epoch=4 step=267150 train_loss=0.6226
epoch=4 step=267200 train_loss=0.5406
epoch=4 step=267250 train_loss=0.5910
epoch=4 step=267300 train_loss=0.5744
epoch=4 step=267350 train_loss=0.6143
epoch=4 step=267400 train_loss=0.5769
epoch=4 step=267450 train_loss=0.6001
epoch=4 step=267500 train_loss=0.5723
[eval] step=267500 train=0.5665 val=0.5837
epoch=4 step=267550 train_loss=0.5788
epoch=4 step=267600 train_loss=0.5970
epoch=4 step=267650 train_loss=0.5470
epoch=4 step=267700 train_loss=0.5075
epoch=4 step=267750 train_loss=0.5910
epoch=4 step=267800 train_loss=0.6061
epoch=4 step=267850 train_loss=0.5628
epoch=4 step=267900 train_loss=0.5853
epoch=4 step=267950 train_loss=0.5587
epoch=4 step=268000 train_loss=0.5934
[eval] step=268000 train=0.5718 val=0.5879
epoch=4 step=268050 train_loss=0.6032
epoch=4 step=268100 train_loss=0.5839
epoch=4 step=268150 train_loss=0.5578
epoch=4 step=268200 train_loss=0.6042
epoch=4 step=268250 train_loss=0.5858
epoch=4 step=268300 train_loss=0.5539
epoch=4 step=268350 train_loss=0.6341
epoch=4 step=268400 train_loss=0.5453
epoch=4 step=268450 train_loss=0.5667
epoch=4 step=268500 train_loss=0.6080
[eval] step=268500 train=0.5731 val=0.5865
epoch=4 step=268550 train_loss=0.5743
epoch=4 step=268600 train_loss=0.5974
epoch=4 step=268650 train_loss=0.5430
epoch=4 step=268700 train_loss=0.5788
epoch=4 step=268750 train_loss=0.5659
epoch=4 step=268800 train_loss=0.5678
epoch=4 step=268850 train_loss=0.5936
epoch=4 step=268900 train_loss=0.5835
epoch=4 step=268950 train_loss=0.5688
epoch=4 step=269000 train_loss=0.5622
[eval] step=269000 train=0.5590 val=0.5865
epoch=4 step=269050 train_loss=0.5957
epoch=4 step=269100 train_loss=0.5789
epoch=4 step=269150 train_loss=0.5629
epoch=4 step=269200 train_loss=0.5914
epoch=4 step=269250 train_loss=0.6003
epoch=4 step=269300 train_loss=0.5586
epoch=4 step=269350 train_loss=0.5373
epoch=4 step=269400 train_loss=0.5588
epoch=4 step=269450 train_loss=0.6094
epoch=4 step=269500 train_loss=0.5705
[eval] step=269500 train=0.5660 val=0.5875
epoch=4 step=269550 train_loss=0.5837
epoch=4 step=269600 train_loss=0.5663
epoch=4 step=269650 train_loss=0.6091
epoch=4 step=269700 train_loss=0.5485
epoch=4 step=269750 train_loss=0.5655
epoch=4 step=269800 train_loss=0.5682
epoch=4 step=269850 train_loss=0.5431
epoch=4 step=269900 train_loss=0.6115
epoch=4 step=269950 train_loss=0.5803
epoch=4 step=270000 train_loss=0.6253
[eval] step=270000 train=0.5675 val=0.5895
epoch=4 step=270050 train_loss=0.5542
epoch=4 step=270100 train_loss=0.5811
epoch=4 step=270150 train_loss=0.5811
epoch=4 step=270200 train_loss=0.5905
epoch=4 step=270250 train_loss=0.5507
epoch=4 step=270300 train_loss=0.5779
epoch=4 step=270350 train_loss=0.6030
epoch=4 step=270400 train_loss=0.6183
epoch=4 step=270450 train_loss=0.6023
epoch=4 step=270500 train_loss=0.5642
[eval] step=270500 train=0.5767 val=0.5863
epoch=4 step=270550 train_loss=0.6257
epoch=4 step=270600 train_loss=0.5251
epoch=4 step=270650 train_loss=0.5832
epoch=4 step=270700 train_loss=0.5714
epoch=4 step=270750 train_loss=0.6055
epoch=4 step=270800 train_loss=0.5385
epoch=4 step=270850 train_loss=0.5481
epoch=4 step=270900 train_loss=0.5945
epoch=4 step=270950 train_loss=0.5439
epoch=4 step=271000 train_loss=0.5817
[eval] step=271000 train=0.5620 val=0.5834
epoch=4 step=271050 train_loss=0.5539
epoch=4 step=271100 train_loss=0.5909
epoch=4 step=271150 train_loss=0.5569
epoch=4 step=271200 train_loss=0.5972
epoch=4 step=271250 train_loss=0.5945
epoch=4 step=271300 train_loss=0.6001
epoch=4 step=271350 train_loss=0.5877
epoch=4 step=271400 train_loss=0.6010
epoch=4 step=271450 train_loss=0.5409
epoch=4 step=271500 train_loss=0.5535
[eval] step=271500 train=0.5816 val=0.5893
epoch=4 step=271550 train_loss=0.5777
epoch=4 step=271600 train_loss=0.5785
epoch=4 step=271650 train_loss=0.5792
epoch=4 step=271700 train_loss=0.5515
epoch=4 step=271750 train_loss=0.5864
epoch=4 step=271800 train_loss=0.5670
epoch=4 step=271850 train_loss=0.5983
epoch=4 step=271900 train_loss=0.5506
epoch=4 step=271950 train_loss=0.5791
epoch=4 step=272000 train_loss=0.5381
[eval] step=272000 train=0.5714 val=0.5855
epoch=4 step=272050 train_loss=0.5480
epoch=4 step=272100 train_loss=0.5792
epoch=4 step=272150 train_loss=0.5496
epoch=4 step=272200 train_loss=0.5399
epoch=4 step=272250 train_loss=0.5527
epoch=4 step=272300 train_loss=0.5495
epoch=4 step=272350 train_loss=0.6025
epoch=4 step=272400 train_loss=0.5976
epoch=4 step=272450 train_loss=0.5697
epoch=4 step=272500 train_loss=0.5987
[eval] step=272500 train=0.5743 val=0.5861
epoch=4 step=272550 train_loss=0.5444
epoch=4 step=272600 train_loss=0.5646
epoch=4 step=272650 train_loss=0.5870
epoch=4 step=272700 train_loss=0.5449
epoch=4 step=272750 train_loss=0.5720
epoch=4 step=272800 train_loss=0.5632
epoch=4 step=272850 train_loss=0.5736
epoch=4 step=272900 train_loss=0.5815
epoch=4 step=272950 train_loss=0.5919
epoch=4 step=273000 train_loss=0.5695
[eval] step=273000 train=0.5714 val=0.5919
epoch=4 step=273050 train_loss=0.5439
epoch=4 step=273100 train_loss=0.5919
epoch=4 step=273150 train_loss=0.5861
epoch=4 step=273200 train_loss=0.6009
epoch=4 step=273250 train_loss=0.5613
epoch=4 step=273300 train_loss=0.5375
epoch=4 step=273350 train_loss=0.6333
epoch=4 step=273400 train_loss=0.5964
epoch=4 step=273450 train_loss=0.5882
epoch=4 step=273500 train_loss=0.5722
[eval] step=273500 train=0.5630 val=0.5839
epoch=4 step=273550 train_loss=0.5086
epoch=4 step=273600 train_loss=0.5983
epoch=4 step=273650 train_loss=0.6276
epoch=4 step=273700 train_loss=0.5512
epoch=4 step=273750 train_loss=0.5550
epoch=4 step=273800 train_loss=0.5441
epoch=4 step=273850 train_loss=0.5605
epoch=4 step=273900 train_loss=0.5599
epoch=4 step=273950 train_loss=0.5497
epoch=4 step=274000 train_loss=0.5673
[eval] step=274000 train=0.5732 val=0.5900
epoch=4 step=274050 train_loss=0.6384
epoch=4 step=274100 train_loss=0.5602
epoch=4 step=274150 train_loss=0.6123
epoch=4 step=274200 train_loss=0.5974
epoch=4 step=274250 train_loss=0.5502
epoch=4 step=274300 train_loss=0.5501
epoch=4 step=274350 train_loss=0.5503
epoch=4 step=274400 train_loss=0.5680
epoch=4 step=274450 train_loss=0.5611
epoch=4 step=274500 train_loss=0.5985
[eval] step=274500 train=0.5674 val=0.5822
epoch=4 step=274550 train_loss=0.6014
epoch=4 step=274600 train_loss=0.5707
epoch=4 step=274650 train_loss=0.5578
epoch=4 step=274700 train_loss=0.6069
epoch=4 step=274750 train_loss=0.5807
epoch=4 step=274800 train_loss=0.5606
epoch=4 step=274850 train_loss=0.6037
epoch=4 step=274900 train_loss=0.6001
epoch=4 step=274950 train_loss=0.6097
epoch=4 step=275000 train_loss=0.5797
[eval] step=275000 train=0.5759 val=0.5880
epoch=4 step=275050 train_loss=0.5648
epoch=4 step=275100 train_loss=0.6034
epoch=4 step=275150 train_loss=0.5554
epoch=4 step=275200 train_loss=0.5863
epoch=4 step=275250 train_loss=0.5373
epoch=4 step=275300 train_loss=0.5567
epoch=4 step=275350 train_loss=0.5232
epoch=4 step=275400 train_loss=0.5709
epoch=4 step=275450 train_loss=0.5327
epoch=4 step=275500 train_loss=0.5496
[eval] step=275500 train=0.5622 val=0.5879
epoch=4 step=275550 train_loss=0.5840
epoch=4 step=275600 train_loss=0.5558
epoch=4 step=275650 train_loss=0.6058
epoch=4 step=275700 train_loss=0.6086
epoch=4 step=275750 train_loss=0.5433
epoch=4 step=275800 train_loss=0.5622
epoch=4 step=275850 train_loss=0.6070
epoch=4 step=275900 train_loss=0.5991
epoch=4 step=275950 train_loss=0.6136
epoch=4 step=276000 train_loss=0.5848
[eval] step=276000 train=0.5682 val=0.5854
epoch=4 step=276050 train_loss=0.5627
epoch=4 step=276100 train_loss=0.5729
epoch=4 step=276150 train_loss=0.6000
epoch=4 step=276200 train_loss=0.5544
epoch=4 step=276250 train_loss=0.5590
epoch=4 step=276300 train_loss=0.5717
epoch=4 step=276350 train_loss=0.5884
epoch=4 step=276400 train_loss=0.5698
epoch=4 step=276450 train_loss=0.5784
epoch=4 step=276500 train_loss=0.5675
[eval] step=276500 train=0.5617 val=0.5876
epoch=4 step=276550 train_loss=0.5861
epoch=4 step=276600 train_loss=0.5598
epoch=4 step=276650 train_loss=0.5801
epoch=4 step=276700 train_loss=0.6197
epoch=4 step=276750 train_loss=0.5878
epoch=4 step=276800 train_loss=0.5693
epoch=4 step=276850 train_loss=0.6009
epoch=4 step=276900 train_loss=0.5645
epoch=4 step=276950 train_loss=0.5760
epoch=4 step=277000 train_loss=0.5699
[eval] step=277000 train=0.5697 val=0.5922
epoch=4 step=277050 train_loss=0.6034
epoch=4 step=277100 train_loss=0.5863
epoch=4 step=277150 train_loss=0.5546
epoch=4 step=277200 train_loss=0.6054
epoch=4 step=277250 train_loss=0.6036
epoch=4 step=277300 train_loss=0.5678
epoch=4 step=277350 train_loss=0.5938
epoch=4 step=277400 train_loss=0.5892
epoch=4 step=277450 train_loss=0.5948
epoch=4 step=277500 train_loss=0.5906
[eval] step=277500 train=0.5635 val=0.5905
epoch=4 step=277550 train_loss=0.6040
epoch=4 step=277600 train_loss=0.5775
epoch=4 step=277650 train_loss=0.6576
epoch=4 step=277700 train_loss=0.5121
epoch=4 step=277750 train_loss=0.5851
epoch=4 step=277800 train_loss=0.5610
epoch=4 step=277850 train_loss=0.6528
epoch=4 step=277900 train_loss=0.5706
epoch=4 step=277950 train_loss=0.5493
epoch=4 step=278000 train_loss=0.5219
[eval] step=278000 train=0.5648 val=0.5839
epoch=4 step=278050 train_loss=0.5698
epoch=4 step=278100 train_loss=0.5802
epoch=4 step=278150 train_loss=0.5538
epoch=4 step=278200 train_loss=0.5668
epoch=4 step=278250 train_loss=0.6280
epoch=4 step=278300 train_loss=0.5715
epoch=4 step=278350 train_loss=0.6044
epoch=4 step=278400 train_loss=0.5756
epoch=4 step=278450 train_loss=0.6257
epoch=4 step=278500 train_loss=0.5445
[eval] step=278500 train=0.5672 val=0.5845
epoch=4 step=278550 train_loss=0.5649
epoch=4 step=278600 train_loss=0.5903
epoch=4 step=278650 train_loss=0.5806
epoch=4 step=278700 train_loss=0.5564
epoch=4 step=278750 train_loss=0.6315
epoch=4 step=278800 train_loss=0.5755
epoch=4 step=278850 train_loss=0.6060
epoch=4 step=278900 train_loss=0.5939
epoch=4 step=278950 train_loss=0.5717
epoch=4 step=279000 train_loss=0.5687
[eval] step=279000 train=0.5648 val=0.5865
epoch=4 step=279050 train_loss=0.5574
epoch=4 step=279100 train_loss=0.5570
epoch=4 step=279150 train_loss=0.6305
epoch=4 step=279200 train_loss=0.5494
epoch=4 step=279250 train_loss=0.5296
epoch=4 step=279300 train_loss=0.5680
epoch=4 step=279350 train_loss=0.5680
epoch=4 step=279400 train_loss=0.5624
epoch=4 step=279450 train_loss=0.5726
epoch=4 step=279500 train_loss=0.5422
[eval] step=279500 train=0.5689 val=0.5902
epoch=4 step=279550 train_loss=0.5812
epoch=4 step=279600 train_loss=0.5433
epoch=4 step=279650 train_loss=0.5678
epoch=4 step=279700 train_loss=0.5572
epoch=4 step=279750 train_loss=0.6253
epoch=4 step=279800 train_loss=0.5846
epoch=4 step=279850 train_loss=0.5999
epoch=4 step=279900 train_loss=0.6052
epoch=4 step=279950 train_loss=0.5926
epoch=4 step=280000 train_loss=0.5793
[eval] step=280000 train=0.5750 val=0.5871
epoch=4 step=280050 train_loss=0.5775
epoch=4 step=280100 train_loss=0.5686
epoch=4 step=280150 train_loss=0.6245
epoch=4 step=280200 train_loss=0.6221
epoch=4 step=280250 train_loss=0.5719
epoch=4 step=280300 train_loss=0.5526
epoch=4 step=280350 train_loss=0.5790
epoch=4 step=280400 train_loss=0.5532
epoch=4 step=280450 train_loss=0.5528
epoch=4 step=280500 train_loss=0.5746
[eval] step=280500 train=0.5708 val=0.5838
epoch=4 step=280550 train_loss=0.5854
epoch=4 step=280600 train_loss=0.5320
epoch=4 step=280650 train_loss=0.5652
epoch=4 step=280700 train_loss=0.6138
epoch=4 step=280750 train_loss=0.6065
epoch=4 step=280800 train_loss=0.5807
epoch=4 step=280850 train_loss=0.5386
epoch=4 step=280900 train_loss=0.5609
epoch=4 step=280950 train_loss=0.6138
epoch=4 step=281000 train_loss=0.6040
[eval] step=281000 train=0.5804 val=0.5872
epoch=4 step=281050 train_loss=0.5173
epoch=4 step=281100 train_loss=0.5832
epoch=4 step=281150 train_loss=0.5581
epoch=4 step=281200 train_loss=0.5807
epoch=4 step=281250 train_loss=0.5989
epoch=4 step=281300 train_loss=0.5689
epoch=4 step=281350 train_loss=0.5735
epoch=4 step=281400 train_loss=0.5810
epoch=4 step=281450 train_loss=0.5749
epoch=4 step=281500 train_loss=0.5933
[eval] step=281500 train=0.5811 val=0.5850
epoch=4 step=281550 train_loss=0.5597
epoch=4 step=281600 train_loss=0.6161
epoch=4 step=281650 train_loss=0.5835
epoch=4 step=281700 train_loss=0.5861
epoch=4 step=281750 train_loss=0.5806
epoch=4 step=281800 train_loss=0.5742
epoch=4 step=281850 train_loss=0.5520
epoch=4 step=281900 train_loss=0.5788
epoch=4 step=281950 train_loss=0.5979
epoch=4 step=282000 train_loss=0.5554
[eval] step=282000 train=0.5711 val=0.5911
epoch=4 step=282050 train_loss=0.5988
epoch=4 step=282100 train_loss=0.5633
epoch=4 step=282150 train_loss=0.6406
epoch=4 step=282200 train_loss=0.5775
epoch=4 step=282250 train_loss=0.5399
epoch=4 step=282300 train_loss=0.5635
epoch=4 step=282350 train_loss=0.5873
epoch=4 step=282400 train_loss=0.5365
epoch=4 step=282450 train_loss=0.5552
epoch=4 step=282500 train_loss=0.5464
[eval] step=282500 train=0.5704 val=0.5823
epoch=4 step=282550 train_loss=0.5516
epoch=4 step=282600 train_loss=0.5551
epoch=4 step=282650 train_loss=0.6063
epoch=4 step=282700 train_loss=0.5715
epoch=4 step=282750 train_loss=0.6122
epoch=4 step=282800 train_loss=0.5916
epoch=4 step=282850 train_loss=0.6021
epoch=4 step=282900 train_loss=0.5416
epoch=4 step=282950 train_loss=0.5204
epoch=4 step=283000 train_loss=0.5356
[eval] step=283000 train=0.5680 val=0.5835
epoch=4 step=283050 train_loss=0.5840
epoch=4 step=283100 train_loss=0.5456
epoch=4 step=283150 train_loss=0.5664
epoch=4 step=283200 train_loss=0.5904
epoch=4 step=283250 train_loss=0.5493
epoch=4 step=283300 train_loss=0.5529
epoch=4 step=283350 train_loss=0.6287
epoch=4 step=283400 train_loss=0.6077
epoch=4 step=283450 train_loss=0.5397
epoch=4 step=283500 train_loss=0.5200
[eval] step=283500 train=0.5703 val=0.5905
epoch=4 step=283550 train_loss=0.6311
epoch=4 step=283600 train_loss=0.5532
epoch=4 step=283650 train_loss=0.5658
epoch=4 step=283700 train_loss=0.5817
epoch=4 step=283750 train_loss=0.5576
epoch=4 step=283800 train_loss=0.6020
epoch=4 step=283850 train_loss=0.5256
epoch=4 step=283900 train_loss=0.6168
epoch=4 step=283950 train_loss=0.6155
epoch=4 step=284000 train_loss=0.5421
[eval] step=284000 train=0.5807 val=0.5902
epoch=4 step=284050 train_loss=0.6243
epoch=4 step=284100 train_loss=0.5952
epoch=4 step=284150 train_loss=0.6152
epoch=4 step=284200 train_loss=0.5462
epoch=4 step=284250 train_loss=0.5533
epoch=4 step=284300 train_loss=0.5606
epoch=4 step=284350 train_loss=0.6098
epoch=4 step=284400 train_loss=0.5422
epoch=4 step=284450 train_loss=0.5642
epoch=4 step=284500 train_loss=0.5833
[eval] step=284500 train=0.5708 val=0.5935
epoch=4 step=284550 train_loss=0.5965
epoch=4 step=284600 train_loss=0.5988
epoch=4 step=284650 train_loss=0.5164
epoch=4 step=284700 train_loss=0.5707
epoch=4 step=284750 train_loss=0.5360
epoch=4 step=284800 train_loss=0.5605
epoch=4 step=284850 train_loss=0.5659
epoch=4 step=284900 train_loss=0.5700
epoch=4 step=284950 train_loss=0.5831
epoch=4 step=285000 train_loss=0.5863
[eval] step=285000 train=0.5793 val=0.5846
epoch=4 step=285050 train_loss=0.5904
epoch=4 step=285100 train_loss=0.5532
epoch=4 step=285150 train_loss=0.6005
epoch=4 step=285200 train_loss=0.4968
epoch=4 step=285250 train_loss=0.5817
epoch=4 step=285300 train_loss=0.5971
epoch=4 step=285350 train_loss=0.6231
epoch=4 step=285400 train_loss=0.6453
epoch=4 step=285450 train_loss=0.6158
epoch=4 step=285500 train_loss=0.5846
[eval] step=285500 train=0.5672 val=0.5860
epoch=4 step=285550 train_loss=0.5881
epoch=4 step=285600 train_loss=0.5982
epoch=4 step=285650 train_loss=0.6406
epoch=4 step=285700 train_loss=0.6236
epoch=4 step=285750 train_loss=0.5886
epoch=4 step=285800 train_loss=0.5318
epoch=4 step=285850 train_loss=0.6126
epoch=4 step=285900 train_loss=0.5271
epoch=4 step=285950 train_loss=0.6124
epoch=4 step=286000 train_loss=0.5558
[eval] step=286000 train=0.5649 val=0.5900
epoch=4 step=286050 train_loss=0.5270
epoch=4 step=286100 train_loss=0.5436
epoch=4 step=286150 train_loss=0.5804
epoch=4 step=286200 train_loss=0.4904
epoch=4 step=286250 train_loss=0.6059
epoch=4 step=286300 train_loss=0.5985
epoch=4 step=286350 train_loss=0.5586
epoch=4 step=286400 train_loss=0.5982
epoch=4 step=286450 train_loss=0.5638
epoch=4 step=286500 train_loss=0.5519
[eval] step=286500 train=0.5690 val=0.5891
epoch=4 step=286550 train_loss=0.5560
epoch=4 step=286600 train_loss=0.5637
epoch=4 step=286650 train_loss=0.5533
epoch=4 step=286700 train_loss=0.5773
epoch=4 step=286750 train_loss=0.6102
epoch=4 step=286800 train_loss=0.6075
epoch=4 step=286850 train_loss=0.5926
epoch=4 step=286900 train_loss=0.5542
epoch=4 step=286950 train_loss=0.5801
epoch=4 step=287000 train_loss=0.5865
[eval] step=287000 train=0.5721 val=0.5829
epoch=4 step=287050 train_loss=0.6084
epoch=4 step=287100 train_loss=0.6230
epoch=4 step=287150 train_loss=0.5839
epoch=4 step=287200 train_loss=0.5530
epoch=4 step=287250 train_loss=0.6198
epoch=4 step=287300 train_loss=0.5554
epoch=4 step=287350 train_loss=0.6290
epoch=4 step=287400 train_loss=0.6065
epoch=4 step=287450 train_loss=0.5939
epoch=4 step=287500 train_loss=0.5403
[eval] step=287500 train=0.5630 val=0.5867
epoch=4 step=287550 train_loss=0.5148
epoch=4 step=287600 train_loss=0.5232
epoch=4 step=287650 train_loss=0.5674
epoch=4 step=287700 train_loss=0.5674
epoch=4 step=287750 train_loss=0.5587
epoch=4 step=287800 train_loss=0.5920
epoch=4 step=287850 train_loss=0.6048
epoch=4 step=287900 train_loss=0.6243
epoch=4 step=287950 train_loss=0.6250
epoch=4 step=288000 train_loss=0.5757
[eval] step=288000 train=0.5628 val=0.5869
epoch=4 step=288050 train_loss=0.5820
epoch=4 step=288100 train_loss=0.5754
epoch=4 step=288150 train_loss=0.6413
epoch=4 step=288200 train_loss=0.5736
epoch=4 step=288250 train_loss=0.5816
epoch=4 step=288300 train_loss=0.5797
epoch=4 step=288350 train_loss=0.6118
epoch=4 step=288400 train_loss=0.5030
epoch=4 step=288450 train_loss=0.5453
epoch=4 step=288500 train_loss=0.5523
[eval] step=288500 train=0.5611 val=0.5832
epoch=4 step=288550 train_loss=0.6033
epoch=4 step=288600 train_loss=0.5425
epoch=4 step=288650 train_loss=0.5464
epoch=4 step=288700 train_loss=0.5983
epoch=4 step=288750 train_loss=0.6186
epoch=4 step=288800 train_loss=0.5443
epoch=4 step=288850 train_loss=0.5838
epoch=4 step=288900 train_loss=0.5800
epoch=4 step=288950 train_loss=0.5783
epoch=4 step=289000 train_loss=0.5730
[eval] step=289000 train=0.5694 val=0.5820
epoch=4 step=289050 train_loss=0.5724
epoch=4 step=289100 train_loss=0.5765
epoch=4 step=289150 train_loss=0.5518
epoch=4 step=289200 train_loss=0.6194
epoch=4 step=289250 train_loss=0.5798
epoch=4 step=289300 train_loss=0.5447
epoch=4 step=289350 train_loss=0.5642
epoch=4 step=289400 train_loss=0.5792
epoch=4 step=289450 train_loss=0.5867
epoch=4 step=289500 train_loss=0.5944
[eval] step=289500 train=0.5572 val=0.5900
epoch=4 step=289550 train_loss=0.6055
epoch=4 step=289600 train_loss=0.5612
epoch=4 step=289650 train_loss=0.5632
epoch=4 step=289700 train_loss=0.6054
epoch=4 step=289750 train_loss=0.5426
epoch=4 step=289800 train_loss=0.6186
epoch=4 step=289850 train_loss=0.5795
epoch=4 step=289900 train_loss=0.5866
epoch=4 step=289950 train_loss=0.5861
epoch=4 step=290000 train_loss=0.5369
[eval] step=290000 train=0.5679 val=0.5867
epoch=4 step=290050 train_loss=0.5861
epoch=4 step=290100 train_loss=0.5545
epoch=4 step=290150 train_loss=0.6127
epoch=4 step=290200 train_loss=0.5558
epoch=4 step=290250 train_loss=0.5614
epoch=4 step=290300 train_loss=0.5751
epoch=4 step=290350 train_loss=0.5373
epoch=4 step=290400 train_loss=0.5684
epoch=4 step=290450 train_loss=0.5807
epoch=4 step=290500 train_loss=0.6321
[eval] step=290500 train=0.5598 val=0.5901
epoch=4 step=290550 train_loss=0.5649
epoch=4 step=290600 train_loss=0.5727
epoch=4 step=290650 train_loss=0.5285
epoch=4 step=290700 train_loss=0.5501
epoch=4 step=290750 train_loss=0.5966
epoch=4 step=290800 train_loss=0.5806
epoch=4 step=290850 train_loss=0.5553
epoch=4 step=290900 train_loss=0.5896
epoch=4 step=290950 train_loss=0.5784
epoch=4 step=291000 train_loss=0.5261
[eval] step=291000 train=0.5666 val=0.5908
epoch=4 step=291050 train_loss=0.5608
epoch=4 step=291100 train_loss=0.5823
epoch=4 step=291150 train_loss=0.6666
epoch=4 step=291200 train_loss=0.5764
epoch=4 step=291250 train_loss=0.5608
epoch=4 step=291300 train_loss=0.5785
epoch=4 step=291350 train_loss=0.5767
epoch=4 step=291400 train_loss=0.5855
epoch=4 step=291450 train_loss=0.5706
epoch=4 step=291500 train_loss=0.5728
[eval] step=291500 train=0.5671 val=0.5825
epoch=4 step=291550 train_loss=0.5452
epoch=4 step=291600 train_loss=0.6045
epoch=4 step=291650 train_loss=0.5796
epoch=4 step=291700 train_loss=0.5391
epoch=4 step=291750 train_loss=0.5761
epoch=4 step=291800 train_loss=0.5952
epoch=4 step=291850 train_loss=0.5621
epoch=4 step=291900 train_loss=0.5728
epoch=4 step=291950 train_loss=0.5567
epoch=4 step=292000 train_loss=0.6066
[eval] step=292000 train=0.5673 val=0.5912
epoch=4 step=292050 train_loss=0.5455
epoch=4 step=292100 train_loss=0.5325
epoch=4 step=292150 train_loss=0.5594
epoch=4 step=292200 train_loss=0.5773
epoch=4 step=292250 train_loss=0.5571
epoch=4 step=292300 train_loss=0.5641
epoch=4 step=292350 train_loss=0.5861
epoch=4 step=292400 train_loss=0.5770
epoch=4 step=292450 train_loss=0.6047
epoch=4 step=292500 train_loss=0.5986
[eval] step=292500 train=0.5791 val=0.5938
epoch=4 step=292550 train_loss=0.6574
epoch=4 step=292600 train_loss=0.5538
epoch=4 step=292650 train_loss=0.5593
epoch=4 step=292700 train_loss=0.5544
epoch=4 step=292750 train_loss=0.5481
epoch=4 step=292800 train_loss=0.5417
epoch=4 step=292850 train_loss=0.6380
epoch=4 step=292900 train_loss=0.5661
epoch=4 step=292950 train_loss=0.5869
epoch=4 step=293000 train_loss=0.5649
[eval] step=293000 train=0.5650 val=0.5877
epoch=4 step=293050 train_loss=0.5349
epoch=4 step=293100 train_loss=0.5382
epoch=4 step=293150 train_loss=0.6078
epoch=4 step=293200 train_loss=0.5656
epoch=4 step=293250 train_loss=0.5582
epoch=4 step=293300 train_loss=0.5478
epoch=4 step=293350 train_loss=0.5994
epoch=4 step=293400 train_loss=0.6114
epoch=4 step=293450 train_loss=0.6078
epoch=4 step=293500 train_loss=0.6230
[eval] step=293500 train=0.5724 val=0.5862
epoch=4 step=293550 train_loss=0.5797
epoch=4 step=293600 train_loss=0.6122
epoch=4 step=293650 train_loss=0.6162
epoch=4 step=293700 train_loss=0.6069
epoch=4 step=293750 train_loss=0.6163
epoch=4 step=293800 train_loss=0.5274
epoch=4 step=293850 train_loss=0.5504
epoch=4 step=293900 train_loss=0.5983
epoch=4 step=293950 train_loss=0.5594
epoch=4 step=294000 train_loss=0.6302
[eval] step=294000 train=0.5766 val=0.5821
epoch=4 step=294050 train_loss=0.6498
epoch=4 step=294100 train_loss=0.5704
epoch=4 step=294150 train_loss=0.5965
epoch=4 step=294200 train_loss=0.5732
epoch=4 step=294250 train_loss=0.5503
epoch=4 step=294300 train_loss=0.6053
epoch=4 step=294350 train_loss=0.5295
epoch=4 step=294400 train_loss=0.6011
epoch=4 step=294450 train_loss=0.5949
epoch=4 step=294500 train_loss=0.6135
[eval] step=294500 train=0.5599 val=0.5946
epoch=4 step=294550 train_loss=0.5588
epoch=4 step=294600 train_loss=0.5438
epoch=4 step=294650 train_loss=0.5301
epoch=4 step=294700 train_loss=0.5800
epoch=4 step=294750 train_loss=0.5819
epoch=4 step=294800 train_loss=0.5735
epoch=4 step=294850 train_loss=0.5746
epoch=4 step=294900 train_loss=0.5749
epoch=4 step=294950 train_loss=0.5917
epoch=4 step=295000 train_loss=0.5742
[eval] step=295000 train=0.5627 val=0.5906
epoch=4 step=295050 train_loss=0.5891
epoch=4 step=295100 train_loss=0.5628
epoch=4 step=295150 train_loss=0.5898
epoch=4 step=295200 train_loss=0.5673
epoch=4 step=295250 train_loss=0.5636
epoch=4 step=295300 train_loss=0.6247
epoch=4 step=295350 train_loss=0.5641
epoch=4 step=295400 train_loss=0.5624
epoch=4 step=295450 train_loss=0.5949
epoch=4 step=295500 train_loss=0.5687
[eval] step=295500 train=0.5653 val=0.5828
epoch=4 step=295550 train_loss=0.5204
epoch=4 step=295600 train_loss=0.5739
epoch=4 step=295650 train_loss=0.5878
epoch=4 step=295700 train_loss=0.5809
epoch=4 step=295750 train_loss=0.5638
epoch=4 step=295800 train_loss=0.5655
epoch=4 step=295850 train_loss=0.5851
epoch=4 step=295900 train_loss=0.5807
epoch=4 step=295950 train_loss=0.5856
epoch=4 step=296000 train_loss=0.5334
[eval] step=296000 train=0.5658 val=0.5841
epoch=4 step=296050 train_loss=0.5523
epoch=4 step=296100 train_loss=0.5212
epoch=4 step=296150 train_loss=0.5830
epoch=4 step=296200 train_loss=0.5733
epoch=4 step=296250 train_loss=0.5971
epoch=4 step=296300 train_loss=0.5836
epoch=4 step=296350 train_loss=0.5863
epoch=4 step=296400 train_loss=0.6041
epoch=4 step=296450 train_loss=0.6275
epoch=4 step=296500 train_loss=0.5629
[eval] step=296500 train=0.5705 val=0.5850
epoch=4 step=296550 train_loss=0.5651
epoch=4 step=296600 train_loss=0.5731
epoch=4 step=296650 train_loss=0.5249
epoch=4 step=296700 train_loss=0.5412
epoch=4 step=296750 train_loss=0.5664
epoch=4 step=296800 train_loss=0.5759
epoch=4 step=296850 train_loss=0.5445
epoch=4 step=296900 train_loss=0.5956
epoch=4 step=296950 train_loss=0.5833
epoch=4 step=297000 train_loss=0.6119
[eval] step=297000 train=0.5845 val=0.5875
epoch=4 step=297050 train_loss=0.5943
epoch=4 step=297100 train_loss=0.5614
epoch=4 step=297150 train_loss=0.5866
epoch=4 step=297200 train_loss=0.5992
epoch=4 step=297250 train_loss=0.5783
epoch=4 step=297300 train_loss=0.5415
epoch=4 step=297350 train_loss=0.5683
epoch=4 step=297400 train_loss=0.5568
epoch=4 step=297450 train_loss=0.6135
epoch=4 step=297500 train_loss=0.6424
[eval] step=297500 train=0.5726 val=0.5857
epoch=4 step=297550 train_loss=0.5857
epoch=4 step=297600 train_loss=0.6173
epoch=4 step=297650 train_loss=0.5942
epoch=4 step=297700 train_loss=0.5637
epoch=4 step=297750 train_loss=0.5870
epoch=4 step=297800 train_loss=0.5582
epoch=4 step=297850 train_loss=0.5701
epoch=4 step=297900 train_loss=0.5812
epoch=4 step=297950 train_loss=0.5609
epoch=4 step=298000 train_loss=0.5668
[eval] step=298000 train=0.5565 val=0.5888
epoch=4 step=298050 train_loss=0.5694
epoch=4 step=298100 train_loss=0.5340
epoch=4 step=298150 train_loss=0.5772
epoch=4 step=298200 train_loss=0.5937
epoch=4 step=298250 train_loss=0.5859
epoch=4 step=298300 train_loss=0.5746
epoch=4 step=298350 train_loss=0.5893
epoch=4 step=298400 train_loss=0.5940
epoch=4 step=298450 train_loss=0.5362
epoch=4 step=298500 train_loss=0.6075
[eval] step=298500 train=0.5670 val=0.5894
epoch=4 step=298550 train_loss=0.5895
epoch=4 step=298600 train_loss=0.5701
epoch=4 step=298650 train_loss=0.5461
epoch=4 step=298700 train_loss=0.5575
epoch=4 step=298750 train_loss=0.5619
epoch=4 step=298800 train_loss=0.6018
epoch=4 step=298850 train_loss=0.5987
epoch=4 step=298900 train_loss=0.5934
epoch=4 step=298950 train_loss=0.5900
epoch=4 step=299000 train_loss=0.5841
[eval] step=299000 train=0.5689 val=0.5854
epoch=4 step=299050 train_loss=0.5763
epoch=4 step=299100 train_loss=0.6014
epoch=4 step=299150 train_loss=0.6033
epoch=4 step=299200 train_loss=0.5865
epoch=4 step=299250 train_loss=0.6219
epoch=4 step=299300 train_loss=0.5575
epoch=4 step=299350 train_loss=0.5834
epoch=4 step=299400 train_loss=0.6001
epoch=4 step=299450 train_loss=0.5546
epoch=4 step=299500 train_loss=0.5850
[eval] step=299500 train=0.5700 val=0.5803
saved best checkpoint to out-battery/best_ckpt.pt
epoch=4 step=299550 train_loss=0.6120
epoch=4 step=299600 train_loss=0.5791
epoch=4 step=299650 train_loss=0.6521
epoch=4 step=299700 train_loss=0.5630
epoch=4 step=299750 train_loss=0.5600
epoch=4 step=299800 train_loss=0.6095
epoch=4 step=299850 train_loss=0.5544
epoch=4 step=299900 train_loss=0.5839
epoch=4 step=299950 train_loss=0.5823
epoch=4 step=300000 train_loss=0.5804
[eval] step=300000 train=0.5604 val=0.5930
epoch=4 step=300050 train_loss=0.5720
epoch=4 step=300100 train_loss=0.5909
epoch=4 step=300150 train_loss=0.5445
epoch=4 step=300200 train_loss=0.5621
epoch=4 step=300250 train_loss=0.5139
epoch=4 step=300300 train_loss=0.5592
epoch=4 step=300350 train_loss=0.5979
epoch=4 step=300400 train_loss=0.5819
epoch=4 step=300450 train_loss=0.5637
epoch=4 step=300500 train_loss=0.5975
[eval] step=300500 train=0.5748 val=0.5838
epoch=4 step=300550 train_loss=0.5421
epoch=4 step=300600 train_loss=0.5172
epoch=4 step=300650 train_loss=0.5632
epoch=4 step=300700 train_loss=0.5661
epoch=4 step=300750 train_loss=0.5684
epoch=4 step=300800 train_loss=0.5864
epoch=4 step=300850 train_loss=0.5934
epoch=4 step=300900 train_loss=0.5527
epoch=4 step=300950 train_loss=0.5386
epoch=4 step=301000 train_loss=0.5880
[eval] step=301000 train=0.5758 val=0.5887
epoch=4 step=301050 train_loss=0.5660
epoch=4 step=301100 train_loss=0.5670
epoch=4 step=301150 train_loss=0.5362
epoch=4 step=301200 train_loss=0.5774
epoch=4 step=301250 train_loss=0.6101
epoch=4 step=301300 train_loss=0.5121
epoch=4 step=301350 train_loss=0.5638
epoch=4 step=301400 train_loss=0.5457
epoch=4 step=301450 train_loss=0.5547
epoch=4 step=301500 train_loss=0.5780
[eval] step=301500 train=0.5700 val=0.5846
epoch=4 step=301550 train_loss=0.6082
epoch=4 step=301600 train_loss=0.6045
epoch=4 step=301650 train_loss=0.5467
epoch=4 step=301700 train_loss=0.5794
epoch=4 step=301750 train_loss=0.6171
epoch=4 step=301800 train_loss=0.5828
epoch=4 step=301850 train_loss=0.6039
epoch=4 step=301900 train_loss=0.6345
epoch=4 step=301950 train_loss=0.6146
epoch=4 step=302000 train_loss=0.5487
[eval] step=302000 train=0.5802 val=0.5876
epoch=4 step=302050 train_loss=0.5830
epoch=4 step=302100 train_loss=0.5864
epoch=4 step=302150 train_loss=0.5840
epoch=4 step=302200 train_loss=0.5921
epoch=4 step=302250 train_loss=0.5662
epoch=4 step=302300 train_loss=0.5631
epoch=4 step=302350 train_loss=0.6280
epoch=4 step=302400 train_loss=0.5735
epoch=4 step=302450 train_loss=0.5790
epoch=4 step=302500 train_loss=0.5744
[eval] step=302500 train=0.5582 val=0.5866
epoch=4 step=302550 train_loss=0.5610
epoch=4 step=302600 train_loss=0.5687
epoch=4 step=302650 train_loss=0.5527
epoch=4 step=302700 train_loss=0.5882
epoch=4 step=302750 train_loss=0.5754
epoch=4 step=302800 train_loss=0.5876
epoch=4 step=302850 train_loss=0.6195
epoch=4 step=302900 train_loss=0.5623
epoch=4 step=302950 train_loss=0.5625
epoch=4 step=303000 train_loss=0.6174
[eval] step=303000 train=0.5772 val=0.5803
saved best checkpoint to out-battery/best_ckpt.pt
epoch=4 step=303050 train_loss=0.5945
epoch=4 step=303100 train_loss=0.5716
epoch=4 step=303150 train_loss=0.5628
epoch=4 step=303200 train_loss=0.5215
epoch=4 step=303250 train_loss=0.5861
epoch=4 step=303300 train_loss=0.5748
epoch=4 step=303350 train_loss=0.5923
epoch=4 step=303400 train_loss=0.5729
epoch=4 step=303450 train_loss=0.6464
epoch=4 step=303500 train_loss=0.5638
[eval] step=303500 train=0.5807 val=0.5871
epoch=4 step=303550 train_loss=0.5457
epoch=4 step=303600 train_loss=0.6158
epoch=4 step=303650 train_loss=0.5719
epoch=4 step=303700 train_loss=0.6176
epoch=4 step=303750 train_loss=0.5974
epoch=4 step=303800 train_loss=0.6061
epoch=4 step=303850 train_loss=0.6023
epoch=4 step=303900 train_loss=0.5811
epoch=4 step=303950 train_loss=0.5883
epoch=4 step=304000 train_loss=0.5769
[eval] step=304000 train=0.5617 val=0.5881
epoch=4 step=304050 train_loss=0.5455
epoch=4 step=304100 train_loss=0.5384
epoch=4 step=304150 train_loss=0.5832
epoch=4 step=304200 train_loss=0.5812
epoch=4 step=304250 train_loss=0.5800
epoch=4 step=304300 train_loss=0.5851
epoch=4 step=304350 train_loss=0.5975
epoch=4 step=304400 train_loss=0.5844
epoch=4 step=304450 train_loss=0.5616
epoch=4 step=304500 train_loss=0.5729
[eval] step=304500 train=0.5670 val=0.5806
epoch=4 step=304550 train_loss=0.5660
epoch=4 step=304600 train_loss=0.5543
epoch=4 step=304650 train_loss=0.5941
epoch=4 step=304700 train_loss=0.5722
epoch=4 step=304750 train_loss=0.5672
epoch=4 step=304800 train_loss=0.5748
epoch=4 step=304850 train_loss=0.6131
epoch=4 step=304900 train_loss=0.5625
epoch=4 step=304950 train_loss=0.5578
epoch=4 step=305000 train_loss=0.5567
[eval] step=305000 train=0.5702 val=0.5852
epoch=4 step=305050 train_loss=0.6172
epoch=4 step=305100 train_loss=0.5750
epoch=4 step=305150 train_loss=0.5624
epoch=4 step=305200 train_loss=0.5857
epoch=4 step=305250 train_loss=0.5468
epoch=4 step=305300 train_loss=0.5688
epoch=4 step=305350 train_loss=0.5979
epoch=4 step=305400 train_loss=0.5855
epoch=4 step=305450 train_loss=0.6007
epoch=4 step=305500 train_loss=0.6140
[eval] step=305500 train=0.5627 val=0.5914
epoch=4 step=305550 train_loss=0.5811
epoch=4 step=305600 train_loss=0.5559
epoch=4 step=305650 train_loss=0.5366
epoch=4 step=305700 train_loss=0.5440
epoch=4 step=305750 train_loss=0.5482
epoch=4 step=305800 train_loss=0.6043
epoch=4 step=305850 train_loss=0.5538
epoch=4 step=305900 train_loss=0.5643
epoch=4 step=305950 train_loss=0.5917
epoch=4 step=306000 train_loss=0.5952
[eval] step=306000 train=0.5735 val=0.5911
epoch=4 step=306050 train_loss=0.6087
epoch=4 step=306100 train_loss=0.5773
epoch=4 step=306150 train_loss=0.5975
epoch=4 step=306200 train_loss=0.5665
epoch=4 step=306250 train_loss=0.5650
epoch=4 step=306300 train_loss=0.6047
epoch=4 step=306350 train_loss=0.5856
epoch=4 step=306400 train_loss=0.6398
epoch=4 step=306450 train_loss=0.5594
epoch=4 step=306500 train_loss=0.5417
[eval] step=306500 train=0.5675 val=0.5840
epoch=4 step=306550 train_loss=0.5709
epoch=4 step=306600 train_loss=0.5565
epoch=4 step=306650 train_loss=0.5943
epoch=4 step=306700 train_loss=0.5973
epoch=4 step=306750 train_loss=0.5744
epoch=4 step=306800 train_loss=0.5558
epoch=4 step=306850 train_loss=0.5706
epoch=4 step=306900 train_loss=0.5286
epoch=4 step=306950 train_loss=0.6658
epoch=4 step=307000 train_loss=0.6136
[eval] step=307000 train=0.5672 val=0.5850
epoch=4 step=307050 train_loss=0.6433
epoch=4 step=307100 train_loss=0.5635
epoch=4 step=307150 train_loss=0.5616
epoch=4 step=307200 train_loss=0.5691
epoch=4 step=307250 train_loss=0.5273
epoch=4 step=307300 train_loss=0.5809
epoch=4 step=307350 train_loss=0.6086
epoch=4 step=307400 train_loss=0.5659
epoch=4 step=307450 train_loss=0.5844
epoch=4 step=307500 train_loss=0.6204
[eval] step=307500 train=0.5662 val=0.5893
epoch=4 step=307550 train_loss=0.5803
epoch=4 step=307600 train_loss=0.5360
epoch=4 step=307650 train_loss=0.6072
epoch=4 step=307700 train_loss=0.5637
epoch=4 step=307750 train_loss=0.5843
epoch=4 step=307800 train_loss=0.5733
epoch=4 step=307850 train_loss=0.5639
epoch=4 step=307900 train_loss=0.5711
epoch=4 step=307950 train_loss=0.5726
epoch=4 step=308000 train_loss=0.5879
[eval] step=308000 train=0.5651 val=0.5929
epoch=4 step=308050 train_loss=0.5823
epoch=4 step=308100 train_loss=0.5744
epoch=4 step=308150 train_loss=0.5797
epoch=4 step=308200 train_loss=0.5973
epoch=4 step=308250 train_loss=0.5550
epoch=4 step=308300 train_loss=0.5741
epoch=4 step=308350 train_loss=0.5690
epoch=4 step=308400 train_loss=0.6135
epoch=4 step=308450 train_loss=0.6386
epoch=4 step=308500 train_loss=0.5601
[eval] step=308500 train=0.5607 val=0.5840
epoch=4 step=308550 train_loss=0.5706
epoch=4 step=308600 train_loss=0.5652
epoch=4 step=308650 train_loss=0.5433
epoch=4 step=308700 train_loss=0.5875
epoch=4 step=308750 train_loss=0.6166
epoch=4 step=308800 train_loss=0.6434
epoch=4 step=308850 train_loss=0.5647
epoch=4 step=308900 train_loss=0.4925
epoch=4 step=308950 train_loss=0.5692
epoch=4 step=309000 train_loss=0.5766
[eval] step=309000 train=0.5660 val=0.5822
epoch=4 step=309050 train_loss=0.6089
epoch=4 step=309100 train_loss=0.5764
epoch=4 step=309150 train_loss=0.5810
epoch=4 step=309200 train_loss=0.5547
epoch=4 step=309250 train_loss=0.5759
epoch=4 step=309300 train_loss=0.5947
epoch=4 step=309350 train_loss=0.6067
epoch=4 step=309400 train_loss=0.5733
epoch=4 step=309450 train_loss=0.5717
epoch=4 step=309500 train_loss=0.5782
[eval] step=309500 train=0.5668 val=0.5872
epoch=4 step=309550 train_loss=0.5848
epoch=4 step=309600 train_loss=0.5858
epoch=4 step=309650 train_loss=0.5890
epoch=4 step=309700 train_loss=0.5751
epoch=4 step=309750 train_loss=0.5630
epoch=4 step=309800 train_loss=0.5592
epoch=4 step=309850 train_loss=0.5691
epoch=4 step=309900 train_loss=0.5338
epoch=4 step=309950 train_loss=0.5654
epoch=4 step=310000 train_loss=0.5683
[eval] step=310000 train=0.5762 val=0.5834
epoch=4 step=310050 train_loss=0.5563
epoch=4 step=310100 train_loss=0.5893
epoch=4 step=310150 train_loss=0.5685
epoch=4 step=310200 train_loss=0.6356
epoch=4 step=310250 train_loss=0.5785
epoch=4 step=310300 train_loss=0.5417
epoch=4 step=310350 train_loss=0.5712
epoch=4 step=310400 train_loss=0.6170
epoch=4 step=310450 train_loss=0.6253
epoch=4 step=310500 train_loss=0.5862
[eval] step=310500 train=0.5674 val=0.5831
epoch=4 step=310550 train_loss=0.5879
epoch=4 step=310600 train_loss=0.5180
epoch=4 step=310650 train_loss=0.5499
epoch=4 step=310700 train_loss=0.5906
epoch=4 step=310750 train_loss=0.5397
epoch=4 step=310800 train_loss=0.6229
epoch=4 step=310850 train_loss=0.6228
epoch=4 step=310900 train_loss=0.5533
epoch=4 step=310950 train_loss=0.5909
epoch=4 step=311000 train_loss=0.5818
[eval] step=311000 train=0.5722 val=0.5854
epoch=4 step=311050 train_loss=0.5266
epoch=4 step=311100 train_loss=0.5546
epoch=4 step=311150 train_loss=0.5628
epoch=4 step=311200 train_loss=0.5865
epoch=4 step=311250 train_loss=0.5738
epoch=4 step=311300 train_loss=0.5786
epoch=4 step=311350 train_loss=0.5706
epoch=4 step=311400 train_loss=0.5914
epoch=4 step=311450 train_loss=0.5858
epoch=4 step=311500 train_loss=0.5591
[eval] step=311500 train=0.5757 val=0.5823
epoch=4 step=311550 train_loss=0.5422
epoch=4 step=311600 train_loss=0.5659
epoch=4 step=311650 train_loss=0.5706
epoch=4 step=311700 train_loss=0.6126
epoch=4 step=311750 train_loss=0.6105
epoch=4 step=311800 train_loss=0.5646
epoch=4 step=311850 train_loss=0.5834
epoch=4 step=311900 train_loss=0.5562
epoch=4 step=311950 train_loss=0.5502
epoch=4 step=312000 train_loss=0.5601
[eval] step=312000 train=0.5789 val=0.5875
epoch=4 step=312050 train_loss=0.5670
epoch=4 step=312100 train_loss=0.5830
epoch=4 step=312150 train_loss=0.6062
epoch=4 step=312200 train_loss=0.5925
epoch=4 step=312250 train_loss=0.5397
epoch=4 step=312300 train_loss=0.5987
epoch=4 step=312350 train_loss=0.5743
epoch=4 step=312400 train_loss=0.5487
epoch=4 step=312450 train_loss=0.5914
epoch=4 step=312500 train_loss=0.6062
[eval] step=312500 train=0.5610 val=0.5865
epoch=4 step=312550 train_loss=0.6347
epoch=4 step=312600 train_loss=0.5975
epoch=4 step=312650 train_loss=0.5490
epoch=4 step=312700 train_loss=0.5703
epoch=4 step=312750 train_loss=0.6102
epoch=4 step=312800 train_loss=0.5533
epoch=4 step=312850 train_loss=0.5596
epoch=4 step=312900 train_loss=0.6198
epoch=4 step=312950 train_loss=0.6067
epoch=4 step=313000 train_loss=0.5747
[eval] step=313000 train=0.5573 val=0.5884
epoch=4 step=313050 train_loss=0.5793
epoch=4 step=313100 train_loss=0.5497
epoch=4 step=313150 train_loss=0.5656
epoch=4 step=313200 train_loss=0.5097
epoch=4 step=313250 train_loss=0.6407
epoch=4 step=313300 train_loss=0.5677
epoch=4 step=313350 train_loss=0.5561
epoch=4 step=313400 train_loss=0.5815
epoch=4 step=313450 train_loss=0.5540
epoch=4 step=313500 train_loss=0.5904
[eval] step=313500 train=0.5669 val=0.5816
epoch=4 step=313550 train_loss=0.5727
epoch=4 step=313600 train_loss=0.5748
epoch=4 step=313650 train_loss=0.6132
epoch=4 step=313700 train_loss=0.5492
epoch=4 step=313750 train_loss=0.5366
epoch=4 step=313800 train_loss=0.6204
epoch=4 step=313850 train_loss=0.5849
epoch=4 step=313900 train_loss=0.5864
epoch=4 step=313950 train_loss=0.5681
epoch=4 step=314000 train_loss=0.5794
[eval] step=314000 train=0.5763 val=0.5845
epoch=4 step=314050 train_loss=0.5853
epoch=4 step=314100 train_loss=0.5685
epoch=4 step=314150 train_loss=0.5639
epoch=4 step=314200 train_loss=0.5343
epoch=4 step=314250 train_loss=0.5851
epoch=4 step=314300 train_loss=0.5930
epoch=4 step=314350 train_loss=0.5852
epoch=4 step=314400 train_loss=0.5416
epoch=4 step=314450 train_loss=0.5559
epoch=4 step=314500 train_loss=0.5662
[eval] step=314500 train=0.5647 val=0.5812
epoch=4 step=314550 train_loss=0.5570
epoch=4 step=314600 train_loss=0.6269
epoch=4 step=314650 train_loss=0.5606
epoch=4 step=314700 train_loss=0.5893
epoch=4 step=314750 train_loss=0.5471
epoch=4 step=314800 train_loss=0.6217
epoch=4 step=314850 train_loss=0.5483
epoch=4 step=314900 train_loss=0.5730
epoch=4 step=314950 train_loss=0.5244
epoch=4 step=315000 train_loss=0.5768
[eval] step=315000 train=0.5659 val=0.5821
epoch=4 step=315050 train_loss=0.5626
epoch=4 step=315100 train_loss=0.5418
epoch=4 step=315150 train_loss=0.5740
epoch=4 step=315200 train_loss=0.6100
epoch=4 step=315250 train_loss=0.5924
epoch=4 step=315300 train_loss=0.5824
epoch=4 step=315350 train_loss=0.5549
epoch=4 step=315400 train_loss=0.5996
epoch=4 step=315450 train_loss=0.5877
epoch=4 step=315500 train_loss=0.5673
[eval] step=315500 train=0.5744 val=0.5812
epoch=4 step=315550 train_loss=0.5863
epoch=4 step=315600 train_loss=0.5597
epoch=4 step=315650 train_loss=0.5697
epoch=4 step=315700 train_loss=0.5477
epoch=4 step=315750 train_loss=0.6148
epoch=4 step=315800 train_loss=0.5619
epoch=4 step=315850 train_loss=0.6038
epoch=4 step=315900 train_loss=0.5486
epoch=4 step=315950 train_loss=0.5687
epoch=4 step=316000 train_loss=0.5985
[eval] step=316000 train=0.5646 val=0.5803
epoch=4 step=316050 train_loss=0.5930
epoch=4 step=316100 train_loss=0.5563
epoch=4 step=316150 train_loss=0.5521
epoch=4 step=316200 train_loss=0.5901
epoch=4 step=316250 train_loss=0.5584
epoch=4 step=316300 train_loss=0.5664
epoch=4 step=316350 train_loss=0.5524
epoch=4 step=316400 train_loss=0.5897
epoch=4 step=316450 train_loss=0.5981
epoch=4 step=316500 train_loss=0.5457
[eval] step=316500 train=0.5651 val=0.5862
epoch=4 step=316550 train_loss=0.5616
epoch=4 step=316600 train_loss=0.5464
epoch=4 step=316650 train_loss=0.5561
epoch=4 step=316700 train_loss=0.5094
epoch=4 step=316750 train_loss=0.5860
epoch=4 step=316800 train_loss=0.5531
epoch=4 step=316850 train_loss=0.5935
epoch=4 step=316900 train_loss=0.5363
epoch=4 step=316950 train_loss=0.5614
epoch=4 step=317000 train_loss=0.5822
[eval] step=317000 train=0.5602 val=0.5873
epoch=4 step=317050 train_loss=0.5666
epoch=4 step=317100 train_loss=0.5872
epoch=4 step=317150 train_loss=0.5472
epoch=4 step=317200 train_loss=0.5716
epoch=4 step=317250 train_loss=0.5814
epoch=4 step=317300 train_loss=0.5515
epoch=4 step=317350 train_loss=0.6037
epoch=5 step=317400 train_loss=0.5260
epoch=5 step=317450 train_loss=0.6003
epoch=5 step=317500 train_loss=0.6088
[eval] step=317500 train=0.5640 val=0.5817
epoch=5 step=317550 train_loss=0.5882
epoch=5 step=317600 train_loss=0.5227
epoch=5 step=317650 train_loss=0.5248
epoch=5 step=317700 train_loss=0.5815
epoch=5 step=317750 train_loss=0.5828
epoch=5 step=317800 train_loss=0.5999
epoch=5 step=317850 train_loss=0.5509
epoch=5 step=317900 train_loss=0.5530
epoch=5 step=317950 train_loss=0.5575
epoch=5 step=318000 train_loss=0.5589
[eval] step=318000 train=0.5671 val=0.5869
epoch=5 step=318050 train_loss=0.5340
epoch=5 step=318100 train_loss=0.5678
epoch=5 step=318150 train_loss=0.6065
epoch=5 step=318200 train_loss=0.5411
epoch=5 step=318250 train_loss=0.5257
epoch=5 step=318300 train_loss=0.5799
epoch=5 step=318350 train_loss=0.5553
epoch=5 step=318400 train_loss=0.6104
epoch=5 step=318450 train_loss=0.5750
epoch=5 step=318500 train_loss=0.5414
[eval] step=318500 train=0.5711 val=0.5841
epoch=5 step=318550 train_loss=0.5452
epoch=5 step=318600 train_loss=0.5524
epoch=5 step=318650 train_loss=0.5760
epoch=5 step=318700 train_loss=0.5612
epoch=5 step=318750 train_loss=0.5903
epoch=5 step=318800 train_loss=0.5775
epoch=5 step=318850 train_loss=0.5545
epoch=5 step=318900 train_loss=0.5166
epoch=5 step=318950 train_loss=0.5644
epoch=5 step=319000 train_loss=0.5709
[eval] step=319000 train=0.5649 val=0.5845
epoch=5 step=319050 train_loss=0.5759
epoch=5 step=319100 train_loss=0.6296
epoch=5 step=319150 train_loss=0.5678
epoch=5 step=319200 train_loss=0.5891
epoch=5 step=319250 train_loss=0.5555
epoch=5 step=319300 train_loss=0.5730
epoch=5 step=319350 train_loss=0.5471
epoch=5 step=319400 train_loss=0.6066
epoch=5 step=319450 train_loss=0.5466
epoch=5 step=319500 train_loss=0.5830
[eval] step=319500 train=0.5706 val=0.5837
epoch=5 step=319550 train_loss=0.5752
epoch=5 step=319600 train_loss=0.5619
epoch=5 step=319650 train_loss=0.5938
epoch=5 step=319700 train_loss=0.5901
epoch=5 step=319750 train_loss=0.5580
epoch=5 step=319800 train_loss=0.6079
epoch=5 step=319850 train_loss=0.5681
epoch=5 step=319900 train_loss=0.5921
epoch=5 step=319950 train_loss=0.5551
epoch=5 step=320000 train_loss=0.5908
[eval] step=320000 train=0.5716 val=0.5867
epoch=5 step=320050 train_loss=0.5951
epoch=5 step=320100 train_loss=0.5572
epoch=5 step=320150 train_loss=0.5435
epoch=5 step=320200 train_loss=0.6067
epoch=5 step=320250 train_loss=0.5592
epoch=5 step=320300 train_loss=0.5489
epoch=5 step=320350 train_loss=0.5713
epoch=5 step=320400 train_loss=0.6058
epoch=5 step=320450 train_loss=0.6176
epoch=5 step=320500 train_loss=0.6318
[eval] step=320500 train=0.5546 val=0.5875
epoch=5 step=320550 train_loss=0.5390
epoch=5 step=320600 train_loss=0.5250
epoch=5 step=320650 train_loss=0.5806
epoch=5 step=320700 train_loss=0.5872
epoch=5 step=320750 train_loss=0.5642
epoch=5 step=320800 train_loss=0.6198
epoch=5 step=320850 train_loss=0.5243
epoch=5 step=320900 train_loss=0.5603
epoch=5 step=320950 train_loss=0.5634
epoch=5 step=321000 train_loss=0.5898
[eval] step=321000 train=0.5636 val=0.5848
epoch=5 step=321050 train_loss=0.6053
epoch=5 step=321100 train_loss=0.5532
epoch=5 step=321150 train_loss=0.5320
epoch=5 step=321200 train_loss=0.5655
epoch=5 step=321250 train_loss=0.5822
epoch=5 step=321300 train_loss=0.5331
epoch=5 step=321350 train_loss=0.6258
epoch=5 step=321400 train_loss=0.6155
epoch=5 step=321450 train_loss=0.5567
epoch=5 step=321500 train_loss=0.6041
[eval] step=321500 train=0.5706 val=0.5861
epoch=5 step=321550 train_loss=0.5501
epoch=5 step=321600 train_loss=0.5562
epoch=5 step=321650 train_loss=0.5467
epoch=5 step=321700 train_loss=0.5293
epoch=5 step=321750 train_loss=0.6030
epoch=5 step=321800 train_loss=0.5574
epoch=5 step=321850 train_loss=0.5780
epoch=5 step=321900 train_loss=0.5923
epoch=5 step=321950 train_loss=0.5558
epoch=5 step=322000 train_loss=0.5818
[eval] step=322000 train=0.5617 val=0.5871
epoch=5 step=322050 train_loss=0.5999
epoch=5 step=322100 train_loss=0.5502
epoch=5 step=322150 train_loss=0.5885
epoch=5 step=322200 train_loss=0.5802
epoch=5 step=322250 train_loss=0.5936
epoch=5 step=322300 train_loss=0.5615
epoch=5 step=322350 train_loss=0.5970
epoch=5 step=322400 train_loss=0.6134
epoch=5 step=322450 train_loss=0.5790
epoch=5 step=322500 train_loss=0.6191
[eval] step=322500 train=0.5640 val=0.5812
epoch=5 step=322550 train_loss=0.5300
epoch=5 step=322600 train_loss=0.6242
epoch=5 step=322650 train_loss=0.5936
epoch=5 step=322700 train_loss=0.5984
epoch=5 step=322750 train_loss=0.5752
epoch=5 step=322800 train_loss=0.6450
epoch=5 step=322850 train_loss=0.5505
epoch=5 step=322900 train_loss=0.5655
epoch=5 step=322950 train_loss=0.5829
epoch=5 step=323000 train_loss=0.5812
[eval] step=323000 train=0.5698 val=0.5864
epoch=5 step=323050 train_loss=0.6019
epoch=5 step=323100 train_loss=0.5984
epoch=5 step=323150 train_loss=0.5948
epoch=5 step=323200 train_loss=0.5595
epoch=5 step=323250 train_loss=0.4906
epoch=5 step=323300 train_loss=0.5526
epoch=5 step=323350 train_loss=0.5921
epoch=5 step=323400 train_loss=0.5498
epoch=5 step=323450 train_loss=0.5657
epoch=5 step=323500 train_loss=0.5766
[eval] step=323500 train=0.5699 val=0.5894
epoch=5 step=323550 train_loss=0.5809
epoch=5 step=323600 train_loss=0.5682
epoch=5 step=323650 train_loss=0.5674
epoch=5 step=323700 train_loss=0.6458
epoch=5 step=323750 train_loss=0.5765
epoch=5 step=323800 train_loss=0.5464
epoch=5 step=323850 train_loss=0.6297
epoch=5 step=323900 train_loss=0.5751
epoch=5 step=323950 train_loss=0.5458
epoch=5 step=324000 train_loss=0.6002
[eval] step=324000 train=0.5686 val=0.5866
epoch=5 step=324050 train_loss=0.5842
epoch=5 step=324100 train_loss=0.5843
epoch=5 step=324150 train_loss=0.6385
epoch=5 step=324200 train_loss=0.5972
epoch=5 step=324250 train_loss=0.5205
epoch=5 step=324300 train_loss=0.5915
epoch=5 step=324350 train_loss=0.5584
epoch=5 step=324400 train_loss=0.5138
epoch=5 step=324450 train_loss=0.5750
epoch=5 step=324500 train_loss=0.5829
[eval] step=324500 train=0.5676 val=0.5862
epoch=5 step=324550 train_loss=0.5990
epoch=5 step=324600 train_loss=0.5762
epoch=5 step=324650 train_loss=0.5941
epoch=5 step=324700 train_loss=0.5494
epoch=5 step=324750 train_loss=0.5467
epoch=5 step=324800 train_loss=0.5006
epoch=5 step=324850 train_loss=0.5981
epoch=5 step=324900 train_loss=0.6070
epoch=5 step=324950 train_loss=0.6271
epoch=5 step=325000 train_loss=0.5722
[eval] step=325000 train=0.5771 val=0.5845
epoch=5 step=325050 train_loss=0.5665
epoch=5 step=325100 train_loss=0.6002
epoch=5 step=325150 train_loss=0.6085
epoch=5 step=325200 train_loss=0.5782
epoch=5 step=325250 train_loss=0.6201
epoch=5 step=325300 train_loss=0.5818
epoch=5 step=325350 train_loss=0.5919
epoch=5 step=325400 train_loss=0.6082
epoch=5 step=325450 train_loss=0.5849
epoch=5 step=325500 train_loss=0.5342
[eval] step=325500 train=0.5681 val=0.5885
epoch=5 step=325550 train_loss=0.5566
epoch=5 step=325600 train_loss=0.5517
epoch=5 step=325650 train_loss=0.6032
epoch=5 step=325700 train_loss=0.5823
epoch=5 step=325750 train_loss=0.5871
epoch=5 step=325800 train_loss=0.5921
epoch=5 step=325850 train_loss=0.5606
epoch=5 step=325900 train_loss=0.5826
epoch=5 step=325950 train_loss=0.5166
epoch=5 step=326000 train_loss=0.6217
[eval] step=326000 train=0.5705 val=0.5865
epoch=5 step=326050 train_loss=0.5596
epoch=5 step=326100 train_loss=0.5692
epoch=5 step=326150 train_loss=0.5946
epoch=5 step=326200 train_loss=0.5635
epoch=5 step=326250 train_loss=0.6130
epoch=5 step=326300 train_loss=0.5116
epoch=5 step=326350 train_loss=0.5745
epoch=5 step=326400 train_loss=0.5934
epoch=5 step=326450 train_loss=0.6166
epoch=5 step=326500 train_loss=0.6144
[eval] step=326500 train=0.5752 val=0.5837
epoch=5 step=326550 train_loss=0.5681
epoch=5 step=326600 train_loss=0.5645
epoch=5 step=326650 train_loss=0.6027
epoch=5 step=326700 train_loss=0.5444
epoch=5 step=326750 train_loss=0.5160
epoch=5 step=326800 train_loss=0.6387
epoch=5 step=326850 train_loss=0.5279
epoch=5 step=326900 train_loss=0.5696
epoch=5 step=326950 train_loss=0.5828
epoch=5 step=327000 train_loss=0.5329
[eval] step=327000 train=0.5657 val=0.5856
epoch=5 step=327050 train_loss=0.6036
epoch=5 step=327100 train_loss=0.5964
epoch=5 step=327150 train_loss=0.6358
epoch=5 step=327200 train_loss=0.5344
epoch=5 step=327250 train_loss=0.5331
epoch=5 step=327300 train_loss=0.6131
epoch=5 step=327350 train_loss=0.6101
epoch=5 step=327400 train_loss=0.5583
epoch=5 step=327450 train_loss=0.5856
epoch=5 step=327500 train_loss=0.5337
[eval] step=327500 train=0.5735 val=0.5839
epoch=5 step=327550 train_loss=0.5963
epoch=5 step=327600 train_loss=0.6243
epoch=5 step=327650 train_loss=0.5350
epoch=5 step=327700 train_loss=0.5530
epoch=5 step=327750 train_loss=0.5836
epoch=5 step=327800 train_loss=0.6195
epoch=5 step=327850 train_loss=0.5937
epoch=5 step=327900 train_loss=0.5877
epoch=5 step=327950 train_loss=0.5990
epoch=5 step=328000 train_loss=0.5496
[eval] step=328000 train=0.5626 val=0.5821
epoch=5 step=328050 train_loss=0.5740
epoch=5 step=328100 train_loss=0.6053
epoch=5 step=328150 train_loss=0.5927
epoch=5 step=328200 train_loss=0.4896
epoch=5 step=328250 train_loss=0.6044
epoch=5 step=328300 train_loss=0.5642
epoch=5 step=328350 train_loss=0.5228
epoch=5 step=328400 train_loss=0.5354
epoch=5 step=328450 train_loss=0.6260
epoch=5 step=328500 train_loss=0.6038
[eval] step=328500 train=0.5634 val=0.5859
epoch=5 step=328550 train_loss=0.5899
epoch=5 step=328600 train_loss=0.6162
epoch=5 step=328650 train_loss=0.5985
epoch=5 step=328700 train_loss=0.5914
epoch=5 step=328750 train_loss=0.6144
epoch=5 step=328800 train_loss=0.5458
epoch=5 step=328850 train_loss=0.5716
epoch=5 step=328900 train_loss=0.5561
epoch=5 step=328950 train_loss=0.5839
epoch=5 step=329000 train_loss=0.5739
[eval] step=329000 train=0.5699 val=0.5868
epoch=5 step=329050 train_loss=0.6156
epoch=5 step=329100 train_loss=0.5829
epoch=5 step=329150 train_loss=0.5748
epoch=5 step=329200 train_loss=0.5576
epoch=5 step=329250 train_loss=0.5837
epoch=5 step=329300 train_loss=0.5779
epoch=5 step=329350 train_loss=0.5380
epoch=5 step=329400 train_loss=0.5951
epoch=5 step=329450 train_loss=0.5090
epoch=5 step=329500 train_loss=0.5307
[eval] step=329500 train=0.5617 val=0.5866
epoch=5 step=329550 train_loss=0.5971
epoch=5 step=329600 train_loss=0.5817
epoch=5 step=329650 train_loss=0.5688
epoch=5 step=329700 train_loss=0.5855
epoch=5 step=329750 train_loss=0.5887
epoch=5 step=329800 train_loss=0.5450
epoch=5 step=329850 train_loss=0.5988
epoch=5 step=329900 train_loss=0.5859
epoch=5 step=329950 train_loss=0.5897
epoch=5 step=330000 train_loss=0.5571
[eval] step=330000 train=0.5744 val=0.5817
epoch=5 step=330050 train_loss=0.5900
epoch=5 step=330100 train_loss=0.5942
epoch=5 step=330150 train_loss=0.6308
epoch=5 step=330200 train_loss=0.5902
epoch=5 step=330250 train_loss=0.5810
epoch=5 step=330300 train_loss=0.5907
epoch=5 step=330350 train_loss=0.6067
epoch=5 step=330400 train_loss=0.5883
epoch=5 step=330450 train_loss=0.5490
epoch=5 step=330500 train_loss=0.5902
[eval] step=330500 train=0.5672 val=0.5855
epoch=5 step=330550 train_loss=0.6071
epoch=5 step=330600 train_loss=0.5842
epoch=5 step=330650 train_loss=0.5545
epoch=5 step=330700 train_loss=0.6327
epoch=5 step=330750 train_loss=0.4959
epoch=5 step=330800 train_loss=0.5934
epoch=5 step=330850 train_loss=0.5898
epoch=5 step=330900 train_loss=0.5682
epoch=5 step=330950 train_loss=0.5690
epoch=5 step=331000 train_loss=0.6260
[eval] step=331000 train=0.5646 val=0.5854
epoch=5 step=331050 train_loss=0.5451
epoch=5 step=331100 train_loss=0.5565
epoch=5 step=331150 train_loss=0.5220
epoch=5 step=331200 train_loss=0.5408
epoch=5 step=331250 train_loss=0.5986
epoch=5 step=331300 train_loss=0.5812
epoch=5 step=331350 train_loss=0.5825
epoch=5 step=331400 train_loss=0.5833
epoch=5 step=331450 train_loss=0.6168
epoch=5 step=331500 train_loss=0.5686
[eval] step=331500 train=0.5670 val=0.5870
epoch=5 step=331550 train_loss=0.5614
epoch=5 step=331600 train_loss=0.5884
epoch=5 step=331650 train_loss=0.5571
epoch=5 step=331700 train_loss=0.5498
epoch=5 step=331750 train_loss=0.5852
epoch=5 step=331800 train_loss=0.5386
epoch=5 step=331850 train_loss=0.5786
epoch=5 step=331900 train_loss=0.5666
epoch=5 step=331950 train_loss=0.5837
epoch=5 step=332000 train_loss=0.5550
[eval] step=332000 train=0.5631 val=0.5869
epoch=5 step=332050 train_loss=0.5815
epoch=5 step=332100 train_loss=0.5721
epoch=5 step=332150 train_loss=0.5792
epoch=5 step=332200 train_loss=0.6219
epoch=5 step=332250 train_loss=0.5960
epoch=5 step=332300 train_loss=0.5681
epoch=5 step=332350 train_loss=0.6115
epoch=5 step=332400 train_loss=0.5483
epoch=5 step=332450 train_loss=0.5426
epoch=5 step=332500 train_loss=0.6014
[eval] step=332500 train=0.5548 val=0.5833
epoch=5 step=332550 train_loss=0.5793
epoch=5 step=332600 train_loss=0.5421
epoch=5 step=332650 train_loss=0.5904
epoch=5 step=332700 train_loss=0.5803
epoch=5 step=332750 train_loss=0.5812
epoch=5 step=332800 train_loss=0.5434
epoch=5 step=332850 train_loss=0.5937
epoch=5 step=332900 train_loss=0.5849
epoch=5 step=332950 train_loss=0.5897
epoch=5 step=333000 train_loss=0.5741
[eval] step=333000 train=0.5693 val=0.5892
epoch=5 step=333050 train_loss=0.6037
epoch=5 step=333100 train_loss=0.5504
epoch=5 step=333150 train_loss=0.5306
epoch=5 step=333200 train_loss=0.5484
epoch=5 step=333250 train_loss=0.5913
epoch=5 step=333300 train_loss=0.5562
epoch=5 step=333350 train_loss=0.5794
epoch=5 step=333400 train_loss=0.5814
epoch=5 step=333450 train_loss=0.5802
epoch=5 step=333500 train_loss=0.5928
[eval] step=333500 train=0.5720 val=0.5868
epoch=5 step=333550 train_loss=0.5548
epoch=5 step=333600 train_loss=0.5344
epoch=5 step=333650 train_loss=0.5328
epoch=5 step=333700 train_loss=0.5609
epoch=5 step=333750 train_loss=0.6037
epoch=5 step=333800 train_loss=0.5121
epoch=5 step=333850 train_loss=0.6001
epoch=5 step=333900 train_loss=0.5673
epoch=5 step=333950 train_loss=0.5411
epoch=5 step=334000 train_loss=0.5857
[eval] step=334000 train=0.5651 val=0.5822
epoch=5 step=334050 train_loss=0.5840
epoch=5 step=334100 train_loss=0.5991
epoch=5 step=334150 train_loss=0.5617
epoch=5 step=334200 train_loss=0.5856
epoch=5 step=334250 train_loss=0.5825
epoch=5 step=334300 train_loss=0.5747
epoch=5 step=334350 train_loss=0.5734
epoch=5 step=334400 train_loss=0.5323
epoch=5 step=334450 train_loss=0.5613
epoch=5 step=334500 train_loss=0.6140
[eval] step=334500 train=0.5590 val=0.5867
epoch=5 step=334550 train_loss=0.5193
epoch=5 step=334600 train_loss=0.5674
epoch=5 step=334650 train_loss=0.5666
epoch=5 step=334700 train_loss=0.6031
epoch=5 step=334750 train_loss=0.6185
epoch=5 step=334800 train_loss=0.5650
epoch=5 step=334850 train_loss=0.5524
epoch=5 step=334900 train_loss=0.5850
epoch=5 step=334950 train_loss=0.5458
epoch=5 step=335000 train_loss=0.5851
[eval] step=335000 train=0.5677 val=0.5899
epoch=5 step=335050 train_loss=0.5987
epoch=5 step=335100 train_loss=0.5953
epoch=5 step=335150 train_loss=0.5575
epoch=5 step=335200 train_loss=0.5433
epoch=5 step=335250 train_loss=0.6195
epoch=5 step=335300 train_loss=0.6116
epoch=5 step=335350 train_loss=0.6024
epoch=5 step=335400 train_loss=0.5664
epoch=5 step=335450 train_loss=0.5712
epoch=5 step=335500 train_loss=0.5278
[eval] step=335500 train=0.5637 val=0.5832
epoch=5 step=335550 train_loss=0.6059
epoch=5 step=335600 train_loss=0.5355
epoch=5 step=335650 train_loss=0.5570
epoch=5 step=335700 train_loss=0.5632
epoch=5 step=335750 train_loss=0.5881
epoch=5 step=335800 train_loss=0.5705
epoch=5 step=335850 train_loss=0.5473
epoch=5 step=335900 train_loss=0.5825
epoch=5 step=335950 train_loss=0.5625
epoch=5 step=336000 train_loss=0.5980
[eval] step=336000 train=0.5665 val=0.5881
epoch=5 step=336050 train_loss=0.5461
epoch=5 step=336100 train_loss=0.5911
epoch=5 step=336150 train_loss=0.5899
epoch=5 step=336200 train_loss=0.5670
epoch=5 step=336250 train_loss=0.5943
epoch=5 step=336300 train_loss=0.5822
epoch=5 step=336350 train_loss=0.5404
epoch=5 step=336400 train_loss=0.5495
epoch=5 step=336450 train_loss=0.5647
epoch=5 step=336500 train_loss=0.5989
[eval] step=336500 train=0.5713 val=0.5898
epoch=5 step=336550 train_loss=0.5508
epoch=5 step=336600 train_loss=0.5214
epoch=5 step=336650 train_loss=0.5585
epoch=5 step=336700 train_loss=0.6361
epoch=5 step=336750 train_loss=0.5829
epoch=5 step=336800 train_loss=0.6156
epoch=5 step=336850 train_loss=0.5825
epoch=5 step=336900 train_loss=0.6169
epoch=5 step=336950 train_loss=0.5562
epoch=5 step=337000 train_loss=0.5499
[eval] step=337000 train=0.5670 val=0.5817
epoch=5 step=337050 train_loss=0.6094
epoch=5 step=337100 train_loss=0.5875
epoch=5 step=337150 train_loss=0.5470
epoch=5 step=337200 train_loss=0.5994
epoch=5 step=337250 train_loss=0.5142
epoch=5 step=337300 train_loss=0.5727
epoch=5 step=337350 train_loss=0.6113
epoch=5 step=337400 train_loss=0.5804
epoch=5 step=337450 train_loss=0.5702
epoch=5 step=337500 train_loss=0.5661
[eval] step=337500 train=0.5636 val=0.5816
epoch=5 step=337550 train_loss=0.5988
epoch=5 step=337600 train_loss=0.5729
epoch=5 step=337650 train_loss=0.5383
epoch=5 step=337700 train_loss=0.5713
epoch=5 step=337750 train_loss=0.5890
epoch=5 step=337800 train_loss=0.5781
epoch=5 step=337850 train_loss=0.5748
epoch=5 step=337900 train_loss=0.6131
epoch=5 step=337950 train_loss=0.5844
epoch=5 step=338000 train_loss=0.5734
[eval] step=338000 train=0.5707 val=0.5881
epoch=5 step=338050 train_loss=0.5716
epoch=5 step=338100 train_loss=0.5766
epoch=5 step=338150 train_loss=0.5032
epoch=5 step=338200 train_loss=0.5857
epoch=5 step=338250 train_loss=0.5869
epoch=5 step=338300 train_loss=0.6319
epoch=5 step=338350 train_loss=0.5514
epoch=5 step=338400 train_loss=0.5601
epoch=5 step=338450 train_loss=0.5824
epoch=5 step=338500 train_loss=0.5858
[eval] step=338500 train=0.5719 val=0.5862
epoch=5 step=338550 train_loss=0.5692
epoch=5 step=338600 train_loss=0.5663
epoch=5 step=338650 train_loss=0.5324
epoch=5 step=338700 train_loss=0.5877
epoch=5 step=338750 train_loss=0.5673
epoch=5 step=338800 train_loss=0.5815
epoch=5 step=338850 train_loss=0.6276
epoch=5 step=338900 train_loss=0.5666
epoch=5 step=338950 train_loss=0.6096
epoch=5 step=339000 train_loss=0.6220
[eval] step=339000 train=0.5643 val=0.5848
epoch=5 step=339050 train_loss=0.5510
epoch=5 step=339100 train_loss=0.5784
epoch=5 step=339150 train_loss=0.5675
epoch=5 step=339200 train_loss=0.5741
epoch=5 step=339250 train_loss=0.5205
epoch=5 step=339300 train_loss=0.6122
epoch=5 step=339350 train_loss=0.5991
epoch=5 step=339400 train_loss=0.5488
epoch=5 step=339450 train_loss=0.5388
epoch=5 step=339500 train_loss=0.5876
[eval] step=339500 train=0.5692 val=0.5839
epoch=5 step=339550 train_loss=0.5541
epoch=5 step=339600 train_loss=0.5572
epoch=5 step=339650 train_loss=0.6380
epoch=5 step=339700 train_loss=0.5973
epoch=5 step=339750 train_loss=0.5661
epoch=5 step=339800 train_loss=0.5348
epoch=5 step=339850 train_loss=0.5448
epoch=5 step=339900 train_loss=0.5094
epoch=5 step=339950 train_loss=0.5523
epoch=5 step=340000 train_loss=0.5789
[eval] step=340000 train=0.5681 val=0.5860
epoch=5 step=340050 train_loss=0.5719
epoch=5 step=340100 train_loss=0.5407
epoch=5 step=340150 train_loss=0.5805
epoch=5 step=340200 train_loss=0.5540
epoch=5 step=340250 train_loss=0.5536
epoch=5 step=340300 train_loss=0.5276
epoch=5 step=340350 train_loss=0.5808
epoch=5 step=340400 train_loss=0.5527
epoch=5 step=340450 train_loss=0.5942
epoch=5 step=340500 train_loss=0.5600
[eval] step=340500 train=0.5746 val=0.5840
epoch=5 step=340550 train_loss=0.5541
epoch=5 step=340600 train_loss=0.5820
epoch=5 step=340650 train_loss=0.5435
epoch=5 step=340700 train_loss=0.6023
epoch=5 step=340750 train_loss=0.5933
epoch=5 step=340800 train_loss=0.5772
epoch=5 step=340850 train_loss=0.5363
epoch=5 step=340900 train_loss=0.5890
epoch=5 step=340950 train_loss=0.5932
epoch=5 step=341000 train_loss=0.5656
[eval] step=341000 train=0.5618 val=0.5874
epoch=5 step=341050 train_loss=0.5675
epoch=5 step=341100 train_loss=0.5824
epoch=5 step=341150 train_loss=0.5969
epoch=5 step=341200 train_loss=0.5409
epoch=5 step=341250 train_loss=0.5363
epoch=5 step=341300 train_loss=0.6161
epoch=5 step=341350 train_loss=0.5609
epoch=5 step=341400 train_loss=0.5729
epoch=5 step=341450 train_loss=0.5618
epoch=5 step=341500 train_loss=0.5491
[eval] step=341500 train=0.5619 val=0.5852
epoch=5 step=341550 train_loss=0.5979
epoch=5 step=341600 train_loss=0.5655
epoch=5 step=341650 train_loss=0.5471
epoch=5 step=341700 train_loss=0.6158
epoch=5 step=341750 train_loss=0.5549
epoch=5 step=341800 train_loss=0.5717
epoch=5 step=341850 train_loss=0.5434
epoch=5 step=341900 train_loss=0.6130
epoch=5 step=341950 train_loss=0.6062
epoch=5 step=342000 train_loss=0.5641
[eval] step=342000 train=0.5642 val=0.5859
epoch=5 step=342050 train_loss=0.5955
epoch=5 step=342100 train_loss=0.5853
epoch=5 step=342150 train_loss=0.5599
epoch=5 step=342200 train_loss=0.6236
epoch=5 step=342250 train_loss=0.5609
epoch=5 step=342300 train_loss=0.5565
epoch=5 step=342350 train_loss=0.5854
epoch=5 step=342400 train_loss=0.5673
epoch=5 step=342450 train_loss=0.5943
epoch=5 step=342500 train_loss=0.5532
[eval] step=342500 train=0.5647 val=0.5893
epoch=5 step=342550 train_loss=0.5888
epoch=5 step=342600 train_loss=0.6197
epoch=5 step=342650 train_loss=0.5428
epoch=5 step=342700 train_loss=0.5929
epoch=5 step=342750 train_loss=0.5614
epoch=5 step=342800 train_loss=0.5680
epoch=5 step=342850 train_loss=0.6084
epoch=5 step=342900 train_loss=0.6019
epoch=5 step=342950 train_loss=0.5556
epoch=5 step=343000 train_loss=0.5517
[eval] step=343000 train=0.5611 val=0.5875
epoch=5 step=343050 train_loss=0.5593
epoch=5 step=343100 train_loss=0.5283
epoch=5 step=343150 train_loss=0.6420
epoch=5 step=343200 train_loss=0.5616
epoch=5 step=343250 train_loss=0.5693
epoch=5 step=343300 train_loss=0.6371
epoch=5 step=343350 train_loss=0.5726
epoch=5 step=343400 train_loss=0.5503
epoch=5 step=343450 train_loss=0.5514
epoch=5 step=343500 train_loss=0.5640
[eval] step=343500 train=0.5657 val=0.5868
epoch=5 step=343550 train_loss=0.5624
epoch=5 step=343600 train_loss=0.5708
epoch=5 step=343650 train_loss=0.6244
epoch=5 step=343700 train_loss=0.5586
epoch=5 step=343750 train_loss=0.5450
epoch=5 step=343800 train_loss=0.5617
epoch=5 step=343850 train_loss=0.5338
epoch=5 step=343900 train_loss=0.5888
epoch=5 step=343950 train_loss=0.5909
epoch=5 step=344000 train_loss=0.5406
[eval] step=344000 train=0.5697 val=0.5891
epoch=5 step=344050 train_loss=0.5494
epoch=5 step=344100 train_loss=0.5893
epoch=5 step=344150 train_loss=0.5321
epoch=5 step=344200 train_loss=0.5745
epoch=5 step=344250 train_loss=0.5661
epoch=5 step=344300 train_loss=0.5337
epoch=5 step=344350 train_loss=0.5874
epoch=5 step=344400 train_loss=0.5646
epoch=5 step=344450 train_loss=0.5286
epoch=5 step=344500 train_loss=0.5774
[eval] step=344500 train=0.5781 val=0.5876
epoch=5 step=344550 train_loss=0.5778
epoch=5 step=344600 train_loss=0.5901
epoch=5 step=344650 train_loss=0.5451
epoch=5 step=344700 train_loss=0.5520
epoch=5 step=344750 train_loss=0.5867
epoch=5 step=344800 train_loss=0.5368
epoch=5 step=344850 train_loss=0.5998
epoch=5 step=344900 train_loss=0.5694
epoch=5 step=344950 train_loss=0.5480
epoch=5 step=345000 train_loss=0.5692
[eval] step=345000 train=0.5684 val=0.5877
epoch=5 step=345050 train_loss=0.6095
epoch=5 step=345100 train_loss=0.5959
epoch=5 step=345150 train_loss=0.5652
epoch=5 step=345200 train_loss=0.5623
epoch=5 step=345250 train_loss=0.5989
epoch=5 step=345300 train_loss=0.5935
epoch=5 step=345350 train_loss=0.5519
epoch=5 step=345400 train_loss=0.5203
epoch=5 step=345450 train_loss=0.5754
epoch=5 step=345500 train_loss=0.5773
[eval] step=345500 train=0.5637 val=0.5824
epoch=5 step=345550 train_loss=0.6167
epoch=5 step=345600 train_loss=0.5649
epoch=5 step=345650 train_loss=0.6198
epoch=5 step=345700 train_loss=0.5867
epoch=5 step=345750 train_loss=0.6048
epoch=5 step=345800 train_loss=0.5460
epoch=5 step=345850 train_loss=0.5247
epoch=5 step=345900 train_loss=0.6205
epoch=5 step=345950 train_loss=0.5521
epoch=5 step=346000 train_loss=0.6158
[eval] step=346000 train=0.5583 val=0.5802
saved best checkpoint to out-battery/best_ckpt.pt
epoch=5 step=346050 train_loss=0.5501
epoch=5 step=346100 train_loss=0.5768
epoch=5 step=346150 train_loss=0.5692
epoch=5 step=346200 train_loss=0.5763
epoch=5 step=346250 train_loss=0.5459
epoch=5 step=346300 train_loss=0.5724
epoch=5 step=346350 train_loss=0.6274
epoch=5 step=346400 train_loss=0.5858
epoch=5 step=346450 train_loss=0.5864
epoch=5 step=346500 train_loss=0.5912
[eval] step=346500 train=0.5600 val=0.5802
epoch=5 step=346550 train_loss=0.6244
epoch=5 step=346600 train_loss=0.5813
epoch=5 step=346650 train_loss=0.5476
epoch=5 step=346700 train_loss=0.5955
epoch=5 step=346750 train_loss=0.5602
epoch=5 step=346800 train_loss=0.5032
epoch=5 step=346850 train_loss=0.5844
epoch=5 step=346900 train_loss=0.5839
epoch=5 step=346950 train_loss=0.5814
epoch=5 step=347000 train_loss=0.5835
[eval] step=347000 train=0.5676 val=0.5853
epoch=5 step=347050 train_loss=0.5953
epoch=5 step=347100 train_loss=0.6556
epoch=5 step=347150 train_loss=0.5804
epoch=5 step=347200 train_loss=0.5944
epoch=5 step=347250 train_loss=0.5898
epoch=5 step=347300 train_loss=0.5773
epoch=5 step=347350 train_loss=0.5565
epoch=5 step=347400 train_loss=0.5563
epoch=5 step=347450 train_loss=0.5722
epoch=5 step=347500 train_loss=0.5623
[eval] step=347500 train=0.5709 val=0.5854
epoch=5 step=347550 train_loss=0.5166
epoch=5 step=347600 train_loss=0.5459
epoch=5 step=347650 train_loss=0.5745
epoch=5 step=347700 train_loss=0.5881
epoch=5 step=347750 train_loss=0.5923
epoch=5 step=347800 train_loss=0.5827
epoch=5 step=347850 train_loss=0.5821
epoch=5 step=347900 train_loss=0.5684
epoch=5 step=347950 train_loss=0.5612
epoch=5 step=348000 train_loss=0.5457
[eval] step=348000 train=0.5732 val=0.5869
epoch=5 step=348050 train_loss=0.5441
epoch=5 step=348100 train_loss=0.5751
epoch=5 step=348150 train_loss=0.5910
epoch=5 step=348200 train_loss=0.5591
epoch=5 step=348250 train_loss=0.5308
epoch=5 step=348300 train_loss=0.5296
epoch=5 step=348350 train_loss=0.5976
epoch=5 step=348400 train_loss=0.5792
epoch=5 step=348450 train_loss=0.6033
epoch=5 step=348500 train_loss=0.5897
[eval] step=348500 train=0.5571 val=0.5851
epoch=5 step=348550 train_loss=0.5548
epoch=5 step=348600 train_loss=0.5906
epoch=5 step=348650 train_loss=0.5868
epoch=5 step=348700 train_loss=0.5869
epoch=5 step=348750 train_loss=0.5291
epoch=5 step=348800 train_loss=0.5865
epoch=5 step=348850 train_loss=0.5703
epoch=5 step=348900 train_loss=0.5599
epoch=5 step=348950 train_loss=0.5528
epoch=5 step=349000 train_loss=0.5978
[eval] step=349000 train=0.5723 val=0.5897
epoch=5 step=349050 train_loss=0.6129
epoch=5 step=349100 train_loss=0.5280
epoch=5 step=349150 train_loss=0.5718
epoch=5 step=349200 train_loss=0.5782
epoch=5 step=349250 train_loss=0.5813
epoch=5 step=349300 train_loss=0.5721
epoch=5 step=349350 train_loss=0.5656
epoch=5 step=349400 train_loss=0.5803
epoch=5 step=349450 train_loss=0.5702
epoch=5 step=349500 train_loss=0.6025
[eval] step=349500 train=0.5582 val=0.5867
epoch=5 step=349550 train_loss=0.5851
epoch=5 step=349600 train_loss=0.5818
epoch=5 step=349650 train_loss=0.5555
epoch=5 step=349700 train_loss=0.5471
epoch=5 step=349750 train_loss=0.5270
epoch=5 step=349800 train_loss=0.4948
epoch=5 step=349850 train_loss=0.5559
epoch=5 step=349900 train_loss=0.5513
epoch=5 step=349950 train_loss=0.5804
epoch=5 step=350000 train_loss=0.5910
[eval] step=350000 train=0.5626 val=0.5808
epoch=5 step=350050 train_loss=0.6042
epoch=5 step=350100 train_loss=0.5837
epoch=5 step=350150 train_loss=0.6034
epoch=5 step=350200 train_loss=0.5734
epoch=5 step=350250 train_loss=0.5366
epoch=5 step=350300 train_loss=0.5394
epoch=5 step=350350 train_loss=0.5999
epoch=5 step=350400 train_loss=0.5793
epoch=5 step=350450 train_loss=0.5721
epoch=5 step=350500 train_loss=0.5703
[eval] step=350500 train=0.5737 val=0.5810
epoch=5 step=350550 train_loss=0.5480
epoch=5 step=350600 train_loss=0.5982
epoch=5 step=350650 train_loss=0.5688
epoch=5 step=350700 train_loss=0.5907
epoch=5 step=350750 train_loss=0.5597
epoch=5 step=350800 train_loss=0.6164
epoch=5 step=350850 train_loss=0.5798
epoch=5 step=350900 train_loss=0.5688
epoch=5 step=350950 train_loss=0.5627
epoch=5 step=351000 train_loss=0.5442
[eval] step=351000 train=0.5651 val=0.5884
epoch=5 step=351050 train_loss=0.6071
epoch=5 step=351100 train_loss=0.6060
epoch=5 step=351150 train_loss=0.5785
epoch=5 step=351200 train_loss=0.5502
epoch=5 step=351250 train_loss=0.5766
epoch=5 step=351300 train_loss=0.6020
epoch=5 step=351350 train_loss=0.5607
epoch=5 step=351400 train_loss=0.5779
epoch=5 step=351450 train_loss=0.5780
epoch=5 step=351500 train_loss=0.5760
[eval] step=351500 train=0.5523 val=0.5857
epoch=5 step=351550 train_loss=0.5953
epoch=5 step=351600 train_loss=0.5885
epoch=5 step=351650 train_loss=0.5395
epoch=5 step=351700 train_loss=0.5477
epoch=5 step=351750 train_loss=0.5886
epoch=5 step=351800 train_loss=0.5656
epoch=5 step=351850 train_loss=0.5783
epoch=5 step=351900 train_loss=0.5578
epoch=5 step=351950 train_loss=0.5507
epoch=5 step=352000 train_loss=0.5542
[eval] step=352000 train=0.5617 val=0.5842
epoch=5 step=352050 train_loss=0.5461
epoch=5 step=352100 train_loss=0.5887
epoch=5 step=352150 train_loss=0.5537
epoch=5 step=352200 train_loss=0.5905
epoch=5 step=352250 train_loss=0.5218
epoch=5 step=352300 train_loss=0.5450
epoch=5 step=352350 train_loss=0.5793
epoch=5 step=352400 train_loss=0.6163
epoch=5 step=352450 train_loss=0.5818
epoch=5 step=352500 train_loss=0.6032
[eval] step=352500 train=0.5654 val=0.5847
epoch=5 step=352550 train_loss=0.6080
epoch=5 step=352600 train_loss=0.5778
epoch=5 step=352650 train_loss=0.5636
epoch=5 step=352700 train_loss=0.5831
epoch=5 step=352750 train_loss=0.5782
epoch=5 step=352800 train_loss=0.5777
epoch=5 step=352850 train_loss=0.6220
epoch=5 step=352900 train_loss=0.5887
epoch=5 step=352950 train_loss=0.5532
epoch=5 step=353000 train_loss=0.5774
[eval] step=353000 train=0.5655 val=0.5893
epoch=5 step=353050 train_loss=0.5982
epoch=5 step=353100 train_loss=0.5784
epoch=5 step=353150 train_loss=0.5734
epoch=5 step=353200 train_loss=0.5726
epoch=5 step=353250 train_loss=0.5527
epoch=5 step=353300 train_loss=0.5595
epoch=5 step=353350 train_loss=0.5574
epoch=5 step=353400 train_loss=0.5437
epoch=5 step=353450 train_loss=0.5698
epoch=5 step=353500 train_loss=0.5613
[eval] step=353500 train=0.5523 val=0.5831
epoch=5 step=353550 train_loss=0.5688
epoch=5 step=353600 train_loss=0.5499
epoch=5 step=353650 train_loss=0.5415
epoch=5 step=353700 train_loss=0.5591
epoch=5 step=353750 train_loss=0.5348
epoch=5 step=353800 train_loss=0.6200
epoch=5 step=353850 train_loss=0.6475
epoch=5 step=353900 train_loss=0.5372
epoch=5 step=353950 train_loss=0.5818
epoch=5 step=354000 train_loss=0.5832
[eval] step=354000 train=0.5656 val=0.5867
epoch=5 step=354050 train_loss=0.5811
epoch=5 step=354100 train_loss=0.5439
epoch=5 step=354150 train_loss=0.5981
epoch=5 step=354200 train_loss=0.5321
epoch=5 step=354250 train_loss=0.5864
epoch=5 step=354300 train_loss=0.6226
epoch=5 step=354350 train_loss=0.5567
epoch=5 step=354400 train_loss=0.5761
epoch=5 step=354450 train_loss=0.5762
epoch=5 step=354500 train_loss=0.5621
[eval] step=354500 train=0.5717 val=0.5809
epoch=5 step=354550 train_loss=0.5838
epoch=5 step=354600 train_loss=0.6103
epoch=5 step=354650 train_loss=0.5599
epoch=5 step=354700 train_loss=0.6321
epoch=5 step=354750 train_loss=0.5789
epoch=5 step=354800 train_loss=0.5621
epoch=5 step=354850 train_loss=0.5622
epoch=5 step=354900 train_loss=0.5638
epoch=5 step=354950 train_loss=0.5441
epoch=5 step=355000 train_loss=0.5400
[eval] step=355000 train=0.5543 val=0.5903
epoch=5 step=355050 train_loss=0.5907
epoch=5 step=355100 train_loss=0.5719
epoch=5 step=355150 train_loss=0.5460
epoch=5 step=355200 train_loss=0.5957
epoch=5 step=355250 train_loss=0.5480
epoch=5 step=355300 train_loss=0.5781
epoch=5 step=355350 train_loss=0.5866
epoch=5 step=355400 train_loss=0.5838
epoch=5 step=355450 train_loss=0.5613
epoch=5 step=355500 train_loss=0.5706
[eval] step=355500 train=0.5665 val=0.5821
epoch=5 step=355550 train_loss=0.5870
epoch=5 step=355600 train_loss=0.5948
epoch=5 step=355650 train_loss=0.5371
epoch=5 step=355700 train_loss=0.5901
epoch=5 step=355750 train_loss=0.5652
epoch=5 step=355800 train_loss=0.5951
epoch=5 step=355850 train_loss=0.5970
epoch=5 step=355900 train_loss=0.5714
epoch=5 step=355950 train_loss=0.5554
epoch=5 step=356000 train_loss=0.5993
[eval] step=356000 train=0.5666 val=0.5951
epoch=5 step=356050 train_loss=0.5579
epoch=5 step=356100 train_loss=0.6277
epoch=5 step=356150 train_loss=0.5718
epoch=5 step=356200 train_loss=0.5819
epoch=5 step=356250 train_loss=0.5625
epoch=5 step=356300 train_loss=0.6227
epoch=5 step=356350 train_loss=0.5907
epoch=5 step=356400 train_loss=0.5489
epoch=5 step=356450 train_loss=0.5826
epoch=5 step=356500 train_loss=0.5444
[eval] step=356500 train=0.5700 val=0.5826
epoch=5 step=356550 train_loss=0.5633
epoch=5 step=356600 train_loss=0.5951
epoch=5 step=356650 train_loss=0.5981
epoch=5 step=356700 train_loss=0.5445
epoch=5 step=356750 train_loss=0.5221
epoch=5 step=356800 train_loss=0.5454
epoch=5 step=356850 train_loss=0.5373
epoch=5 step=356900 train_loss=0.5303
epoch=5 step=356950 train_loss=0.5650
epoch=5 step=357000 train_loss=0.5732
[eval] step=357000 train=0.5681 val=0.5804
epoch=5 step=357050 train_loss=0.5545
epoch=5 step=357100 train_loss=0.6214
epoch=5 step=357150 train_loss=0.5411
epoch=5 step=357200 train_loss=0.5823
epoch=5 step=357250 train_loss=0.5671
epoch=5 step=357300 train_loss=0.5815
epoch=5 step=357350 train_loss=0.5655
epoch=5 step=357400 train_loss=0.5548
epoch=5 step=357450 train_loss=0.5756
epoch=5 step=357500 train_loss=0.5707
[eval] step=357500 train=0.5620 val=0.5807
epoch=5 step=357550 train_loss=0.5988
epoch=5 step=357600 train_loss=0.5853
epoch=5 step=357650 train_loss=0.5472
epoch=5 step=357700 train_loss=0.5668
epoch=5 step=357750 train_loss=0.5509
epoch=5 step=357800 train_loss=0.5903
epoch=5 step=357850 train_loss=0.5953
epoch=5 step=357900 train_loss=0.6073
epoch=5 step=357950 train_loss=0.5653
epoch=5 step=358000 train_loss=0.5871
[eval] step=358000 train=0.5772 val=0.5887
epoch=5 step=358050 train_loss=0.5760
epoch=5 step=358100 train_loss=0.5888
epoch=5 step=358150 train_loss=0.5881
epoch=5 step=358200 train_loss=0.6028
epoch=5 step=358250 train_loss=0.5943
epoch=5 step=358300 train_loss=0.5767
epoch=5 step=358350 train_loss=0.5819
epoch=5 step=358400 train_loss=0.5264
epoch=5 step=358450 train_loss=0.5792
epoch=5 step=358500 train_loss=0.5419
[eval] step=358500 train=0.5743 val=0.5869
epoch=5 step=358550 train_loss=0.5554
epoch=5 step=358600 train_loss=0.6610
epoch=5 step=358650 train_loss=0.5735
epoch=5 step=358700 train_loss=0.5418
epoch=5 step=358750 train_loss=0.6005
epoch=5 step=358800 train_loss=0.6042
epoch=5 step=358850 train_loss=0.5715
epoch=5 step=358900 train_loss=0.5666
epoch=5 step=358950 train_loss=0.6000
epoch=5 step=359000 train_loss=0.5555
[eval] step=359000 train=0.5629 val=0.5844
epoch=5 step=359050 train_loss=0.5495
epoch=5 step=359100 train_loss=0.6216
epoch=5 step=359150 train_loss=0.6073
epoch=5 step=359200 train_loss=0.5395
epoch=5 step=359250 train_loss=0.6376
epoch=5 step=359300 train_loss=0.6021
epoch=5 step=359350 train_loss=0.5936
epoch=5 step=359400 train_loss=0.5476
epoch=5 step=359450 train_loss=0.5928
epoch=5 step=359500 train_loss=0.6157
[eval] step=359500 train=0.5747 val=0.5881
epoch=5 step=359550 train_loss=0.5638
epoch=5 step=359600 train_loss=0.6017
epoch=5 step=359650 train_loss=0.5785
epoch=5 step=359700 train_loss=0.5291
epoch=5 step=359750 train_loss=0.5649
epoch=5 step=359800 train_loss=0.5974
epoch=5 step=359850 train_loss=0.6370
epoch=5 step=359900 train_loss=0.5203
epoch=5 step=359950 train_loss=0.5460
epoch=5 step=360000 train_loss=0.6141
[eval] step=360000 train=0.5672 val=0.5849
epoch=5 step=360050 train_loss=0.5693
epoch=5 step=360100 train_loss=0.5335
epoch=5 step=360150 train_loss=0.5850
epoch=5 step=360200 train_loss=0.5674
epoch=5 step=360250 train_loss=0.6068
epoch=5 step=360300 train_loss=0.6000
epoch=5 step=360350 train_loss=0.5475
epoch=5 step=360400 train_loss=0.5448
epoch=5 step=360450 train_loss=0.5507
epoch=5 step=360500 train_loss=0.5673
[eval] step=360500 train=0.5675 val=0.5853
epoch=5 step=360550 train_loss=0.5826
epoch=5 step=360600 train_loss=0.5708
epoch=5 step=360650 train_loss=0.5567
epoch=5 step=360700 train_loss=0.5753
epoch=5 step=360750 train_loss=0.5613
epoch=5 step=360800 train_loss=0.5835
epoch=5 step=360850 train_loss=0.5680
epoch=5 step=360900 train_loss=0.5661
epoch=5 step=360950 train_loss=0.5476
epoch=5 step=361000 train_loss=0.5818
[eval] step=361000 train=0.5598 val=0.5894
epoch=5 step=361050 train_loss=0.5877
epoch=5 step=361100 train_loss=0.5746
epoch=5 step=361150 train_loss=0.5768
epoch=5 step=361200 train_loss=0.6068
epoch=5 step=361250 train_loss=0.5630
epoch=5 step=361300 train_loss=0.5753
epoch=5 step=361350 train_loss=0.5541
epoch=5 step=361400 train_loss=0.5191
epoch=5 step=361450 train_loss=0.5777
epoch=5 step=361500 train_loss=0.5772
[eval] step=361500 train=0.5592 val=0.5883
epoch=5 step=361550 train_loss=0.6340
epoch=5 step=361600 train_loss=0.5414
epoch=5 step=361650 train_loss=0.5341
epoch=5 step=361700 train_loss=0.4972
epoch=5 step=361750 train_loss=0.5944
epoch=5 step=361800 train_loss=0.5699
epoch=5 step=361850 train_loss=0.5465
epoch=5 step=361900 train_loss=0.5702
epoch=5 step=361950 train_loss=0.5735
epoch=5 step=362000 train_loss=0.5700
[eval] step=362000 train=0.5715 val=0.5852
epoch=5 step=362050 train_loss=0.5943
epoch=5 step=362100 train_loss=0.6077
epoch=5 step=362150 train_loss=0.5918
epoch=5 step=362200 train_loss=0.5955
epoch=5 step=362250 train_loss=0.5422
epoch=5 step=362300 train_loss=0.6222
epoch=5 step=362350 train_loss=0.5718
epoch=5 step=362400 train_loss=0.5840
epoch=5 step=362450 train_loss=0.5995
epoch=5 step=362500 train_loss=0.5970
[eval] step=362500 train=0.5686 val=0.5836
epoch=5 step=362550 train_loss=0.5469
epoch=5 step=362600 train_loss=0.5551
epoch=5 step=362650 train_loss=0.5392
epoch=5 step=362700 train_loss=0.5961
epoch=5 step=362750 train_loss=0.5615
epoch=5 step=362800 train_loss=0.5475
epoch=5 step=362850 train_loss=0.5297
epoch=5 step=362900 train_loss=0.5667
epoch=5 step=362950 train_loss=0.6206
epoch=5 step=363000 train_loss=0.6387
[eval] step=363000 train=0.5745 val=0.5863
epoch=5 step=363050 train_loss=0.5498
epoch=5 step=363100 train_loss=0.6103
epoch=5 step=363150 train_loss=0.5138
epoch=5 step=363200 train_loss=0.5345
epoch=5 step=363250 train_loss=0.5842
epoch=5 step=363300 train_loss=0.5566
epoch=5 step=363350 train_loss=0.5745
epoch=5 step=363400 train_loss=0.5740
epoch=5 step=363450 train_loss=0.5865
epoch=5 step=363500 train_loss=0.5785
[eval] step=363500 train=0.5724 val=0.5907
epoch=5 step=363550 train_loss=0.6128
epoch=5 step=363600 train_loss=0.5964
epoch=5 step=363650 train_loss=0.5504
epoch=5 step=363700 train_loss=0.5291
epoch=5 step=363750 train_loss=0.5925
epoch=5 step=363800 train_loss=0.5913
epoch=5 step=363850 train_loss=0.5762
epoch=5 step=363900 train_loss=0.5470
epoch=5 step=363950 train_loss=0.5986
epoch=5 step=364000 train_loss=0.5614
[eval] step=364000 train=0.5651 val=0.5838
epoch=5 step=364050 train_loss=0.5524
epoch=5 step=364100 train_loss=0.5703
epoch=5 step=364150 train_loss=0.6290
epoch=5 step=364200 train_loss=0.6120
epoch=5 step=364250 train_loss=0.5552
epoch=5 step=364300 train_loss=0.5778
epoch=5 step=364350 train_loss=0.5884
epoch=5 step=364400 train_loss=0.5534
epoch=5 step=364450 train_loss=0.5390
epoch=5 step=364500 train_loss=0.5351
[eval] step=364500 train=0.5714 val=0.5847
epoch=5 step=364550 train_loss=0.5441
epoch=5 step=364600 train_loss=0.6066
epoch=5 step=364650 train_loss=0.5935
epoch=5 step=364700 train_loss=0.5752
epoch=5 step=364750 train_loss=0.5598
epoch=5 step=364800 train_loss=0.5489
epoch=5 step=364850 train_loss=0.6133
epoch=5 step=364900 train_loss=0.5753
epoch=5 step=364950 train_loss=0.5785
epoch=5 step=365000 train_loss=0.5826
[eval] step=365000 train=0.5624 val=0.5830
epoch=5 step=365050 train_loss=0.5934
epoch=5 step=365100 train_loss=0.6088
epoch=5 step=365150 train_loss=0.5958
epoch=5 step=365200 train_loss=0.5791
epoch=5 step=365250 train_loss=0.5719
epoch=5 step=365300 train_loss=0.5479
epoch=5 step=365350 train_loss=0.5239
epoch=5 step=365400 train_loss=0.5476
epoch=5 step=365450 train_loss=0.4838
epoch=5 step=365500 train_loss=0.5634
[eval] step=365500 train=0.5642 val=0.5827
epoch=5 step=365550 train_loss=0.5872
epoch=5 step=365600 train_loss=0.5551
epoch=5 step=365650 train_loss=0.5467
epoch=5 step=365700 train_loss=0.5560
epoch=5 step=365750 train_loss=0.5634
epoch=5 step=365800 train_loss=0.5567
epoch=5 step=365850 train_loss=0.4928
epoch=5 step=365900 train_loss=0.5877
epoch=5 step=365950 train_loss=0.5995
epoch=5 step=366000 train_loss=0.5772
[eval] step=366000 train=0.5740 val=0.5846
epoch=5 step=366050 train_loss=0.5876
epoch=5 step=366100 train_loss=0.5720
epoch=5 step=366150 train_loss=0.5804
epoch=5 step=366200 train_loss=0.5742
epoch=5 step=366250 train_loss=0.5146
epoch=5 step=366300 train_loss=0.5476
epoch=5 step=366350 train_loss=0.6047
epoch=5 step=366400 train_loss=0.5864
epoch=5 step=366450 train_loss=0.5751
epoch=5 step=366500 train_loss=0.6196
[eval] step=366500 train=0.5706 val=0.5891
epoch=5 step=366550 train_loss=0.5293
epoch=5 step=366600 train_loss=0.5893
epoch=5 step=366650 train_loss=0.5236
epoch=5 step=366700 train_loss=0.5378
epoch=5 step=366750 train_loss=0.5498
epoch=5 step=366800 train_loss=0.5449
epoch=5 step=366850 train_loss=0.6065
epoch=5 step=366900 train_loss=0.5608
epoch=5 step=366950 train_loss=0.5684
epoch=5 step=367000 train_loss=0.5577
[eval] step=367000 train=0.5681 val=0.5835
epoch=5 step=367050 train_loss=0.5904
epoch=5 step=367100 train_loss=0.6022
epoch=5 step=367150 train_loss=0.5960
epoch=5 step=367200 train_loss=0.5888
epoch=5 step=367250 train_loss=0.5724
epoch=5 step=367300 train_loss=0.5648
epoch=5 step=367350 train_loss=0.5958
epoch=5 step=367400 train_loss=0.5918
epoch=5 step=367450 train_loss=0.5217
epoch=5 step=367500 train_loss=0.5702
[eval] step=367500 train=0.5678 val=0.5848
epoch=5 step=367550 train_loss=0.6151
epoch=5 step=367600 train_loss=0.6113
epoch=5 step=367650 train_loss=0.5215
epoch=5 step=367700 train_loss=0.5248
epoch=5 step=367750 train_loss=0.5462
epoch=5 step=367800 train_loss=0.5880
epoch=5 step=367850 train_loss=0.6174
epoch=5 step=367900 train_loss=0.5974
epoch=5 step=367950 train_loss=0.5390
epoch=5 step=368000 train_loss=0.5619
[eval] step=368000 train=0.5672 val=0.5818
epoch=5 step=368050 train_loss=0.6393
epoch=5 step=368100 train_loss=0.5467
epoch=5 step=368150 train_loss=0.6070
epoch=5 step=368200 train_loss=0.5836
epoch=5 step=368250 train_loss=0.5275
epoch=5 step=368300 train_loss=0.5696
epoch=5 step=368350 train_loss=0.4872
epoch=5 step=368400 train_loss=0.5625
epoch=5 step=368450 train_loss=0.5888
epoch=5 step=368500 train_loss=0.6106
[eval] step=368500 train=0.5628 val=0.5868
epoch=5 step=368550 train_loss=0.5681
epoch=5 step=368600 train_loss=0.5999
epoch=5 step=368650 train_loss=0.5586
epoch=5 step=368700 train_loss=0.5691
epoch=5 step=368750 train_loss=0.5701
epoch=5 step=368800 train_loss=0.6134
epoch=5 step=368850 train_loss=0.5334
epoch=5 step=368900 train_loss=0.5923
epoch=5 step=368950 train_loss=0.6223
epoch=5 step=369000 train_loss=0.5668
[eval] step=369000 train=0.5749 val=0.5855
epoch=5 step=369050 train_loss=0.5887
epoch=5 step=369100 train_loss=0.6056
epoch=5 step=369150 train_loss=0.5765
epoch=5 step=369200 train_loss=0.5995
epoch=5 step=369250 train_loss=0.5743
epoch=5 step=369300 train_loss=0.5856
epoch=5 step=369350 train_loss=0.6140
epoch=5 step=369400 train_loss=0.5860
epoch=5 step=369450 train_loss=0.5786
epoch=5 step=369500 train_loss=0.5914
[eval] step=369500 train=0.5661 val=0.5858
epoch=5 step=369550 train_loss=0.6373
epoch=5 step=369600 train_loss=0.6011
epoch=5 step=369650 train_loss=0.5681
epoch=5 step=369700 train_loss=0.5426
epoch=5 step=369750 train_loss=0.5867
epoch=5 step=369800 train_loss=0.6041
epoch=5 step=369850 train_loss=0.5758
epoch=5 step=369900 train_loss=0.5640
epoch=5 step=369950 train_loss=0.5313
epoch=5 step=370000 train_loss=0.6211
[eval] step=370000 train=0.5621 val=0.5877
epoch=5 step=370050 train_loss=0.6049
epoch=5 step=370100 train_loss=0.5758
epoch=5 step=370150 train_loss=0.5691
epoch=5 step=370200 train_loss=0.5356
epoch=5 step=370250 train_loss=0.5277
epoch=5 step=370300 train_loss=0.6109
epoch=5 step=370350 train_loss=0.5563
epoch=5 step=370400 train_loss=0.5531
epoch=5 step=370450 train_loss=0.6063
epoch=5 step=370500 train_loss=0.6024
[eval] step=370500 train=0.5602 val=0.5927
epoch=5 step=370550 train_loss=0.5668
epoch=5 step=370600 train_loss=0.5878
epoch=5 step=370650 train_loss=0.6384
epoch=5 step=370700 train_loss=0.5673
epoch=5 step=370750 train_loss=0.5744
epoch=5 step=370800 train_loss=0.5890
epoch=5 step=370850 train_loss=0.5820
epoch=5 step=370900 train_loss=0.5648
epoch=5 step=370950 train_loss=0.5861
epoch=5 step=371000 train_loss=0.5727
[eval] step=371000 train=0.5647 val=0.5899
epoch=5 step=371050 train_loss=0.6000
epoch=5 step=371100 train_loss=0.5893
epoch=5 step=371150 train_loss=0.5369
epoch=5 step=371200 train_loss=0.6019
epoch=5 step=371250 train_loss=0.5922
epoch=5 step=371300 train_loss=0.5432
epoch=5 step=371350 train_loss=0.5853
epoch=5 step=371400 train_loss=0.5874
epoch=5 step=371450 train_loss=0.5848
epoch=5 step=371500 train_loss=0.5840
[eval] step=371500 train=0.5647 val=0.5810
epoch=5 step=371550 train_loss=0.6136
epoch=5 step=371600 train_loss=0.5873
epoch=5 step=371650 train_loss=0.5368
epoch=5 step=371700 train_loss=0.5783
epoch=5 step=371750 train_loss=0.5471
epoch=5 step=371800 train_loss=0.5820
epoch=5 step=371850 train_loss=0.5693
epoch=5 step=371900 train_loss=0.6000
epoch=5 step=371950 train_loss=0.6250
epoch=5 step=372000 train_loss=0.5959
[eval] step=372000 train=0.5662 val=0.5795
saved best checkpoint to out-battery/best_ckpt.pt
epoch=5 step=372050 train_loss=0.5633
epoch=5 step=372100 train_loss=0.5745
epoch=5 step=372150 train_loss=0.5463
epoch=5 step=372200 train_loss=0.5811
epoch=5 step=372250 train_loss=0.5741
epoch=5 step=372300 train_loss=0.5970
epoch=5 step=372350 train_loss=0.5606
epoch=5 step=372400 train_loss=0.5796
epoch=5 step=372450 train_loss=0.5635
epoch=5 step=372500 train_loss=0.5346
[eval] step=372500 train=0.5816 val=0.5837
epoch=5 step=372550 train_loss=0.6305
epoch=5 step=372600 train_loss=0.5663
epoch=5 step=372650 train_loss=0.5714
epoch=5 step=372700 train_loss=0.5824
epoch=5 step=372750 train_loss=0.5644
epoch=5 step=372800 train_loss=0.6166
epoch=5 step=372850 train_loss=0.5668
epoch=5 step=372900 train_loss=0.6083
epoch=5 step=372950 train_loss=0.6066
epoch=5 step=373000 train_loss=0.5474
[eval] step=373000 train=0.5640 val=0.5842
epoch=5 step=373050 train_loss=0.5800
epoch=5 step=373100 train_loss=0.5782
epoch=5 step=373150 train_loss=0.6217
epoch=5 step=373200 train_loss=0.6362
epoch=5 step=373250 train_loss=0.6132
epoch=5 step=373300 train_loss=0.6008
epoch=5 step=373350 train_loss=0.5224
epoch=5 step=373400 train_loss=0.5575
epoch=5 step=373450 train_loss=0.5893
epoch=5 step=373500 train_loss=0.5976
[eval] step=373500 train=0.5709 val=0.5807
epoch=5 step=373550 train_loss=0.5964
epoch=5 step=373600 train_loss=0.5715
epoch=5 step=373650 train_loss=0.5926
epoch=5 step=373700 train_loss=0.5717
epoch=5 step=373750 train_loss=0.5665
epoch=5 step=373800 train_loss=0.5619
epoch=5 step=373850 train_loss=0.5662
epoch=5 step=373900 train_loss=0.5699
epoch=5 step=373950 train_loss=0.5752
epoch=5 step=374000 train_loss=0.5852
[eval] step=374000 train=0.5700 val=0.5841
epoch=5 step=374050 train_loss=0.5722
epoch=5 step=374100 train_loss=0.5889
epoch=5 step=374150 train_loss=0.5570
epoch=5 step=374200 train_loss=0.5477
epoch=5 step=374250 train_loss=0.5893
epoch=5 step=374300 train_loss=0.5510
epoch=5 step=374350 train_loss=0.5885
epoch=5 step=374400 train_loss=0.5668
epoch=5 step=374450 train_loss=0.5925
epoch=5 step=374500 train_loss=0.5708
[eval] step=374500 train=0.5657 val=0.5848
epoch=5 step=374550 train_loss=0.5730
epoch=5 step=374600 train_loss=0.5167
epoch=5 step=374650 train_loss=0.6067
epoch=5 step=374700 train_loss=0.5832
epoch=5 step=374750 train_loss=0.5733
epoch=5 step=374800 train_loss=0.5718
epoch=5 step=374850 train_loss=0.5865
epoch=5 step=374900 train_loss=0.5648
epoch=5 step=374950 train_loss=0.5915
epoch=5 step=375000 train_loss=0.5525
[eval] step=375000 train=0.5638 val=0.5852
epoch=5 step=375050 train_loss=0.5676
epoch=5 step=375100 train_loss=0.5593
epoch=5 step=375150 train_loss=0.5367
epoch=5 step=375200 train_loss=0.5637
epoch=5 step=375250 train_loss=0.5497
epoch=5 step=375300 train_loss=0.5714
epoch=5 step=375350 train_loss=0.6002
epoch=5 step=375400 train_loss=0.5438
epoch=5 step=375450 train_loss=0.5825
epoch=5 step=375500 train_loss=0.5832
[eval] step=375500 train=0.5685 val=0.5845
epoch=5 step=375550 train_loss=0.5752
epoch=5 step=375600 train_loss=0.5763
epoch=5 step=375650 train_loss=0.5935
epoch=5 step=375700 train_loss=0.6118
epoch=5 step=375750 train_loss=0.5866
epoch=5 step=375800 train_loss=0.5709
epoch=5 step=375850 train_loss=0.5875
epoch=5 step=375900 train_loss=0.5389
epoch=5 step=375950 train_loss=0.5565
epoch=5 step=376000 train_loss=0.5861
[eval] step=376000 train=0.5684 val=0.5868
epoch=5 step=376050 train_loss=0.6184
epoch=5 step=376100 train_loss=0.5957
epoch=5 step=376150 train_loss=0.5447
epoch=5 step=376200 train_loss=0.6465
epoch=5 step=376250 train_loss=0.5800
epoch=5 step=376300 train_loss=0.5450
epoch=5 step=376350 train_loss=0.5568
epoch=5 step=376400 train_loss=0.5969
epoch=5 step=376450 train_loss=0.5990
epoch=5 step=376500 train_loss=0.5730
[eval] step=376500 train=0.5606 val=0.5891
epoch=5 step=376550 train_loss=0.6240
epoch=5 step=376600 train_loss=0.6062
epoch=5 step=376650 train_loss=0.5778
epoch=5 step=376700 train_loss=0.5764
epoch=5 step=376750 train_loss=0.5605
epoch=5 step=376800 train_loss=0.5454
epoch=5 step=376850 train_loss=0.5517
epoch=5 step=376900 train_loss=0.5434
epoch=5 step=376950 train_loss=0.5979
epoch=5 step=377000 train_loss=0.5920
[eval] step=377000 train=0.5553 val=0.5866
epoch=5 step=377050 train_loss=0.5948
epoch=5 step=377100 train_loss=0.5958
epoch=5 step=377150 train_loss=0.5678
epoch=5 step=377200 train_loss=0.5619
epoch=5 step=377250 train_loss=0.5965
epoch=5 step=377300 train_loss=0.6549
epoch=5 step=377350 train_loss=0.5687
epoch=5 step=377400 train_loss=0.5966
epoch=5 step=377450 train_loss=0.5751
epoch=5 step=377500 train_loss=0.4749
[eval] step=377500 train=0.5592 val=0.5849
epoch=5 step=377550 train_loss=0.5662
epoch=5 step=377600 train_loss=0.5580
epoch=5 step=377650 train_loss=0.5676
epoch=5 step=377700 train_loss=0.5871
epoch=5 step=377750 train_loss=0.5577
epoch=5 step=377800 train_loss=0.5604
epoch=5 step=377850 train_loss=0.5877
epoch=5 step=377900 train_loss=0.5225
epoch=5 step=377950 train_loss=0.5248
epoch=5 step=378000 train_loss=0.5743
[eval] step=378000 train=0.5634 val=0.5851
epoch=5 step=378050 train_loss=0.5866
epoch=5 step=378100 train_loss=0.5908
epoch=5 step=378150 train_loss=0.5704
epoch=5 step=378200 train_loss=0.5586
epoch=5 step=378250 train_loss=0.6734
epoch=5 step=378300 train_loss=0.5846
epoch=5 step=378350 train_loss=0.5644
epoch=5 step=378400 train_loss=0.5432
epoch=5 step=378450 train_loss=0.6154
epoch=5 step=378500 train_loss=0.6229
[eval] step=378500 train=0.5747 val=0.5857
epoch=5 step=378550 train_loss=0.5354
epoch=5 step=378600 train_loss=0.5945
epoch=5 step=378650 train_loss=0.5822
epoch=5 step=378700 train_loss=0.5824
epoch=5 step=378750 train_loss=0.5704
epoch=5 step=378800 train_loss=0.5460
epoch=5 step=378850 train_loss=0.5663
epoch=5 step=378900 train_loss=0.5360
epoch=5 step=378950 train_loss=0.5586
epoch=5 step=379000 train_loss=0.6190
[eval] step=379000 train=0.5549 val=0.5880
epoch=5 step=379050 train_loss=0.5616
epoch=5 step=379100 train_loss=0.5721
epoch=5 step=379150 train_loss=0.6056
epoch=5 step=379200 train_loss=0.6026
epoch=5 step=379250 train_loss=0.5920
epoch=5 step=379300 train_loss=0.5335
epoch=5 step=379350 train_loss=0.5442
epoch=5 step=379400 train_loss=0.6314
epoch=5 step=379450 train_loss=0.5570
epoch=5 step=379500 train_loss=0.5695
[eval] step=379500 train=0.5661 val=0.5812
epoch=5 step=379550 train_loss=0.5317
epoch=5 step=379600 train_loss=0.6203
epoch=5 step=379650 train_loss=0.5936
epoch=5 step=379700 train_loss=0.5987
epoch=5 step=379750 train_loss=0.6082
epoch=5 step=379800 train_loss=0.6036
epoch=5 step=379850 train_loss=0.6231
epoch=5 step=379900 train_loss=0.5791
epoch=5 step=379950 train_loss=0.5717
epoch=5 step=380000 train_loss=0.5346
[eval] step=380000 train=0.5705 val=0.5837
epoch=5 step=380050 train_loss=0.6006
epoch=5 step=380100 train_loss=0.5544
epoch=5 step=380150 train_loss=0.6001
epoch=5 step=380200 train_loss=0.5970
epoch=5 step=380250 train_loss=0.5823
epoch=5 step=380300 train_loss=0.5621
epoch=5 step=380350 train_loss=0.5846
epoch=5 step=380400 train_loss=0.5673
epoch=5 step=380450 train_loss=0.5878
epoch=5 step=380500 train_loss=0.5493
[eval] step=380500 train=0.5782 val=0.5854
epoch=5 step=380550 train_loss=0.5996
epoch=5 step=380600 train_loss=0.5711
epoch=5 step=380650 train_loss=0.5462
epoch=5 step=380700 train_loss=0.5802
epoch=5 step=380750 train_loss=0.5591
epoch=5 step=380800 train_loss=0.6198
epoch=6 step=380850 train_loss=0.5408
epoch=6 step=380900 train_loss=0.5509
epoch=6 step=380950 train_loss=0.5926
epoch=6 step=381000 train_loss=0.5859
[eval] step=381000 train=0.5709 val=0.5816
epoch=6 step=381050 train_loss=0.6075
epoch=6 step=381100 train_loss=0.5796
epoch=6 step=381150 train_loss=0.5765
epoch=6 step=381200 train_loss=0.5929
epoch=6 step=381250 train_loss=0.5315
epoch=6 step=381300 train_loss=0.5909
epoch=6 step=381350 train_loss=0.5989
epoch=6 step=381400 train_loss=0.5680
epoch=6 step=381450 train_loss=0.5647
epoch=6 step=381500 train_loss=0.5423
[eval] step=381500 train=0.5554 val=0.5841
epoch=6 step=381550 train_loss=0.5481
epoch=6 step=381600 train_loss=0.5953
epoch=6 step=381650 train_loss=0.5471
epoch=6 step=381700 train_loss=0.5837
epoch=6 step=381750 train_loss=0.5925
epoch=6 step=381800 train_loss=0.5877
epoch=6 step=381850 train_loss=0.5568
epoch=6 step=381900 train_loss=0.6007
epoch=6 step=381950 train_loss=0.5463
epoch=6 step=382000 train_loss=0.5620
[eval] step=382000 train=0.5665 val=0.5804
epoch=6 step=382050 train_loss=0.6004
epoch=6 step=382100 train_loss=0.5073
epoch=6 step=382150 train_loss=0.5270
epoch=6 step=382200 train_loss=0.6131
epoch=6 step=382250 train_loss=0.5766
epoch=6 step=382300 train_loss=0.5867
epoch=6 step=382350 train_loss=0.6143
epoch=6 step=382400 train_loss=0.5265
epoch=6 step=382450 train_loss=0.5581
epoch=6 step=382500 train_loss=0.5574
[eval] step=382500 train=0.5578 val=0.5889
epoch=6 step=382550 train_loss=0.5855
epoch=6 step=382600 train_loss=0.5824
epoch=6 step=382650 train_loss=0.5139
epoch=6 step=382700 train_loss=0.5519
epoch=6 step=382750 train_loss=0.5698
epoch=6 step=382800 train_loss=0.5848
epoch=6 step=382850 train_loss=0.5696
epoch=6 step=382900 train_loss=0.5853
epoch=6 step=382950 train_loss=0.5636
epoch=6 step=383000 train_loss=0.5616
[eval] step=383000 train=0.5767 val=0.5887
epoch=6 step=383050 train_loss=0.5692
epoch=6 step=383100 train_loss=0.5722
epoch=6 step=383150 train_loss=0.5994
epoch=6 step=383200 train_loss=0.5931
epoch=6 step=383250 train_loss=0.5558
epoch=6 step=383300 train_loss=0.5478
epoch=6 step=383350 train_loss=0.6049
epoch=6 step=383400 train_loss=0.5670
epoch=6 step=383450 train_loss=0.5318
epoch=6 step=383500 train_loss=0.5628
[eval] step=383500 train=0.5791 val=0.5859
epoch=6 step=383550 train_loss=0.5575
epoch=6 step=383600 train_loss=0.5640
epoch=6 step=383650 train_loss=0.5356
epoch=6 step=383700 train_loss=0.5923
epoch=6 step=383750 train_loss=0.5865
epoch=6 step=383800 train_loss=0.5523
epoch=6 step=383850 train_loss=0.5147
epoch=6 step=383900 train_loss=0.6100
epoch=6 step=383950 train_loss=0.6171
epoch=6 step=384000 train_loss=0.5579
[eval] step=384000 train=0.5667 val=0.5882
epoch=6 step=384050 train_loss=0.5647
epoch=6 step=384100 train_loss=0.5747
epoch=6 step=384150 train_loss=0.5565
epoch=6 step=384200 train_loss=0.6037
epoch=6 step=384250 train_loss=0.5723
epoch=6 step=384300 train_loss=0.5828
epoch=6 step=384350 train_loss=0.5657
epoch=6 step=384400 train_loss=0.5892
epoch=6 step=384450 train_loss=0.5896
epoch=6 step=384500 train_loss=0.5773
[eval] step=384500 train=0.5576 val=0.5829
epoch=6 step=384550 train_loss=0.5869
epoch=6 step=384600 train_loss=0.5716
epoch=6 step=384650 train_loss=0.5312
epoch=6 step=384700 train_loss=0.5874
epoch=6 step=384750 train_loss=0.6057
epoch=6 step=384800 train_loss=0.5599
epoch=6 step=384850 train_loss=0.5410
epoch=6 step=384900 train_loss=0.5984
epoch=6 step=384950 train_loss=0.5446
epoch=6 step=385000 train_loss=0.6093
[eval] step=385000 train=0.5757 val=0.5818
epoch=6 step=385050 train_loss=0.5846
epoch=6 step=385100 train_loss=0.5377
epoch=6 step=385150 train_loss=0.5378
epoch=6 step=385200 train_loss=0.5610
epoch=6 step=385250 train_loss=0.5886
epoch=6 step=385300 train_loss=0.5228
epoch=6 step=385350 train_loss=0.5505
epoch=6 step=385400 train_loss=0.5541
epoch=6 step=385450 train_loss=0.5891
epoch=6 step=385500 train_loss=0.6341
[eval] step=385500 train=0.5628 val=0.5864
epoch=6 step=385550 train_loss=0.5509
epoch=6 step=385600 train_loss=0.5592
epoch=6 step=385650 train_loss=0.5632
epoch=6 step=385700 train_loss=0.6084
epoch=6 step=385750 train_loss=0.5209
epoch=6 step=385800 train_loss=0.6060
epoch=6 step=385850 train_loss=0.5331
epoch=6 step=385900 train_loss=0.5765
epoch=6 step=385950 train_loss=0.6319
epoch=6 step=386000 train_loss=0.5768
[eval] step=386000 train=0.5544 val=0.5892
epoch=6 step=386050 train_loss=0.5964
epoch=6 step=386100 train_loss=0.5808
epoch=6 step=386150 train_loss=0.5533
epoch=6 step=386200 train_loss=0.5502
epoch=6 step=386250 train_loss=0.6021
epoch=6 step=386300 train_loss=0.6004
epoch=6 step=386350 train_loss=0.5611
epoch=6 step=386400 train_loss=0.5592
epoch=6 step=386450 train_loss=0.5774
epoch=6 step=386500 train_loss=0.5633
[eval] step=386500 train=0.5631 val=0.5862
epoch=6 step=386550 train_loss=0.5336
epoch=6 step=386600 train_loss=0.5316
epoch=6 step=386650 train_loss=0.5801
epoch=6 step=386700 train_loss=0.5708
epoch=6 step=386750 train_loss=0.5477
epoch=6 step=386800 train_loss=0.5772
epoch=6 step=386850 train_loss=0.5838
epoch=6 step=386900 train_loss=0.5038
epoch=6 step=386950 train_loss=0.5697
epoch=6 step=387000 train_loss=0.5880
[eval] step=387000 train=0.5657 val=0.5838
epoch=6 step=387050 train_loss=0.5742
epoch=6 step=387100 train_loss=0.6357
epoch=6 step=387150 train_loss=0.5687
epoch=6 step=387200 train_loss=0.5769
epoch=6 step=387250 train_loss=0.5678
epoch=6 step=387300 train_loss=0.5948
epoch=6 step=387350 train_loss=0.5640
epoch=6 step=387400 train_loss=0.6028
epoch=6 step=387450 train_loss=0.6274
epoch=6 step=387500 train_loss=0.5403
[eval] step=387500 train=0.5704 val=0.5833
epoch=6 step=387550 train_loss=0.6090
epoch=6 step=387600 train_loss=0.6374
epoch=6 step=387650 train_loss=0.5979
epoch=6 step=387700 train_loss=0.5758
epoch=6 step=387750 train_loss=0.5387
epoch=6 step=387800 train_loss=0.5423
epoch=6 step=387850 train_loss=0.6192
epoch=6 step=387900 train_loss=0.5855
epoch=6 step=387950 train_loss=0.5705
epoch=6 step=388000 train_loss=0.5199
[eval] step=388000 train=0.5683 val=0.5862
epoch=6 step=388050 train_loss=0.5879
epoch=6 step=388100 train_loss=0.5612
epoch=6 step=388150 train_loss=0.6032
epoch=6 step=388200 train_loss=0.5969
epoch=6 step=388250 train_loss=0.5692
epoch=6 step=388300 train_loss=0.5765
epoch=6 step=388350 train_loss=0.5565
epoch=6 step=388400 train_loss=0.5619
epoch=6 step=388450 train_loss=0.5532
epoch=6 step=388500 train_loss=0.5686
[eval] step=388500 train=0.5705 val=0.5853
epoch=6 step=388550 train_loss=0.5699
epoch=6 step=388600 train_loss=0.5754
epoch=6 step=388650 train_loss=0.5447
epoch=6 step=388700 train_loss=0.5518
epoch=6 step=388750 train_loss=0.5858
epoch=6 step=388800 train_loss=0.5557
epoch=6 step=388850 train_loss=0.5816
epoch=6 step=388900 train_loss=0.5973
epoch=6 step=388950 train_loss=0.5751
epoch=6 step=389000 train_loss=0.6109
[eval] step=389000 train=0.5534 val=0.5870
epoch=6 step=389050 train_loss=0.5696
epoch=6 step=389100 train_loss=0.5486
epoch=6 step=389150 train_loss=0.5813
epoch=6 step=389200 train_loss=0.5803
epoch=6 step=389250 train_loss=0.5827
epoch=6 step=389300 train_loss=0.5454
epoch=6 step=389350 train_loss=0.6188
epoch=6 step=389400 train_loss=0.5593
epoch=6 step=389450 train_loss=0.5761
epoch=6 step=389500 train_loss=0.5623
[eval] step=389500 train=0.5754 val=0.5879
epoch=6 step=389550 train_loss=0.5543
epoch=6 step=389600 train_loss=0.5551
epoch=6 step=389650 train_loss=0.5240
epoch=6 step=389700 train_loss=0.6086
epoch=6 step=389750 train_loss=0.5585
epoch=6 step=389800 train_loss=0.5907
epoch=6 step=389850 train_loss=0.5601
epoch=6 step=389900 train_loss=0.5715
epoch=6 step=389950 train_loss=0.6060
epoch=6 step=390000 train_loss=0.5846
[eval] step=390000 train=0.5645 val=0.5850
epoch=6 step=390050 train_loss=0.5833
epoch=6 step=390100 train_loss=0.6000
epoch=6 step=390150 train_loss=0.5882
epoch=6 step=390200 train_loss=0.5998
epoch=6 step=390250 train_loss=0.5854
epoch=6 step=390300 train_loss=0.5533
epoch=6 step=390350 train_loss=0.5566
epoch=6 step=390400 train_loss=0.5690
epoch=6 step=390450 train_loss=0.5665
epoch=6 step=390500 train_loss=0.5817
[eval] step=390500 train=0.5615 val=0.5858
epoch=6 step=390550 train_loss=0.6118
epoch=6 step=390600 train_loss=0.5820
epoch=6 step=390650 train_loss=0.5341
epoch=6 step=390700 train_loss=0.5989
epoch=6 step=390750 train_loss=0.5555
epoch=6 step=390800 train_loss=0.5631
epoch=6 step=390850 train_loss=0.5263
epoch=6 step=390900 train_loss=0.5524
epoch=6 step=390950 train_loss=0.6013
epoch=6 step=391000 train_loss=0.6050
[eval] step=391000 train=0.5640 val=0.5827
epoch=6 step=391050 train_loss=0.5671
epoch=6 step=391100 train_loss=0.5591
epoch=6 step=391150 train_loss=0.5943
epoch=6 step=391200 train_loss=0.5890
epoch=6 step=391250 train_loss=0.5652
epoch=6 step=391300 train_loss=0.5919
epoch=6 step=391350 train_loss=0.5253
epoch=6 step=391400 train_loss=0.5922
epoch=6 step=391450 train_loss=0.5226
epoch=6 step=391500 train_loss=0.5465
[eval] step=391500 train=0.5637 val=0.5824
epoch=6 step=391550 train_loss=0.6117
epoch=6 step=391600 train_loss=0.5981
epoch=6 step=391650 train_loss=0.5547
epoch=6 step=391700 train_loss=0.5342
epoch=6 step=391750 train_loss=0.5762
epoch=6 step=391800 train_loss=0.5743
epoch=6 step=391850 train_loss=0.5807
epoch=6 step=391900 train_loss=0.6064
epoch=6 step=391950 train_loss=0.5942
epoch=6 step=392000 train_loss=0.5716
[eval] step=392000 train=0.5687 val=0.5870
epoch=6 step=392050 train_loss=0.6046
epoch=6 step=392100 train_loss=0.5453
epoch=6 step=392150 train_loss=0.6141
epoch=6 step=392200 train_loss=0.6079
epoch=6 step=392250 train_loss=0.5524
epoch=6 step=392300 train_loss=0.5929
epoch=6 step=392350 train_loss=0.6104
epoch=6 step=392400 train_loss=0.5567
epoch=6 step=392450 train_loss=0.5859
epoch=6 step=392500 train_loss=0.5803
[eval] step=392500 train=0.5674 val=0.5876
epoch=6 step=392550 train_loss=0.5940
epoch=6 step=392600 train_loss=0.6290
epoch=6 step=392650 train_loss=0.5374
epoch=6 step=392700 train_loss=0.6086
epoch=6 step=392750 train_loss=0.5591
epoch=6 step=392800 train_loss=0.5657
epoch=6 step=392850 train_loss=0.5631
epoch=6 step=392900 train_loss=0.5261
epoch=6 step=392950 train_loss=0.5597
epoch=6 step=393000 train_loss=0.5778
[eval] step=393000 train=0.5658 val=0.5802
epoch=6 step=393050 train_loss=0.5964
epoch=6 step=393100 train_loss=0.5964
epoch=6 step=393150 train_loss=0.5621
epoch=6 step=393200 train_loss=0.5637
epoch=6 step=393250 train_loss=0.5846
epoch=6 step=393300 train_loss=0.5594
epoch=6 step=393350 train_loss=0.5833
epoch=6 step=393400 train_loss=0.5685
epoch=6 step=393450 train_loss=0.6105
epoch=6 step=393500 train_loss=0.5443
[eval] step=393500 train=0.5729 val=0.5842
epoch=6 step=393550 train_loss=0.5445
epoch=6 step=393600 train_loss=0.5272
epoch=6 step=393650 train_loss=0.5908
epoch=6 step=393700 train_loss=0.5518
epoch=6 step=393750 train_loss=0.5808
epoch=6 step=393800 train_loss=0.5623
epoch=6 step=393850 train_loss=0.6391
epoch=6 step=393900 train_loss=0.5668
epoch=6 step=393950 train_loss=0.5646
epoch=6 step=394000 train_loss=0.5873
[eval] step=394000 train=0.5686 val=0.5850
epoch=6 step=394050 train_loss=0.5387
epoch=6 step=394100 train_loss=0.5701
epoch=6 step=394150 train_loss=0.5542
epoch=6 step=394200 train_loss=0.5931
epoch=6 step=394250 train_loss=0.5891
epoch=6 step=394300 train_loss=0.5579
epoch=6 step=394350 train_loss=0.5832
epoch=6 step=394400 train_loss=0.5971
epoch=6 step=394450 train_loss=0.5511
epoch=6 step=394500 train_loss=0.5706
[eval] step=394500 train=0.5636 val=0.5833
epoch=6 step=394550 train_loss=0.6065
epoch=6 step=394600 train_loss=0.5685
epoch=6 step=394650 train_loss=0.5691
epoch=6 step=394700 train_loss=0.5610
epoch=6 step=394750 train_loss=0.5354
epoch=6 step=394800 train_loss=0.5939
epoch=6 step=394850 train_loss=0.5736
epoch=6 step=394900 train_loss=0.6013
epoch=6 step=394950 train_loss=0.5857
epoch=6 step=395000 train_loss=0.6206
[eval] step=395000 train=0.5700 val=0.5835
epoch=6 step=395050 train_loss=0.5343
epoch=6 step=395100 train_loss=0.5944
epoch=6 step=395150 train_loss=0.5475
epoch=6 step=395200 train_loss=0.5905
epoch=6 step=395250 train_loss=0.5624
epoch=6 step=395300 train_loss=0.6097
epoch=6 step=395350 train_loss=0.6028
epoch=6 step=395400 train_loss=0.5892
epoch=6 step=395450 train_loss=0.5533
epoch=6 step=395500 train_loss=0.5741
[eval] step=395500 train=0.5739 val=0.5873
epoch=6 step=395550 train_loss=0.5837
epoch=6 step=395600 train_loss=0.5437
epoch=6 step=395650 train_loss=0.5645
epoch=6 step=395700 train_loss=0.5955
epoch=6 step=395750 train_loss=0.5767
epoch=6 step=395800 train_loss=0.5758
epoch=6 step=395850 train_loss=0.5333
epoch=6 step=395900 train_loss=0.5997
epoch=6 step=395950 train_loss=0.5614
epoch=6 step=396000 train_loss=0.5484
[eval] step=396000 train=0.5671 val=0.5843
epoch=6 step=396050 train_loss=0.5431
epoch=6 step=396100 train_loss=0.6210
epoch=6 step=396150 train_loss=0.6131
epoch=6 step=396200 train_loss=0.6109
epoch=6 step=396250 train_loss=0.5931
epoch=6 step=396300 train_loss=0.5947
epoch=6 step=396350 train_loss=0.6133
epoch=6 step=396400 train_loss=0.5925
epoch=6 step=396450 train_loss=0.5557
epoch=6 step=396500 train_loss=0.5725
[eval] step=396500 train=0.5581 val=0.5795
epoch=6 step=396550 train_loss=0.6184
epoch=6 step=396600 train_loss=0.5610
epoch=6 step=396650 train_loss=0.5334
epoch=6 step=396700 train_loss=0.5469
epoch=6 step=396750 train_loss=0.5591
epoch=6 step=396800 train_loss=0.5667
epoch=6 step=396850 train_loss=0.6207
epoch=6 step=396900 train_loss=0.5804
epoch=6 step=396950 train_loss=0.5898
epoch=6 step=397000 train_loss=0.5781
[eval] step=397000 train=0.5566 val=0.5872
epoch=6 step=397050 train_loss=0.5993
epoch=6 step=397100 train_loss=0.5838
epoch=6 step=397150 train_loss=0.5705
epoch=6 step=397200 train_loss=0.5838
epoch=6 step=397250 train_loss=0.5654
epoch=6 step=397300 train_loss=0.6024
epoch=6 step=397350 train_loss=0.5522
epoch=6 step=397400 train_loss=0.5487
epoch=6 step=397450 train_loss=0.5952
epoch=6 step=397500 train_loss=0.5297
[eval] step=397500 train=0.5755 val=0.5829
epoch=6 step=397550 train_loss=0.5178
epoch=6 step=397600 train_loss=0.6220
epoch=6 step=397650 train_loss=0.5968
epoch=6 step=397700 train_loss=0.5716
epoch=6 step=397750 train_loss=0.6037
epoch=6 step=397800 train_loss=0.5781
epoch=6 step=397850 train_loss=0.6029
epoch=6 step=397900 train_loss=0.5893
epoch=6 step=397950 train_loss=0.6202
epoch=6 step=398000 train_loss=0.5499
[eval] step=398000 train=0.5629 val=0.5831
epoch=6 step=398050 train_loss=0.6273
epoch=6 step=398100 train_loss=0.6183
epoch=6 step=398150 train_loss=0.5652
epoch=6 step=398200 train_loss=0.5555
epoch=6 step=398250 train_loss=0.5741
epoch=6 step=398300 train_loss=0.5998
epoch=6 step=398350 train_loss=0.5716
epoch=6 step=398400 train_loss=0.5805
epoch=6 step=398450 train_loss=0.5605
epoch=6 step=398500 train_loss=0.5083
[eval] step=398500 train=0.5721 val=0.5972
epoch=6 step=398550 train_loss=0.5466
epoch=6 step=398600 train_loss=0.5924
epoch=6 step=398650 train_loss=0.5447
epoch=6 step=398700 train_loss=0.5641
epoch=6 step=398750 train_loss=0.6062
epoch=6 step=398800 train_loss=0.5297
epoch=6 step=398850 train_loss=0.6175
epoch=6 step=398900 train_loss=0.5820
epoch=6 step=398950 train_loss=0.5709
epoch=6 step=399000 train_loss=0.5182
[eval] step=399000 train=0.5584 val=0.5828
epoch=6 step=399050 train_loss=0.6353
epoch=6 step=399100 train_loss=0.5103
epoch=6 step=399150 train_loss=0.6398
epoch=6 step=399200 train_loss=0.6247
epoch=6 step=399250 train_loss=0.5717
epoch=6 step=399300 train_loss=0.5691
epoch=6 step=399350 train_loss=0.6021
epoch=6 step=399400 train_loss=0.6302
epoch=6 step=399450 train_loss=0.5693
epoch=6 step=399500 train_loss=0.5939
[eval] step=399500 train=0.5573 val=0.5834
epoch=6 step=399550 train_loss=0.6034
epoch=6 step=399600 train_loss=0.6002
epoch=6 step=399650 train_loss=0.5499
epoch=6 step=399700 train_loss=0.5542
epoch=6 step=399750 train_loss=0.5974
epoch=6 step=399800 train_loss=0.5977
epoch=6 step=399850 train_loss=0.5876
epoch=6 step=399900 train_loss=0.5812
epoch=6 step=399950 train_loss=0.5734
epoch=6 step=400000 train_loss=0.5724
[eval] step=400000 train=0.5651 val=0.5826
epoch=6 step=400050 train_loss=0.5872
epoch=6 step=400100 train_loss=0.5223
epoch=6 step=400150 train_loss=0.5465
epoch=6 step=400200 train_loss=0.5725
epoch=6 step=400250 train_loss=0.6174
epoch=6 step=400300 train_loss=0.6138
epoch=6 step=400350 train_loss=0.5774
epoch=6 step=400400 train_loss=0.5833
epoch=6 step=400450 train_loss=0.5296
epoch=6 step=400500 train_loss=0.5713
[eval] step=400500 train=0.5713 val=0.5856
epoch=6 step=400550 train_loss=0.6115
epoch=6 step=400600 train_loss=0.6203
epoch=6 step=400650 train_loss=0.4960
epoch=6 step=400700 train_loss=0.5490
epoch=6 step=400750 train_loss=0.5713
epoch=6 step=400800 train_loss=0.4978
epoch=6 step=400850 train_loss=0.5603
epoch=6 step=400900 train_loss=0.5599
epoch=6 step=400950 train_loss=0.5612
epoch=6 step=401000 train_loss=0.5806
[eval] step=401000 train=0.5632 val=0.5863
epoch=6 step=401050 train_loss=0.5857
epoch=6 step=401100 train_loss=0.5677
epoch=6 step=401150 train_loss=0.5541
epoch=6 step=401200 train_loss=0.5501
epoch=6 step=401250 train_loss=0.5290
epoch=6 step=401300 train_loss=0.5422
epoch=6 step=401350 train_loss=0.5884
epoch=6 step=401400 train_loss=0.5873
epoch=6 step=401450 train_loss=0.5159
epoch=6 step=401500 train_loss=0.5419
[eval] step=401500 train=0.5551 val=0.5857
epoch=6 step=401550 train_loss=0.5688
epoch=6 step=401600 train_loss=0.5830
epoch=6 step=401650 train_loss=0.5622
epoch=6 step=401700 train_loss=0.5915
epoch=6 step=401750 train_loss=0.5837
epoch=6 step=401800 train_loss=0.5655
epoch=6 step=401850 train_loss=0.5303
epoch=6 step=401900 train_loss=0.5565
epoch=6 step=401950 train_loss=0.5589
epoch=6 step=402000 train_loss=0.5520
[eval] step=402000 train=0.5615 val=0.5846
epoch=6 step=402050 train_loss=0.5877
epoch=6 step=402100 train_loss=0.5971
epoch=6 step=402150 train_loss=0.5697
epoch=6 step=402200 train_loss=0.5374
epoch=6 step=402250 train_loss=0.5919
epoch=6 step=402300 train_loss=0.5767
epoch=6 step=402350 train_loss=0.5777
epoch=6 step=402400 train_loss=0.5800
epoch=6 step=402450 train_loss=0.5426
epoch=6 step=402500 train_loss=0.5481
[eval] step=402500 train=0.5735 val=0.5844
epoch=6 step=402550 train_loss=0.5682
epoch=6 step=402600 train_loss=0.5403
epoch=6 step=402650 train_loss=0.5286
epoch=6 step=402700 train_loss=0.5888
epoch=6 step=402750 train_loss=0.5643
epoch=6 step=402800 train_loss=0.5786
epoch=6 step=402850 train_loss=0.6107
epoch=6 step=402900 train_loss=0.5937
epoch=6 step=402950 train_loss=0.5540
epoch=6 step=403000 train_loss=0.5750
[eval] step=403000 train=0.5665 val=0.5832
epoch=6 step=403050 train_loss=0.5928
epoch=6 step=403100 train_loss=0.5202
epoch=6 step=403150 train_loss=0.5361
epoch=6 step=403200 train_loss=0.5533
epoch=6 step=403250 train_loss=0.5589
epoch=6 step=403300 train_loss=0.5282
epoch=6 step=403350 train_loss=0.5645
epoch=6 step=403400 train_loss=0.5946
epoch=6 step=403450 train_loss=0.5373
epoch=6 step=403500 train_loss=0.5495
[eval] step=403500 train=0.5596 val=0.5871
epoch=6 step=403550 train_loss=0.6228
epoch=6 step=403600 train_loss=0.5192
epoch=6 step=403650 train_loss=0.5613
epoch=6 step=403700 train_loss=0.5851
epoch=6 step=403750 train_loss=0.5607
epoch=6 step=403800 train_loss=0.5450
epoch=6 step=403850 train_loss=0.5598
epoch=6 step=403900 train_loss=0.6152
epoch=6 step=403950 train_loss=0.5809
epoch=6 step=404000 train_loss=0.5538
[eval] step=404000 train=0.5716 val=0.5837
epoch=6 step=404050 train_loss=0.6189
epoch=6 step=404100 train_loss=0.5647
epoch=6 step=404150 train_loss=0.5477
epoch=6 step=404200 train_loss=0.5652
epoch=6 step=404250 train_loss=0.5480
epoch=6 step=404300 train_loss=0.5660
epoch=6 step=404350 train_loss=0.6033
epoch=6 step=404400 train_loss=0.5880
epoch=6 step=404450 train_loss=0.5486
epoch=6 step=404500 train_loss=0.5770
[eval] step=404500 train=0.5641 val=0.5854
epoch=6 step=404550 train_loss=0.5738
epoch=6 step=404600 train_loss=0.5767
epoch=6 step=404650 train_loss=0.5294
epoch=6 step=404700 train_loss=0.5725
epoch=6 step=404750 train_loss=0.5468
epoch=6 step=404800 train_loss=0.6111
epoch=6 step=404850 train_loss=0.5935
epoch=6 step=404900 train_loss=0.5949
epoch=6 step=404950 train_loss=0.5628
epoch=6 step=405000 train_loss=0.5657
[eval] step=405000 train=0.5519 val=0.5857
epoch=6 step=405050 train_loss=0.5580
epoch=6 step=405100 train_loss=0.5605
epoch=6 step=405150 train_loss=0.5425
epoch=6 step=405200 train_loss=0.5682
epoch=6 step=405250 train_loss=0.5893
epoch=6 step=405300 train_loss=0.5997
epoch=6 step=405350 train_loss=0.5698
epoch=6 step=405400 train_loss=0.5728
epoch=6 step=405450 train_loss=0.5570
epoch=6 step=405500 train_loss=0.5494
[eval] step=405500 train=0.5678 val=0.5875
epoch=6 step=405550 train_loss=0.5591
epoch=6 step=405600 train_loss=0.5375
epoch=6 step=405650 train_loss=0.5653
epoch=6 step=405700 train_loss=0.5325
epoch=6 step=405750 train_loss=0.5543
epoch=6 step=405800 train_loss=0.5216
epoch=6 step=405850 train_loss=0.5782
epoch=6 step=405900 train_loss=0.5438
epoch=6 step=405950 train_loss=0.5780
epoch=6 step=406000 train_loss=0.5547
[eval] step=406000 train=0.5718 val=0.5841
epoch=6 step=406050 train_loss=0.6016
epoch=6 step=406100 train_loss=0.5751
epoch=6 step=406150 train_loss=0.5655
epoch=6 step=406200 train_loss=0.5764
epoch=6 step=406250 train_loss=0.5742
epoch=6 step=406300 train_loss=0.5419
epoch=6 step=406350 train_loss=0.6175
epoch=6 step=406400 train_loss=0.5739
epoch=6 step=406450 train_loss=0.5822
epoch=6 step=406500 train_loss=0.5588
[eval] step=406500 train=0.5698 val=0.5840
epoch=6 step=406550 train_loss=0.5965
epoch=6 step=406600 train_loss=0.5654
epoch=6 step=406650 train_loss=0.5697
epoch=6 step=406700 train_loss=0.5753
epoch=6 step=406750 train_loss=0.5488
epoch=6 step=406800 train_loss=0.5427
epoch=6 step=406850 train_loss=0.5530
epoch=6 step=406900 train_loss=0.6210
epoch=6 step=406950 train_loss=0.6155
epoch=6 step=407000 train_loss=0.5636
[eval] step=407000 train=0.5677 val=0.5827
epoch=6 step=407050 train_loss=0.5883
epoch=6 step=407100 train_loss=0.5750
epoch=6 step=407150 train_loss=0.5878
epoch=6 step=407200 train_loss=0.6068
epoch=6 step=407250 train_loss=0.5728
epoch=6 step=407300 train_loss=0.5654
epoch=6 step=407350 train_loss=0.6124
epoch=6 step=407400 train_loss=0.5396
epoch=6 step=407450 train_loss=0.5775
epoch=6 step=407500 train_loss=0.5649
[eval] step=407500 train=0.5702 val=0.5815
epoch=6 step=407550 train_loss=0.5725
epoch=6 step=407600 train_loss=0.5622
epoch=6 step=407650 train_loss=0.5927
epoch=6 step=407700 train_loss=0.6086
epoch=6 step=407750 train_loss=0.5579
epoch=6 step=407800 train_loss=0.5873
epoch=6 step=407850 train_loss=0.6338
epoch=6 step=407900 train_loss=0.6058
epoch=6 step=407950 train_loss=0.5762
epoch=6 step=408000 train_loss=0.5799
[eval] step=408000 train=0.5655 val=0.5809
epoch=6 step=408050 train_loss=0.5803
epoch=6 step=408100 train_loss=0.5824
epoch=6 step=408150 train_loss=0.5858
epoch=6 step=408200 train_loss=0.5706
epoch=6 step=408250 train_loss=0.5657
epoch=6 step=408300 train_loss=0.5559
epoch=6 step=408350 train_loss=0.5348
epoch=6 step=408400 train_loss=0.6099
epoch=6 step=408450 train_loss=0.6044
epoch=6 step=408500 train_loss=0.5744
[eval] step=408500 train=0.5741 val=0.5866
epoch=6 step=408550 train_loss=0.5610
epoch=6 step=408600 train_loss=0.5540
epoch=6 step=408650 train_loss=0.6158
epoch=6 step=408700 train_loss=0.5631
epoch=6 step=408750 train_loss=0.5913
epoch=6 step=408800 train_loss=0.6118
epoch=6 step=408850 train_loss=0.6064
epoch=6 step=408900 train_loss=0.5665
epoch=6 step=408950 train_loss=0.5583
epoch=6 step=409000 train_loss=0.5745
[eval] step=409000 train=0.5710 val=0.5857
epoch=6 step=409050 train_loss=0.5816
epoch=6 step=409100 train_loss=0.5039
epoch=6 step=409150 train_loss=0.5867
epoch=6 step=409200 train_loss=0.5805
epoch=6 step=409250 train_loss=0.6064
epoch=6 step=409300 train_loss=0.6120
epoch=6 step=409350 train_loss=0.5758
epoch=6 step=409400 train_loss=0.6130
epoch=6 step=409450 train_loss=0.5688
epoch=6 step=409500 train_loss=0.6000
[eval] step=409500 train=0.5600 val=0.5825
epoch=6 step=409550 train_loss=0.5511
epoch=6 step=409600 train_loss=0.5450
epoch=6 step=409650 train_loss=0.5601
epoch=6 step=409700 train_loss=0.5634
epoch=6 step=409750 train_loss=0.6081
epoch=6 step=409800 train_loss=0.6079
epoch=6 step=409850 train_loss=0.5261
epoch=6 step=409900 train_loss=0.5873
epoch=6 step=409950 train_loss=0.5811
epoch=6 step=410000 train_loss=0.5722
[eval] step=410000 train=0.5707 val=0.5850
epoch=6 step=410050 train_loss=0.5878
epoch=6 step=410100 train_loss=0.5952
epoch=6 step=410150 train_loss=0.5806
epoch=6 step=410200 train_loss=0.5671
epoch=6 step=410250 train_loss=0.6073
epoch=6 step=410300 train_loss=0.5120
epoch=6 step=410350 train_loss=0.5868
epoch=6 step=410400 train_loss=0.5407
epoch=6 step=410450 train_loss=0.5483
epoch=6 step=410500 train_loss=0.5985
[eval] step=410500 train=0.5716 val=0.5812
epoch=6 step=410550 train_loss=0.5671
epoch=6 step=410600 train_loss=0.5654
epoch=6 step=410650 train_loss=0.5478
epoch=6 step=410700 train_loss=0.5796
epoch=6 step=410750 train_loss=0.5589
epoch=6 step=410800 train_loss=0.5952
epoch=6 step=410850 train_loss=0.6196
epoch=6 step=410900 train_loss=0.5742
epoch=6 step=410950 train_loss=0.5529
epoch=6 step=411000 train_loss=0.6040
[eval] step=411000 train=0.5695 val=0.5817
epoch=6 step=411050 train_loss=0.6012
epoch=6 step=411100 train_loss=0.6301
epoch=6 step=411150 train_loss=0.5999
epoch=6 step=411200 train_loss=0.5581
epoch=6 step=411250 train_loss=0.5427
epoch=6 step=411300 train_loss=0.5535
epoch=6 step=411350 train_loss=0.5813
epoch=6 step=411400 train_loss=0.5564
epoch=6 step=411450 train_loss=0.5938
epoch=6 step=411500 train_loss=0.5700
[eval] step=411500 train=0.5609 val=0.5855
epoch=6 step=411550 train_loss=0.5725
epoch=6 step=411600 train_loss=0.5432
epoch=6 step=411650 train_loss=0.5407
epoch=6 step=411700 train_loss=0.5527
epoch=6 step=411750 train_loss=0.5983
epoch=6 step=411800 train_loss=0.5606
epoch=6 step=411850 train_loss=0.5863
epoch=6 step=411900 train_loss=0.5310
epoch=6 step=411950 train_loss=0.5547
epoch=6 step=412000 train_loss=0.5477
[eval] step=412000 train=0.5566 val=0.5853
epoch=6 step=412050 train_loss=0.5768
epoch=6 step=412100 train_loss=0.5711
epoch=6 step=412150 train_loss=0.5116
epoch=6 step=412200 train_loss=0.5419
epoch=6 step=412250 train_loss=0.5413
epoch=6 step=412300 train_loss=0.5505
epoch=6 step=412350 train_loss=0.5361
epoch=6 step=412400 train_loss=0.5867
epoch=6 step=412450 train_loss=0.5960
epoch=6 step=412500 train_loss=0.5521
[eval] step=412500 train=0.5629 val=0.5854
epoch=6 step=412550 train_loss=0.5512
epoch=6 step=412600 train_loss=0.5713
epoch=6 step=412650 train_loss=0.6148
epoch=6 step=412700 train_loss=0.5822
epoch=6 step=412750 train_loss=0.6094
epoch=6 step=412800 train_loss=0.5734
epoch=6 step=412850 train_loss=0.6208
epoch=6 step=412900 train_loss=0.5701
epoch=6 step=412950 train_loss=0.5793
epoch=6 step=413000 train_loss=0.5564
[eval] step=413000 train=0.5732 val=0.5837
epoch=6 step=413050 train_loss=0.5720
epoch=6 step=413100 train_loss=0.5654
epoch=6 step=413150 train_loss=0.5453
epoch=6 step=413200 train_loss=0.5623
epoch=6 step=413250 train_loss=0.5756
epoch=6 step=413300 train_loss=0.5791
epoch=6 step=413350 train_loss=0.5421
epoch=6 step=413400 train_loss=0.4984
epoch=6 step=413450 train_loss=0.5748
epoch=6 step=413500 train_loss=0.5556
[eval] step=413500 train=0.5641 val=0.5906
epoch=6 step=413550 train_loss=0.5647
epoch=6 step=413600 train_loss=0.5500
epoch=6 step=413650 train_loss=0.5418
epoch=6 step=413700 train_loss=0.5644
epoch=6 step=413750 train_loss=0.6228
epoch=6 step=413800 train_loss=0.5440
epoch=6 step=413850 train_loss=0.5901
epoch=6 step=413900 train_loss=0.6218
epoch=6 step=413950 train_loss=0.5740
epoch=6 step=414000 train_loss=0.5608
[eval] step=414000 train=0.5769 val=0.5866
epoch=6 step=414050 train_loss=0.5831
epoch=6 step=414100 train_loss=0.5622
epoch=6 step=414150 train_loss=0.5459
epoch=6 step=414200 train_loss=0.6102
epoch=6 step=414250 train_loss=0.6278
epoch=6 step=414300 train_loss=0.6118
epoch=6 step=414350 train_loss=0.5310
epoch=6 step=414400 train_loss=0.5590
epoch=6 step=414450 train_loss=0.5782
epoch=6 step=414500 train_loss=0.5913
[eval] step=414500 train=0.5578 val=0.5839
epoch=6 step=414550 train_loss=0.5544
epoch=6 step=414600 train_loss=0.5388
epoch=6 step=414650 train_loss=0.5182
epoch=6 step=414700 train_loss=0.5830
epoch=6 step=414750 train_loss=0.6204
epoch=6 step=414800 train_loss=0.5587
epoch=6 step=414850 train_loss=0.5201
epoch=6 step=414900 train_loss=0.5670
epoch=6 step=414950 train_loss=0.5290
epoch=6 step=415000 train_loss=0.5505
[eval] step=415000 train=0.5689 val=0.5910
epoch=6 step=415050 train_loss=0.6358
epoch=6 step=415100 train_loss=0.5820
epoch=6 step=415150 train_loss=0.5728
epoch=6 step=415200 train_loss=0.5936
epoch=6 step=415250 train_loss=0.5868
epoch=6 step=415300 train_loss=0.5377
epoch=6 step=415350 train_loss=0.5736
epoch=6 step=415400 train_loss=0.5661
epoch=6 step=415450 train_loss=0.5846
epoch=6 step=415500 train_loss=0.5747
[eval] step=415500 train=0.5767 val=0.5835
epoch=6 step=415550 train_loss=0.5505
epoch=6 step=415600 train_loss=0.5696
epoch=6 step=415650 train_loss=0.5163
epoch=6 step=415700 train_loss=0.5638
epoch=6 step=415750 train_loss=0.5206
epoch=6 step=415800 train_loss=0.5609
epoch=6 step=415850 train_loss=0.5808
epoch=6 step=415900 train_loss=0.5691
epoch=6 step=415950 train_loss=0.5652
epoch=6 step=416000 train_loss=0.5930
[eval] step=416000 train=0.5653 val=0.5920
epoch=6 step=416050 train_loss=0.5850
epoch=6 step=416100 train_loss=0.6182
epoch=6 step=416150 train_loss=0.5533
epoch=6 step=416200 train_loss=0.5792
epoch=6 step=416250 train_loss=0.5961
epoch=6 step=416300 train_loss=0.5440
epoch=6 step=416350 train_loss=0.5982
epoch=6 step=416400 train_loss=0.6041
epoch=6 step=416450 train_loss=0.6031
epoch=6 step=416500 train_loss=0.5613
[eval] step=416500 train=0.5585 val=0.5826
epoch=6 step=416550 train_loss=0.5649
epoch=6 step=416600 train_loss=0.5696
epoch=6 step=416650 train_loss=0.6099
epoch=6 step=416700 train_loss=0.5741
epoch=6 step=416750 train_loss=0.6099
epoch=6 step=416800 train_loss=0.5919
epoch=6 step=416850 train_loss=0.4963
epoch=6 step=416900 train_loss=0.5344
epoch=6 step=416950 train_loss=0.5382
epoch=6 step=417000 train_loss=0.5711
[eval] step=417000 train=0.5698 val=0.5873
epoch=6 step=417050 train_loss=0.5456
epoch=6 step=417100 train_loss=0.6018
epoch=6 step=417150 train_loss=0.5473
epoch=6 step=417200 train_loss=0.5737
epoch=6 step=417250 train_loss=0.5724
epoch=6 step=417300 train_loss=0.5882
epoch=6 step=417350 train_loss=0.5678
epoch=6 step=417400 train_loss=0.6015
epoch=6 step=417450 train_loss=0.5752
epoch=6 step=417500 train_loss=0.5692
[eval] step=417500 train=0.5693 val=0.5874
epoch=6 step=417550 train_loss=0.5587
epoch=6 step=417600 train_loss=0.5726
epoch=6 step=417650 train_loss=0.5797
epoch=6 step=417700 train_loss=0.6283
epoch=6 step=417750 train_loss=0.5966
epoch=6 step=417800 train_loss=0.6292
epoch=6 step=417850 train_loss=0.5665
epoch=6 step=417900 train_loss=0.5473
epoch=6 step=417950 train_loss=0.5764
epoch=6 step=418000 train_loss=0.6019
[eval] step=418000 train=0.5689 val=0.5819
epoch=6 step=418050 train_loss=0.5718
epoch=6 step=418100 train_loss=0.5759
epoch=6 step=418150 train_loss=0.5525
epoch=6 step=418200 train_loss=0.5448
epoch=6 step=418250 train_loss=0.5901
epoch=6 step=418300 train_loss=0.6095
epoch=6 step=418350 train_loss=0.5463
epoch=6 step=418400 train_loss=0.5653
epoch=6 step=418450 train_loss=0.6222
epoch=6 step=418500 train_loss=0.6110
[eval] step=418500 train=0.5639 val=0.5847
epoch=6 step=418550 train_loss=0.5555
epoch=6 step=418600 train_loss=0.5782
epoch=6 step=418650 train_loss=0.5123
epoch=6 step=418700 train_loss=0.6161
epoch=6 step=418750 train_loss=0.5350
epoch=6 step=418800 train_loss=0.5791
epoch=6 step=418850 train_loss=0.5637
epoch=6 step=418900 train_loss=0.5785
epoch=6 step=418950 train_loss=0.4766
epoch=6 step=419000 train_loss=0.5353
[eval] step=419000 train=0.5701 val=0.5862
epoch=6 step=419050 train_loss=0.5722
epoch=6 step=419100 train_loss=0.5427
epoch=6 step=419150 train_loss=0.6010
epoch=6 step=419200 train_loss=0.5610
epoch=6 step=419250 train_loss=0.5838
epoch=6 step=419300 train_loss=0.5598
epoch=6 step=419350 train_loss=0.5708
epoch=6 step=419400 train_loss=0.5250
epoch=6 step=419450 train_loss=0.5600
epoch=6 step=419500 train_loss=0.5850
[eval] step=419500 train=0.5685 val=0.5899
epoch=6 step=419550 train_loss=0.5772
epoch=6 step=419600 train_loss=0.5938
epoch=6 step=419650 train_loss=0.5492
epoch=6 step=419700 train_loss=0.5938
epoch=6 step=419750 train_loss=0.5822
epoch=6 step=419800 train_loss=0.5943
epoch=6 step=419850 train_loss=0.5572
epoch=6 step=419900 train_loss=0.5950
epoch=6 step=419950 train_loss=0.5763
epoch=6 step=420000 train_loss=0.5856
[eval] step=420000 train=0.5694 val=0.5840
epoch=6 step=420050 train_loss=0.5556
epoch=6 step=420100 train_loss=0.5895
epoch=6 step=420150 train_loss=0.5872
epoch=6 step=420200 train_loss=0.5914
epoch=6 step=420250 train_loss=0.5496
epoch=6 step=420300 train_loss=0.5388
epoch=6 step=420350 train_loss=0.6031
epoch=6 step=420400 train_loss=0.5583
epoch=6 step=420450 train_loss=0.5754
epoch=6 step=420500 train_loss=0.6221
[eval] step=420500 train=0.5501 val=0.5830
epoch=6 step=420550 train_loss=0.5968
epoch=6 step=420600 train_loss=0.5463
epoch=6 step=420650 train_loss=0.6162
epoch=6 step=420700 train_loss=0.5527
epoch=6 step=420750 train_loss=0.5832
epoch=6 step=420800 train_loss=0.6142
epoch=6 step=420850 train_loss=0.5827
epoch=6 step=420900 train_loss=0.5436
epoch=6 step=420950 train_loss=0.5771
epoch=6 step=421000 train_loss=0.5333
[eval] step=421000 train=0.5661 val=0.5834
epoch=6 step=421050 train_loss=0.5975
epoch=6 step=421100 train_loss=0.5363
epoch=6 step=421150 train_loss=0.5377
epoch=6 step=421200 train_loss=0.5813
epoch=6 step=421250 train_loss=0.5710
epoch=6 step=421300 train_loss=0.5530
epoch=6 step=421350 train_loss=0.5725
epoch=6 step=421400 train_loss=0.5869
epoch=6 step=421450 train_loss=0.6318
epoch=6 step=421500 train_loss=0.5667
[eval] step=421500 train=0.5670 val=0.5818
epoch=6 step=421550 train_loss=0.5835
epoch=6 step=421600 train_loss=0.5611
epoch=6 step=421650 train_loss=0.5537
epoch=6 step=421700 train_loss=0.5760
epoch=6 step=421750 train_loss=0.5623
epoch=6 step=421800 train_loss=0.5677
epoch=6 step=421850 train_loss=0.5592
epoch=6 step=421900 train_loss=0.5793
epoch=6 step=421950 train_loss=0.5955
epoch=6 step=422000 train_loss=0.5448
[eval] step=422000 train=0.5587 val=0.5824
epoch=6 step=422050 train_loss=0.5690
epoch=6 step=422100 train_loss=0.5958
epoch=6 step=422150 train_loss=0.5657
epoch=6 step=422200 train_loss=0.6082
epoch=6 step=422250 train_loss=0.6190
epoch=6 step=422300 train_loss=0.5780
epoch=6 step=422350 train_loss=0.4974
epoch=6 step=422400 train_loss=0.6085
epoch=6 step=422450 train_loss=0.5709
epoch=6 step=422500 train_loss=0.5625
[eval] step=422500 train=0.5671 val=0.5838
epoch=6 step=422550 train_loss=0.5918
epoch=6 step=422600 train_loss=0.6099
epoch=6 step=422650 train_loss=0.5546
epoch=6 step=422700 train_loss=0.5731
epoch=6 step=422750 train_loss=0.5883
epoch=6 step=422800 train_loss=0.6387
epoch=6 step=422850 train_loss=0.5903
epoch=6 step=422900 train_loss=0.5612
epoch=6 step=422950 train_loss=0.5901
epoch=6 step=423000 train_loss=0.5861
[eval] step=423000 train=0.5655 val=0.5797
epoch=6 step=423050 train_loss=0.5806
epoch=6 step=423100 train_loss=0.5431
epoch=6 step=423150 train_loss=0.5904
epoch=6 step=423200 train_loss=0.5833
epoch=6 step=423250 train_loss=0.5695
epoch=6 step=423300 train_loss=0.6138
epoch=6 step=423350 train_loss=0.6072
epoch=6 step=423400 train_loss=0.5961
epoch=6 step=423450 train_loss=0.5873
epoch=6 step=423500 train_loss=0.6120
[eval] step=423500 train=0.5686 val=0.5825
epoch=6 step=423550 train_loss=0.5734
epoch=6 step=423600 train_loss=0.5598
epoch=6 step=423650 train_loss=0.5685
epoch=6 step=423700 train_loss=0.5600
epoch=6 step=423750 train_loss=0.5752
epoch=6 step=423800 train_loss=0.5946
epoch=6 step=423850 train_loss=0.5735
epoch=6 step=423900 train_loss=0.5937
epoch=6 step=423950 train_loss=0.5785
epoch=6 step=424000 train_loss=0.5894
[eval] step=424000 train=0.5613 val=0.5879
epoch=6 step=424050 train_loss=0.6022
epoch=6 step=424100 train_loss=0.5613
epoch=6 step=424150 train_loss=0.5567
epoch=6 step=424200 train_loss=0.5994
epoch=6 step=424250 train_loss=0.5464
epoch=6 step=424300 train_loss=0.5829
epoch=6 step=424350 train_loss=0.6043
epoch=6 step=424400 train_loss=0.5512
epoch=6 step=424450 train_loss=0.5648
epoch=6 step=424500 train_loss=0.5983
[eval] step=424500 train=0.5687 val=0.5826
epoch=6 step=424550 train_loss=0.5954
epoch=6 step=424600 train_loss=0.5830
epoch=6 step=424650 train_loss=0.5871
epoch=6 step=424700 train_loss=0.5571
epoch=6 step=424750 train_loss=0.5422
epoch=6 step=424800 train_loss=0.6064
epoch=6 step=424850 train_loss=0.6188
epoch=6 step=424900 train_loss=0.5744
epoch=6 step=424950 train_loss=0.5811
epoch=6 step=425000 train_loss=0.5770
[eval] step=425000 train=0.5643 val=0.5846
epoch=6 step=425050 train_loss=0.5737
epoch=6 step=425100 train_loss=0.5857
epoch=6 step=425150 train_loss=0.5793
epoch=6 step=425200 train_loss=0.6358
epoch=6 step=425250 train_loss=0.5836
epoch=6 step=425300 train_loss=0.5765
epoch=6 step=425350 train_loss=0.6048
epoch=6 step=425400 train_loss=0.5671
epoch=6 step=425450 train_loss=0.5648
epoch=6 step=425500 train_loss=0.5648
[eval] step=425500 train=0.5707 val=0.5810
epoch=6 step=425550 train_loss=0.5531
epoch=6 step=425600 train_loss=0.5796
epoch=6 step=425650 train_loss=0.5851
epoch=6 step=425700 train_loss=0.5921
epoch=6 step=425750 train_loss=0.6001
epoch=6 step=425800 train_loss=0.5912
epoch=6 step=425850 train_loss=0.5777
epoch=6 step=425900 train_loss=0.5707
epoch=6 step=425950 train_loss=0.5624
epoch=6 step=426000 train_loss=0.5925
[eval] step=426000 train=0.5658 val=0.5897
epoch=6 step=426050 train_loss=0.5521
epoch=6 step=426100 train_loss=0.5655
epoch=6 step=426150 train_loss=0.5707
epoch=6 step=426200 train_loss=0.5779
epoch=6 step=426250 train_loss=0.6181
epoch=6 step=426300 train_loss=0.5538
epoch=6 step=426350 train_loss=0.5737
epoch=6 step=426400 train_loss=0.5874
epoch=6 step=426450 train_loss=0.5690
epoch=6 step=426500 train_loss=0.6354
[eval] step=426500 train=0.5714 val=0.5816
epoch=6 step=426550 train_loss=0.5569
epoch=6 step=426600 train_loss=0.5620
epoch=6 step=426650 train_loss=0.5622
epoch=6 step=426700 train_loss=0.5564
epoch=6 step=426750 train_loss=0.5735
epoch=6 step=426800 train_loss=0.5594
epoch=6 step=426850 train_loss=0.6359
epoch=6 step=426900 train_loss=0.5568
epoch=6 step=426950 train_loss=0.5567
epoch=6 step=427000 train_loss=0.5901
[eval] step=427000 train=0.5568 val=0.5841
epoch=6 step=427050 train_loss=0.5778
epoch=6 step=427100 train_loss=0.5592
epoch=6 step=427150 train_loss=0.5750
epoch=6 step=427200 train_loss=0.5870
epoch=6 step=427250 train_loss=0.5760
epoch=6 step=427300 train_loss=0.5652
epoch=6 step=427350 train_loss=0.5729
epoch=6 step=427400 train_loss=0.6561
epoch=6 step=427450 train_loss=0.5819
epoch=6 step=427500 train_loss=0.5971
[eval] step=427500 train=0.5687 val=0.5824
epoch=6 step=427550 train_loss=0.6037
epoch=6 step=427600 train_loss=0.5801
epoch=6 step=427650 train_loss=0.5402
epoch=6 step=427700 train_loss=0.5500
epoch=6 step=427750 train_loss=0.5915
epoch=6 step=427800 train_loss=0.5672
epoch=6 step=427850 train_loss=0.5611
epoch=6 step=427900 train_loss=0.6221
epoch=6 step=427950 train_loss=0.6065
epoch=6 step=428000 train_loss=0.5733
[eval] step=428000 train=0.5516 val=0.5847
epoch=6 step=428050 train_loss=0.5631
epoch=6 step=428100 train_loss=0.5677
epoch=6 step=428150 train_loss=0.5197
epoch=6 step=428200 train_loss=0.5622
epoch=6 step=428250 train_loss=0.5682
epoch=6 step=428300 train_loss=0.5433
epoch=6 step=428350 train_loss=0.5389
epoch=6 step=428400 train_loss=0.5930
epoch=6 step=428450 train_loss=0.5693
epoch=6 step=428500 train_loss=0.5989
[eval] step=428500 train=0.5616 val=0.5862
epoch=6 step=428550 train_loss=0.5772
epoch=6 step=428600 train_loss=0.5795
epoch=6 step=428650 train_loss=0.5360
epoch=6 step=428700 train_loss=0.5316
epoch=6 step=428750 train_loss=0.5422
epoch=6 step=428800 train_loss=0.5242
epoch=6 step=428850 train_loss=0.5349
epoch=6 step=428900 train_loss=0.5518
epoch=6 step=428950 train_loss=0.5495
epoch=6 step=429000 train_loss=0.5740
[eval] step=429000 train=0.5613 val=0.5857
epoch=6 step=429050 train_loss=0.5844
epoch=6 step=429100 train_loss=0.5778
epoch=6 step=429150 train_loss=0.6094
epoch=6 step=429200 train_loss=0.5506
epoch=6 step=429250 train_loss=0.5769
epoch=6 step=429300 train_loss=0.5365
epoch=6 step=429350 train_loss=0.5729
epoch=6 step=429400 train_loss=0.5917
epoch=6 step=429450 train_loss=0.6027
epoch=6 step=429500 train_loss=0.5278
[eval] step=429500 train=0.5700 val=0.5805
epoch=6 step=429550 train_loss=0.6229
epoch=6 step=429600 train_loss=0.5832
epoch=6 step=429650 train_loss=0.5548
epoch=6 step=429700 train_loss=0.5371
epoch=6 step=429750 train_loss=0.5572
epoch=6 step=429800 train_loss=0.5495
epoch=6 step=429850 train_loss=0.5802
epoch=6 step=429900 train_loss=0.5844
epoch=6 step=429950 train_loss=0.5525
epoch=6 step=430000 train_loss=0.5791
[eval] step=430000 train=0.5610 val=0.5865
epoch=6 step=430050 train_loss=0.6023
epoch=6 step=430100 train_loss=0.5966
epoch=6 step=430150 train_loss=0.5603
epoch=6 step=430200 train_loss=0.5311
epoch=6 step=430250 train_loss=0.5559
epoch=6 step=430300 train_loss=0.5676
epoch=6 step=430350 train_loss=0.5883
epoch=6 step=430400 train_loss=0.5877
epoch=6 step=430450 train_loss=0.5754
epoch=6 step=430500 train_loss=0.5896
[eval] step=430500 train=0.5685 val=0.5896
epoch=6 step=430550 train_loss=0.5532
epoch=6 step=430600 train_loss=0.5585
epoch=6 step=430650 train_loss=0.6230
epoch=6 step=430700 train_loss=0.5921
epoch=6 step=430750 train_loss=0.5580
epoch=6 step=430800 train_loss=0.5684
epoch=6 step=430850 train_loss=0.5894
epoch=6 step=430900 train_loss=0.5925
epoch=6 step=430950 train_loss=0.5684
epoch=6 step=431000 train_loss=0.5231
[eval] step=431000 train=0.5611 val=0.5876
epoch=6 step=431050 train_loss=0.5461
epoch=6 step=431100 train_loss=0.5958
epoch=6 step=431150 train_loss=0.6125
epoch=6 step=431200 train_loss=0.5958
epoch=6 step=431250 train_loss=0.5530
epoch=6 step=431300 train_loss=0.5106
epoch=6 step=431350 train_loss=0.4988
epoch=6 step=431400 train_loss=0.6128
epoch=6 step=431450 train_loss=0.5553
epoch=6 step=431500 train_loss=0.5840
[eval] step=431500 train=0.5613 val=0.5865
epoch=6 step=431550 train_loss=0.5771
epoch=6 step=431600 train_loss=0.5983
epoch=6 step=431650 train_loss=0.4947
epoch=6 step=431700 train_loss=0.5943
epoch=6 step=431750 train_loss=0.5831
epoch=6 step=431800 train_loss=0.5490
epoch=6 step=431850 train_loss=0.5600
epoch=6 step=431900 train_loss=0.5629
epoch=6 step=431950 train_loss=0.5944
epoch=6 step=432000 train_loss=0.5721
[eval] step=432000 train=0.5728 val=0.5868
epoch=6 step=432050 train_loss=0.5682
epoch=6 step=432100 train_loss=0.5914
epoch=6 step=432150 train_loss=0.5912
epoch=6 step=432200 train_loss=0.5577
epoch=6 step=432250 train_loss=0.5551
epoch=6 step=432300 train_loss=0.5366
epoch=6 step=432350 train_loss=0.5825
epoch=6 step=432400 train_loss=0.5389
epoch=6 step=432450 train_loss=0.5732
epoch=6 step=432500 train_loss=0.5836
[eval] step=432500 train=0.5701 val=0.5848
epoch=6 step=432550 train_loss=0.5824
epoch=6 step=432600 train_loss=0.5845
epoch=6 step=432650 train_loss=0.5730
epoch=6 step=432700 train_loss=0.5620
epoch=6 step=432750 train_loss=0.5968
epoch=6 step=432800 train_loss=0.5372
epoch=6 step=432850 train_loss=0.5707
epoch=6 step=432900 train_loss=0.5813
epoch=6 step=432950 train_loss=0.5679
epoch=6 step=433000 train_loss=0.5579
[eval] step=433000 train=0.5630 val=0.5871
epoch=6 step=433050 train_loss=0.5917
epoch=6 step=433100 train_loss=0.5503
epoch=6 step=433150 train_loss=0.5402
epoch=6 step=433200 train_loss=0.5661
epoch=6 step=433250 train_loss=0.5727
epoch=6 step=433300 train_loss=0.5850
epoch=6 step=433350 train_loss=0.6030
epoch=6 step=433400 train_loss=0.6160
epoch=6 step=433450 train_loss=0.5757
epoch=6 step=433500 train_loss=0.5669
[eval] step=433500 train=0.5666 val=0.5889
epoch=6 step=433550 train_loss=0.6087
epoch=6 step=433600 train_loss=0.5973
epoch=6 step=433650 train_loss=0.5888
epoch=6 step=433700 train_loss=0.5902
epoch=6 step=433750 train_loss=0.5755
epoch=6 step=433800 train_loss=0.5806
epoch=6 step=433850 train_loss=0.5543
epoch=6 step=433900 train_loss=0.5969
epoch=6 step=433950 train_loss=0.5482
epoch=6 step=434000 train_loss=0.5362
[eval] step=434000 train=0.5570 val=0.5832
epoch=6 step=434050 train_loss=0.5635
epoch=6 step=434100 train_loss=0.5655
epoch=6 step=434150 train_loss=0.5659
epoch=6 step=434200 train_loss=0.5718
epoch=6 step=434250 train_loss=0.6109
epoch=6 step=434300 train_loss=0.5485
epoch=6 step=434350 train_loss=0.6376
epoch=6 step=434400 train_loss=0.5500
epoch=6 step=434450 train_loss=0.5985
epoch=6 step=434500 train_loss=0.6264
[eval] step=434500 train=0.5635 val=0.5876
epoch=6 step=434550 train_loss=0.5953
epoch=6 step=434600 train_loss=0.5376
epoch=6 step=434650 train_loss=0.5674
epoch=6 step=434700 train_loss=0.5567
epoch=6 step=434750 train_loss=0.5670
epoch=6 step=434800 train_loss=0.5671
epoch=6 step=434850 train_loss=0.5417
epoch=6 step=434900 train_loss=0.5666
epoch=6 step=434950 train_loss=0.5680
epoch=6 step=435000 train_loss=0.5374
[eval] step=435000 train=0.5704 val=0.5865
epoch=6 step=435050 train_loss=0.5989
epoch=6 step=435100 train_loss=0.5862
epoch=6 step=435150 train_loss=0.5560
epoch=6 step=435200 train_loss=0.5359
epoch=6 step=435250 train_loss=0.5644
epoch=6 step=435300 train_loss=0.6045
epoch=6 step=435350 train_loss=0.5707
epoch=6 step=435400 train_loss=0.5474
epoch=6 step=435450 train_loss=0.5705
epoch=6 step=435500 train_loss=0.5742
[eval] step=435500 train=0.5743 val=0.5776
saved best checkpoint to out-battery/best_ckpt.pt
epoch=6 step=435550 train_loss=0.5509
epoch=6 step=435600 train_loss=0.5707
epoch=6 step=435650 train_loss=0.5555
epoch=6 step=435700 train_loss=0.5379
epoch=6 step=435750 train_loss=0.5334
epoch=6 step=435800 train_loss=0.5890
epoch=6 step=435850 train_loss=0.5866
epoch=6 step=435900 train_loss=0.5934
epoch=6 step=435950 train_loss=0.5752
epoch=6 step=436000 train_loss=0.5370
[eval] step=436000 train=0.5669 val=0.5900
epoch=6 step=436050 train_loss=0.5297
epoch=6 step=436100 train_loss=0.5537
epoch=6 step=436150 train_loss=0.5711
epoch=6 step=436200 train_loss=0.5840
epoch=6 step=436250 train_loss=0.5737
epoch=6 step=436300 train_loss=0.5317
epoch=6 step=436350 train_loss=0.5718
epoch=6 step=436400 train_loss=0.5210
epoch=6 step=436450 train_loss=0.6133
epoch=6 step=436500 train_loss=0.5904
[eval] step=436500 train=0.5613 val=0.5820
epoch=6 step=436550 train_loss=0.5422
epoch=6 step=436600 train_loss=0.5668
epoch=6 step=436650 train_loss=0.5726
epoch=6 step=436700 train_loss=0.6015
epoch=6 step=436750 train_loss=0.5499
epoch=6 step=436800 train_loss=0.5925
epoch=6 step=436850 train_loss=0.5845
epoch=6 step=436900 train_loss=0.4994
epoch=6 step=436950 train_loss=0.5445
epoch=6 step=437000 train_loss=0.5540
[eval] step=437000 train=0.5663 val=0.5881
epoch=6 step=437050 train_loss=0.6305
epoch=6 step=437100 train_loss=0.5439
epoch=6 step=437150 train_loss=0.5231
epoch=6 step=437200 train_loss=0.5608
epoch=6 step=437250 train_loss=0.5570
epoch=6 step=437300 train_loss=0.5623
epoch=6 step=437350 train_loss=0.5547
epoch=6 step=437400 train_loss=0.5665
epoch=6 step=437450 train_loss=0.5966
epoch=6 step=437500 train_loss=0.6007
[eval] step=437500 train=0.5670 val=0.5838
epoch=6 step=437550 train_loss=0.5630
epoch=6 step=437600 train_loss=0.5398
epoch=6 step=437650 train_loss=0.5949
epoch=6 step=437700 train_loss=0.5836
epoch=6 step=437750 train_loss=0.5667
epoch=6 step=437800 train_loss=0.5376
epoch=6 step=437850 train_loss=0.5835
epoch=6 step=437900 train_loss=0.5755
epoch=6 step=437950 train_loss=0.5521
epoch=6 step=438000 train_loss=0.6970
[eval] step=438000 train=0.5791 val=0.5821
epoch=6 step=438050 train_loss=0.5733
epoch=6 step=438100 train_loss=0.5496
epoch=6 step=438150 train_loss=0.5638
epoch=6 step=438200 train_loss=0.5761
epoch=6 step=438250 train_loss=0.5898
epoch=6 step=438300 train_loss=0.6164
epoch=6 step=438350 train_loss=0.6048
epoch=6 step=438400 train_loss=0.6003
epoch=6 step=438450 train_loss=0.5075
epoch=6 step=438500 train_loss=0.5628
[eval] step=438500 train=0.5684 val=0.5799
epoch=6 step=438550 train_loss=0.5212
epoch=6 step=438600 train_loss=0.5602
epoch=6 step=438650 train_loss=0.5737
epoch=6 step=438700 train_loss=0.5644
epoch=6 step=438750 train_loss=0.5866
epoch=6 step=438800 train_loss=0.5617
epoch=6 step=438850 train_loss=0.5491
epoch=6 step=438900 train_loss=0.5955
epoch=6 step=438950 train_loss=0.5631
epoch=6 step=439000 train_loss=0.5915
[eval] step=439000 train=0.5675 val=0.5867
epoch=6 step=439050 train_loss=0.5472
epoch=6 step=439100 train_loss=0.5343
epoch=6 step=439150 train_loss=0.5534
epoch=6 step=439200 train_loss=0.5731
epoch=6 step=439250 train_loss=0.5555
epoch=6 step=439300 train_loss=0.5106
epoch=6 step=439350 train_loss=0.5812
epoch=6 step=439400 train_loss=0.5744
epoch=6 step=439450 train_loss=0.5847
epoch=6 step=439500 train_loss=0.5687
[eval] step=439500 train=0.5663 val=0.5862
epoch=6 step=439550 train_loss=0.6028
epoch=6 step=439600 train_loss=0.6203
epoch=6 step=439650 train_loss=0.5800
epoch=6 step=439700 train_loss=0.5390
epoch=6 step=439750 train_loss=0.5498
epoch=6 step=439800 train_loss=0.5579
epoch=6 step=439850 train_loss=0.5970
epoch=6 step=439900 train_loss=0.5303
epoch=6 step=439950 train_loss=0.5762
epoch=6 step=440000 train_loss=0.5646
[eval] step=440000 train=0.5602 val=0.5883
epoch=6 step=440050 train_loss=0.5809
epoch=6 step=440100 train_loss=0.5819
epoch=6 step=440150 train_loss=0.5977
epoch=6 step=440200 train_loss=0.5998
epoch=6 step=440250 train_loss=0.5966
epoch=6 step=440300 train_loss=0.5723
epoch=6 step=440350 train_loss=0.5131
epoch=6 step=440400 train_loss=0.6132
epoch=6 step=440450 train_loss=0.5390
epoch=6 step=440500 train_loss=0.5979
[eval] step=440500 train=0.5564 val=0.5872
epoch=6 step=440550 train_loss=0.5874
epoch=6 step=440600 train_loss=0.5887
epoch=6 step=440650 train_loss=0.5798
epoch=6 step=440700 train_loss=0.5576
epoch=6 step=440750 train_loss=0.6037
epoch=6 step=440800 train_loss=0.5247
epoch=6 step=440850 train_loss=0.5318
epoch=6 step=440900 train_loss=0.5503
epoch=6 step=440950 train_loss=0.6216
epoch=6 step=441000 train_loss=0.5563
[eval] step=441000 train=0.5638 val=0.5876
epoch=6 step=441050 train_loss=0.5676
epoch=6 step=441100 train_loss=0.6240
epoch=6 step=441150 train_loss=0.5711
epoch=6 step=441200 train_loss=0.5630
epoch=6 step=441250 train_loss=0.5815
epoch=6 step=441300 train_loss=0.5920
epoch=6 step=441350 train_loss=0.5550
epoch=6 step=441400 train_loss=0.5995
epoch=6 step=441450 train_loss=0.5745
epoch=6 step=441500 train_loss=0.5939
[eval] step=441500 train=0.5686 val=0.5883
epoch=6 step=441550 train_loss=0.5847
epoch=6 step=441600 train_loss=0.5805
epoch=6 step=441650 train_loss=0.5916
epoch=6 step=441700 train_loss=0.5201
epoch=6 step=441750 train_loss=0.5731
epoch=6 step=441800 train_loss=0.6225
epoch=6 step=441850 train_loss=0.5520
epoch=6 step=441900 train_loss=0.5609
epoch=6 step=441950 train_loss=0.5946
epoch=6 step=442000 train_loss=0.5727
[eval] step=442000 train=0.5713 val=0.5806
epoch=6 step=442050 train_loss=0.6149
epoch=6 step=442100 train_loss=0.5849
epoch=6 step=442150 train_loss=0.5599
epoch=6 step=442200 train_loss=0.5898
epoch=6 step=442250 train_loss=0.5367
epoch=6 step=442300 train_loss=0.5754
epoch=6 step=442350 train_loss=0.5776
epoch=6 step=442400 train_loss=0.5424
epoch=6 step=442450 train_loss=0.5347
epoch=6 step=442500 train_loss=0.5678
[eval] step=442500 train=0.5490 val=0.5815
epoch=6 step=442550 train_loss=0.5422
epoch=6 step=442600 train_loss=0.5124
epoch=6 step=442650 train_loss=0.6071
epoch=6 step=442700 train_loss=0.5792
epoch=6 step=442750 train_loss=0.6063
epoch=6 step=442800 train_loss=0.6089
epoch=6 step=442850 train_loss=0.6552
epoch=6 step=442900 train_loss=0.5467
epoch=6 step=442950 train_loss=0.5728
epoch=6 step=443000 train_loss=0.5394
[eval] step=443000 train=0.5747 val=0.5850
epoch=6 step=443050 train_loss=0.5427
epoch=6 step=443100 train_loss=0.5287
epoch=6 step=443150 train_loss=0.5801
epoch=6 step=443200 train_loss=0.5857
epoch=6 step=443250 train_loss=0.5639
epoch=6 step=443300 train_loss=0.5276
epoch=6 step=443350 train_loss=0.6000
epoch=6 step=443400 train_loss=0.5505
epoch=6 step=443450 train_loss=0.5865
epoch=6 step=443500 train_loss=0.5241
[eval] step=443500 train=0.5751 val=0.6014
epoch=6 step=443550 train_loss=0.5360
epoch=6 step=443600 train_loss=0.5657
epoch=6 step=443650 train_loss=0.5993
epoch=6 step=443700 train_loss=0.6008
epoch=6 step=443750 train_loss=0.6035
epoch=6 step=443800 train_loss=0.6207
epoch=6 step=443850 train_loss=0.5628
epoch=6 step=443900 train_loss=0.5532
epoch=6 step=443950 train_loss=0.5653
epoch=6 step=444000 train_loss=0.6031
[eval] step=444000 train=0.5734 val=0.5883
epoch=6 step=444050 train_loss=0.5981
epoch=6 step=444100 train_loss=0.5950
epoch=6 step=444150 train_loss=0.5396
epoch=6 step=444200 train_loss=0.5694
epoch=6 step=444250 train_loss=0.5940
epoch=6 step=444300 train_loss=0.6091
epoch=7 step=444350 train_loss=0.6047
epoch=7 step=444400 train_loss=0.5407
epoch=7 step=444450 train_loss=0.5995
epoch=7 step=444500 train_loss=0.5525
[eval] step=444500 train=0.5661 val=0.5858
epoch=7 step=444550 train_loss=0.5395
epoch=7 step=444600 train_loss=0.6084
epoch=7 step=444650 train_loss=0.5582
epoch=7 step=444700 train_loss=0.6211
epoch=7 step=444750 train_loss=0.5406
epoch=7 step=444800 train_loss=0.5588
epoch=7 step=444850 train_loss=0.5478
epoch=7 step=444900 train_loss=0.5485
epoch=7 step=444950 train_loss=0.5707
epoch=7 step=445000 train_loss=0.6079
[eval] step=445000 train=0.5634 val=0.5825
epoch=7 step=445050 train_loss=0.5262
epoch=7 step=445100 train_loss=0.5492
epoch=7 step=445150 train_loss=0.5670
epoch=7 step=445200 train_loss=0.5475
epoch=7 step=445250 train_loss=0.5855
epoch=7 step=445300 train_loss=0.6212
epoch=7 step=445350 train_loss=0.5801
epoch=7 step=445400 train_loss=0.5652
epoch=7 step=445450 train_loss=0.6084
epoch=7 step=445500 train_loss=0.5708
[eval] step=445500 train=0.5644 val=0.5845
epoch=7 step=445550 train_loss=0.5408
epoch=7 step=445600 train_loss=0.5318
epoch=7 step=445650 train_loss=0.6211
epoch=7 step=445700 train_loss=0.5610
epoch=7 step=445750 train_loss=0.5816
epoch=7 step=445800 train_loss=0.6063
epoch=7 step=445850 train_loss=0.5755
epoch=7 step=445900 train_loss=0.5306
epoch=7 step=445950 train_loss=0.5536
epoch=7 step=446000 train_loss=0.5488
[eval] step=446000 train=0.5732 val=0.5819
epoch=7 step=446050 train_loss=0.5792
epoch=7 step=446100 train_loss=0.5470
epoch=7 step=446150 train_loss=0.5873
epoch=7 step=446200 train_loss=0.6114
epoch=7 step=446250 train_loss=0.5378
epoch=7 step=446300 train_loss=0.5563
epoch=7 step=446350 train_loss=0.5478
epoch=7 step=446400 train_loss=0.5681
epoch=7 step=446450 train_loss=0.5489
epoch=7 step=446500 train_loss=0.6073
[eval] step=446500 train=0.5700 val=0.5923
epoch=7 step=446550 train_loss=0.5788
epoch=7 step=446600 train_loss=0.5527
epoch=7 step=446650 train_loss=0.6043
epoch=7 step=446700 train_loss=0.5116
epoch=7 step=446750 train_loss=0.5729
epoch=7 step=446800 train_loss=0.5660
epoch=7 step=446850 train_loss=0.6113
epoch=7 step=446900 train_loss=0.5650
epoch=7 step=446950 train_loss=0.5680
epoch=7 step=447000 train_loss=0.6284
[eval] step=447000 train=0.5657 val=0.5838
epoch=7 step=447050 train_loss=0.5621
epoch=7 step=447100 train_loss=0.5305
epoch=7 step=447150 train_loss=0.5910
epoch=7 step=447200 train_loss=0.5444
epoch=7 step=447250 train_loss=0.5485
epoch=7 step=447300 train_loss=0.5918
epoch=7 step=447350 train_loss=0.5689
epoch=7 step=447400 train_loss=0.5541
epoch=7 step=447450 train_loss=0.6907
epoch=7 step=447500 train_loss=0.5490
[eval] step=447500 train=0.5670 val=0.5872
epoch=7 step=447550 train_loss=0.5593
epoch=7 step=447600 train_loss=0.5822
epoch=7 step=447650 train_loss=0.5732
epoch=7 step=447700 train_loss=0.5939
epoch=7 step=447750 train_loss=0.5298
epoch=7 step=447800 train_loss=0.5370
epoch=7 step=447850 train_loss=0.5543
epoch=7 step=447900 train_loss=0.5665
epoch=7 step=447950 train_loss=0.5814
epoch=7 step=448000 train_loss=0.5501
[eval] step=448000 train=0.5609 val=0.5844
epoch=7 step=448050 train_loss=0.5731
epoch=7 step=448100 train_loss=0.5732
epoch=7 step=448150 train_loss=0.5952
epoch=7 step=448200 train_loss=0.5909
epoch=7 step=448250 train_loss=0.5757
epoch=7 step=448300 train_loss=0.5651
epoch=7 step=448350 train_loss=0.5750
epoch=7 step=448400 train_loss=0.5504
epoch=7 step=448450 train_loss=0.5586
epoch=7 step=448500 train_loss=0.5632
[eval] step=448500 train=0.5616 val=0.5830
epoch=7 step=448550 train_loss=0.5548
epoch=7 step=448600 train_loss=0.5857
epoch=7 step=448650 train_loss=0.5660
epoch=7 step=448700 train_loss=0.5590
epoch=7 step=448750 train_loss=0.5429
epoch=7 step=448800 train_loss=0.5487
epoch=7 step=448850 train_loss=0.5896
epoch=7 step=448900 train_loss=0.5872
epoch=7 step=448950 train_loss=0.5690
epoch=7 step=449000 train_loss=0.5826
[eval] step=449000 train=0.5720 val=0.5837
epoch=7 step=449050 train_loss=0.5633
epoch=7 step=449100 train_loss=0.5947
epoch=7 step=449150 train_loss=0.5621
epoch=7 step=449200 train_loss=0.5710
epoch=7 step=449250 train_loss=0.5733
epoch=7 step=449300 train_loss=0.5801
epoch=7 step=449350 train_loss=0.5985
epoch=7 step=449400 train_loss=0.5630
epoch=7 step=449450 train_loss=0.5812
epoch=7 step=449500 train_loss=0.5403
[eval] step=449500 train=0.5710 val=0.5836
epoch=7 step=449550 train_loss=0.5303
epoch=7 step=449600 train_loss=0.5574
epoch=7 step=449650 train_loss=0.6113
epoch=7 step=449700 train_loss=0.5933
epoch=7 step=449750 train_loss=0.5788
epoch=7 step=449800 train_loss=0.5885
epoch=7 step=449850 train_loss=0.5718
epoch=7 step=449900 train_loss=0.6085
epoch=7 step=449950 train_loss=0.5794
epoch=7 step=450000 train_loss=0.5672
[eval] step=450000 train=0.5682 val=0.5841
epoch=7 step=450050 train_loss=0.5846
epoch=7 step=450100 train_loss=0.5597
epoch=7 step=450150 train_loss=0.5114
epoch=7 step=450200 train_loss=0.5615
epoch=7 step=450250 train_loss=0.6056
epoch=7 step=450300 train_loss=0.5590
epoch=7 step=450350 train_loss=0.5695
epoch=7 step=450400 train_loss=0.5425
epoch=7 step=450450 train_loss=0.5939
epoch=7 step=450500 train_loss=0.5418
[eval] step=450500 train=0.5720 val=0.5811
epoch=7 step=450550 train_loss=0.6143
epoch=7 step=450600 train_loss=0.5628
epoch=7 step=450650 train_loss=0.5977
epoch=7 step=450700 train_loss=0.6110
epoch=7 step=450750 train_loss=0.5940
epoch=7 step=450800 train_loss=0.5578
epoch=7 step=450850 train_loss=0.5778
epoch=7 step=450900 train_loss=0.5713
epoch=7 step=450950 train_loss=0.5800
epoch=7 step=451000 train_loss=0.5422
[eval] step=451000 train=0.5627 val=0.5847
epoch=7 step=451050 train_loss=0.6383
epoch=7 step=451100 train_loss=0.5689
epoch=7 step=451150 train_loss=0.5666
epoch=7 step=451200 train_loss=0.5586
epoch=7 step=451250 train_loss=0.5508
epoch=7 step=451300 train_loss=0.6258
epoch=7 step=451350 train_loss=0.5815
epoch=7 step=451400 train_loss=0.5842
epoch=7 step=451450 train_loss=0.5519
epoch=7 step=451500 train_loss=0.5993
[eval] step=451500 train=0.5557 val=0.5841
epoch=7 step=451550 train_loss=0.5455
epoch=7 step=451600 train_loss=0.5785
epoch=7 step=451650 train_loss=0.5955
epoch=7 step=451700 train_loss=0.5594
epoch=7 step=451750 train_loss=0.5793
epoch=7 step=451800 train_loss=0.5582
epoch=7 step=451850 train_loss=0.5669
epoch=7 step=451900 train_loss=0.5807
epoch=7 step=451950 train_loss=0.5786
epoch=7 step=452000 train_loss=0.5689
[eval] step=452000 train=0.5790 val=0.5858
epoch=7 step=452050 train_loss=0.5748
epoch=7 step=452100 train_loss=0.5460
epoch=7 step=452150 train_loss=0.5638
epoch=7 step=452200 train_loss=0.5712
epoch=7 step=452250 train_loss=0.5879
epoch=7 step=452300 train_loss=0.6011
epoch=7 step=452350 train_loss=0.5792
epoch=7 step=452400 train_loss=0.6290
epoch=7 step=452450 train_loss=0.5560
epoch=7 step=452500 train_loss=0.5622
[eval] step=452500 train=0.5660 val=0.5848
epoch=7 step=452550 train_loss=0.6078
epoch=7 step=452600 train_loss=0.6148
epoch=7 step=452650 train_loss=0.6020
epoch=7 step=452700 train_loss=0.5920
epoch=7 step=452750 train_loss=0.6107
epoch=7 step=452800 train_loss=0.5662
epoch=7 step=452850 train_loss=0.5263
epoch=7 step=452900 train_loss=0.5614
epoch=7 step=452950 train_loss=0.5261
epoch=7 step=453000 train_loss=0.5942
[eval] step=453000 train=0.5706 val=0.5817
epoch=7 step=453050 train_loss=0.5215
epoch=7 step=453100 train_loss=0.5863
epoch=7 step=453150 train_loss=0.5395
epoch=7 step=453200 train_loss=0.5723
epoch=7 step=453250 train_loss=0.5467
epoch=7 step=453300 train_loss=0.5596
epoch=7 step=453350 train_loss=0.5876
epoch=7 step=453400 train_loss=0.6368
epoch=7 step=453450 train_loss=0.5267
epoch=7 step=453500 train_loss=0.5684
[eval] step=453500 train=0.5654 val=0.5870
epoch=7 step=453550 train_loss=0.5857
epoch=7 step=453600 train_loss=0.5581
epoch=7 step=453650 train_loss=0.5753
epoch=7 step=453700 train_loss=0.6095
epoch=7 step=453750 train_loss=0.5752
epoch=7 step=453800 train_loss=0.5785
epoch=7 step=453850 train_loss=0.5568
epoch=7 step=453900 train_loss=0.5715
epoch=7 step=453950 train_loss=0.6007
epoch=7 step=454000 train_loss=0.5756
[eval] step=454000 train=0.5774 val=0.5846
epoch=7 step=454050 train_loss=0.5711
epoch=7 step=454100 train_loss=0.5247
epoch=7 step=454150 train_loss=0.5677
epoch=7 step=454200 train_loss=0.5622
epoch=7 step=454250 train_loss=0.5478
epoch=7 step=454300 train_loss=0.5816
epoch=7 step=454350 train_loss=0.6757
epoch=7 step=454400 train_loss=0.5755
epoch=7 step=454450 train_loss=0.5776
epoch=7 step=454500 train_loss=0.5427
[eval] step=454500 train=0.5712 val=0.5782
epoch=7 step=454550 train_loss=0.5532
epoch=7 step=454600 train_loss=0.5408
epoch=7 step=454650 train_loss=0.5673
epoch=7 step=454700 train_loss=0.5611
epoch=7 step=454750 train_loss=0.5815
epoch=7 step=454800 train_loss=0.6016
epoch=7 step=454850 train_loss=0.6008
epoch=7 step=454900 train_loss=0.5414
epoch=7 step=454950 train_loss=0.5664
epoch=7 step=455000 train_loss=0.5800
[eval] step=455000 train=0.5713 val=0.5855
epoch=7 step=455050 train_loss=0.5994
epoch=7 step=455100 train_loss=0.5725
epoch=7 step=455150 train_loss=0.5689
epoch=7 step=455200 train_loss=0.5545
epoch=7 step=455250 train_loss=0.5415
epoch=7 step=455300 train_loss=0.5344
epoch=7 step=455350 train_loss=0.6090
epoch=7 step=455400 train_loss=0.5923
epoch=7 step=455450 train_loss=0.5636
epoch=7 step=455500 train_loss=0.5453
[eval] step=455500 train=0.5715 val=0.5893
epoch=7 step=455550 train_loss=0.5926
epoch=7 step=455600 train_loss=0.5735
epoch=7 step=455650 train_loss=0.5634
epoch=7 step=455700 train_loss=0.5952
epoch=7 step=455750 train_loss=0.5681
epoch=7 step=455800 train_loss=0.5553
epoch=7 step=455850 train_loss=0.5570
epoch=7 step=455900 train_loss=0.5838
epoch=7 step=455950 train_loss=0.5803
epoch=7 step=456000 train_loss=0.5341
[eval] step=456000 train=0.5628 val=0.5877
epoch=7 step=456050 train_loss=0.6188
epoch=7 step=456100 train_loss=0.6163
epoch=7 step=456150 train_loss=0.5720
epoch=7 step=456200 train_loss=0.5533
epoch=7 step=456250 train_loss=0.5251
epoch=7 step=456300 train_loss=0.5463
epoch=7 step=456350 train_loss=0.5426
epoch=7 step=456400 train_loss=0.6047
epoch=7 step=456450 train_loss=0.5797
epoch=7 step=456500 train_loss=0.5890
[eval] step=456500 train=0.5582 val=0.5844
epoch=7 step=456550 train_loss=0.5671
epoch=7 step=456600 train_loss=0.5593
epoch=7 step=456650 train_loss=0.5646
epoch=7 step=456700 train_loss=0.5710
epoch=7 step=456750 train_loss=0.5934
epoch=7 step=456800 train_loss=0.5768
epoch=7 step=456850 train_loss=0.5560
epoch=7 step=456900 train_loss=0.5545
epoch=7 step=456950 train_loss=0.5589
epoch=7 step=457000 train_loss=0.5890
[eval] step=457000 train=0.5627 val=0.5826
epoch=7 step=457050 train_loss=0.6234
epoch=7 step=457100 train_loss=0.5999
epoch=7 step=457150 train_loss=0.5529
epoch=7 step=457200 train_loss=0.5696
epoch=7 step=457250 train_loss=0.5930
epoch=7 step=457300 train_loss=0.5741
epoch=7 step=457350 train_loss=0.5843
epoch=7 step=457400 train_loss=0.5810
epoch=7 step=457450 train_loss=0.5575
epoch=7 step=457500 train_loss=0.5879
[eval] step=457500 train=0.5713 val=0.5855
epoch=7 step=457550 train_loss=0.5876
epoch=7 step=457600 train_loss=0.5980
epoch=7 step=457650 train_loss=0.5619
epoch=7 step=457700 train_loss=0.5392
epoch=7 step=457750 train_loss=0.6616
epoch=7 step=457800 train_loss=0.6147
epoch=7 step=457850 train_loss=0.5729
epoch=7 step=457900 train_loss=0.5231
epoch=7 step=457950 train_loss=0.6058
epoch=7 step=458000 train_loss=0.5476
[eval] step=458000 train=0.5654 val=0.5844
epoch=7 step=458050 train_loss=0.5868
epoch=7 step=458100 train_loss=0.5770
epoch=7 step=458150 train_loss=0.5229
epoch=7 step=458200 train_loss=0.5736
epoch=7 step=458250 train_loss=0.5633
epoch=7 step=458300 train_loss=0.5524
epoch=7 step=458350 train_loss=0.5692
epoch=7 step=458400 train_loss=0.5436
epoch=7 step=458450 train_loss=0.5784
epoch=7 step=458500 train_loss=0.5497
[eval] step=458500 train=0.5664 val=0.5826
epoch=7 step=458550 train_loss=0.5694
epoch=7 step=458600 train_loss=0.5448
epoch=7 step=458650 train_loss=0.6448
epoch=7 step=458700 train_loss=0.5778
epoch=7 step=458750 train_loss=0.5488
epoch=7 step=458800 train_loss=0.5833
epoch=7 step=458850 train_loss=0.5641
epoch=7 step=458900 train_loss=0.5970
epoch=7 step=458950 train_loss=0.5820
epoch=7 step=459000 train_loss=0.5329
[eval] step=459000 train=0.5764 val=0.5927
epoch=7 step=459050 train_loss=0.6649
epoch=7 step=459100 train_loss=0.5755
epoch=7 step=459150 train_loss=0.5639
epoch=7 step=459200 train_loss=0.5806
epoch=7 step=459250 train_loss=0.5384
epoch=7 step=459300 train_loss=0.5707
epoch=7 step=459350 train_loss=0.5619
epoch=7 step=459400 train_loss=0.5309
epoch=7 step=459450 train_loss=0.5716
epoch=7 step=459500 train_loss=0.6036
[eval] step=459500 train=0.5608 val=0.5906
epoch=7 step=459550 train_loss=0.6351
epoch=7 step=459600 train_loss=0.5359
epoch=7 step=459650 train_loss=0.5916
epoch=7 step=459700 train_loss=0.5556
epoch=7 step=459750 train_loss=0.5731
epoch=7 step=459800 train_loss=0.5701
epoch=7 step=459850 train_loss=0.5682
epoch=7 step=459900 train_loss=0.6307
epoch=7 step=459950 train_loss=0.6107
epoch=7 step=460000 train_loss=0.6084
[eval] step=460000 train=0.5625 val=0.5832
epoch=7 step=460050 train_loss=0.5717
epoch=7 step=460100 train_loss=0.5728
epoch=7 step=460150 train_loss=0.5710
epoch=7 step=460200 train_loss=0.6219
epoch=7 step=460250 train_loss=0.5605
epoch=7 step=460300 train_loss=0.5767
epoch=7 step=460350 train_loss=0.5737
epoch=7 step=460400 train_loss=0.5975
epoch=7 step=460450 train_loss=0.5536
epoch=7 step=460500 train_loss=0.5858
[eval] step=460500 train=0.5669 val=0.5840
epoch=7 step=460550 train_loss=0.5662
epoch=7 step=460600 train_loss=0.5520
epoch=7 step=460650 train_loss=0.5433
epoch=7 step=460700 train_loss=0.5705
epoch=7 step=460750 train_loss=0.5539
epoch=7 step=460800 train_loss=0.5645
epoch=7 step=460850 train_loss=0.6086
epoch=7 step=460900 train_loss=0.5965
epoch=7 step=460950 train_loss=0.5947
epoch=7 step=461000 train_loss=0.5671
[eval] step=461000 train=0.5695 val=0.5886
epoch=7 step=461050 train_loss=0.5839
epoch=7 step=461100 train_loss=0.5524
epoch=7 step=461150 train_loss=0.5466
epoch=7 step=461200 train_loss=0.5755
epoch=7 step=461250 train_loss=0.6051
epoch=7 step=461300 train_loss=0.6052
epoch=7 step=461350 train_loss=0.5786
epoch=7 step=461400 train_loss=0.5754
epoch=7 step=461450 train_loss=0.5819
epoch=7 step=461500 train_loss=0.5781
[eval] step=461500 train=0.5748 val=0.5837
epoch=7 step=461550 train_loss=0.6118
epoch=7 step=461600 train_loss=0.5910
epoch=7 step=461650 train_loss=0.5699
epoch=7 step=461700 train_loss=0.5792
epoch=7 step=461750 train_loss=0.5865
epoch=7 step=461800 train_loss=0.6163
epoch=7 step=461850 train_loss=0.5918
epoch=7 step=461900 train_loss=0.5756
epoch=7 step=461950 train_loss=0.5975
epoch=7 step=462000 train_loss=0.5703
[eval] step=462000 train=0.5616 val=0.5824
epoch=7 step=462050 train_loss=0.5512
epoch=7 step=462100 train_loss=0.5863
epoch=7 step=462150 train_loss=0.5959
epoch=7 step=462200 train_loss=0.5776
epoch=7 step=462250 train_loss=0.5195
epoch=7 step=462300 train_loss=0.6010
epoch=7 step=462350 train_loss=0.5712
epoch=7 step=462400 train_loss=0.5269
epoch=7 step=462450 train_loss=0.5971
epoch=7 step=462500 train_loss=0.5447
[eval] step=462500 train=0.5591 val=0.5862
epoch=7 step=462550 train_loss=0.5469
epoch=7 step=462600 train_loss=0.5750
epoch=7 step=462650 train_loss=0.5716
epoch=7 step=462700 train_loss=0.6234
epoch=7 step=462750 train_loss=0.5782
epoch=7 step=462800 train_loss=0.5873
epoch=7 step=462850 train_loss=0.5456
epoch=7 step=462900 train_loss=0.5934
epoch=7 step=462950 train_loss=0.5801
epoch=7 step=463000 train_loss=0.6215
[eval] step=463000 train=0.5748 val=0.5874
epoch=7 step=463050 train_loss=0.6011
epoch=7 step=463100 train_loss=0.6132
epoch=7 step=463150 train_loss=0.5537
epoch=7 step=463200 train_loss=0.6379
epoch=7 step=463250 train_loss=0.5529
epoch=7 step=463300 train_loss=0.5563
epoch=7 step=463350 train_loss=0.5278
epoch=7 step=463400 train_loss=0.6239
epoch=7 step=463450 train_loss=0.6279
epoch=7 step=463500 train_loss=0.5599
[eval] step=463500 train=0.5666 val=0.5818
epoch=7 step=463550 train_loss=0.5843
epoch=7 step=463600 train_loss=0.5725
epoch=7 step=463650 train_loss=0.5373
epoch=7 step=463700 train_loss=0.5566
epoch=7 step=463750 train_loss=0.5741
epoch=7 step=463800 train_loss=0.5402
epoch=7 step=463850 train_loss=0.6023
epoch=7 step=463900 train_loss=0.5625
epoch=7 step=463950 train_loss=0.6388
epoch=7 step=464000 train_loss=0.5353
[eval] step=464000 train=0.5591 val=0.5822
epoch=7 step=464050 train_loss=0.5432
epoch=7 step=464100 train_loss=0.6134
epoch=7 step=464150 train_loss=0.6216
epoch=7 step=464200 train_loss=0.5444
epoch=7 step=464250 train_loss=0.5631
epoch=7 step=464300 train_loss=0.6046
epoch=7 step=464350 train_loss=0.5817
epoch=7 step=464400 train_loss=0.5515
epoch=7 step=464450 train_loss=0.5724
epoch=7 step=464500 train_loss=0.5671
[eval] step=464500 train=0.5696 val=0.5833
epoch=7 step=464550 train_loss=0.5724
epoch=7 step=464600 train_loss=0.5914
epoch=7 step=464650 train_loss=0.5199
epoch=7 step=464700 train_loss=0.5030
epoch=7 step=464750 train_loss=0.5258
epoch=7 step=464800 train_loss=0.6221
epoch=7 step=464850 train_loss=0.5486
epoch=7 step=464900 train_loss=0.5784
epoch=7 step=464950 train_loss=0.5917
epoch=7 step=465000 train_loss=0.5261
[eval] step=465000 train=0.5606 val=0.5829
epoch=7 step=465050 train_loss=0.5742
epoch=7 step=465100 train_loss=0.5543
epoch=7 step=465150 train_loss=0.5768
epoch=7 step=465200 train_loss=0.5542
epoch=7 step=465250 train_loss=0.5819
epoch=7 step=465300 train_loss=0.5383
epoch=7 step=465350 train_loss=0.5864
epoch=7 step=465400 train_loss=0.5741
epoch=7 step=465450 train_loss=0.5784
epoch=7 step=465500 train_loss=0.5437
[eval] step=465500 train=0.5644 val=0.5827
epoch=7 step=465550 train_loss=0.5572
epoch=7 step=465600 train_loss=0.6699
epoch=7 step=465650 train_loss=0.6141
epoch=7 step=465700 train_loss=0.5980
epoch=7 step=465750 train_loss=0.5951
epoch=7 step=465800 train_loss=0.6332
epoch=7 step=465850 train_loss=0.5802
epoch=7 step=465900 train_loss=0.5932
epoch=7 step=465950 train_loss=0.5919
epoch=7 step=466000 train_loss=0.5855
[eval] step=466000 train=0.5588 val=0.5860
epoch=7 step=466050 train_loss=0.6271
epoch=7 step=466100 train_loss=0.6017
epoch=7 step=466150 train_loss=0.5928
epoch=7 step=466200 train_loss=0.5872
epoch=7 step=466250 train_loss=0.6143
epoch=7 step=466300 train_loss=0.5862
epoch=7 step=466350 train_loss=0.5632
epoch=7 step=466400 train_loss=0.5999
epoch=7 step=466450 train_loss=0.5681
epoch=7 step=466500 train_loss=0.5828
[eval] step=466500 train=0.5628 val=0.5865
epoch=7 step=466550 train_loss=0.6414
epoch=7 step=466600 train_loss=0.5506
epoch=7 step=466650 train_loss=0.5556
epoch=7 step=466700 train_loss=0.6163
epoch=7 step=466750 train_loss=0.5629
epoch=7 step=466800 train_loss=0.5904
epoch=7 step=466850 train_loss=0.5599
epoch=7 step=466900 train_loss=0.5801
epoch=7 step=466950 train_loss=0.5377
epoch=7 step=467000 train_loss=0.5643
[eval] step=467000 train=0.5662 val=0.5794
epoch=7 step=467050 train_loss=0.5539
epoch=7 step=467100 train_loss=0.5567
epoch=7 step=467150 train_loss=0.5794
epoch=7 step=467200 train_loss=0.5827
epoch=7 step=467250 train_loss=0.5733
epoch=7 step=467300 train_loss=0.5748
epoch=7 step=467350 train_loss=0.5430
epoch=7 step=467400 train_loss=0.5777
epoch=7 step=467450 train_loss=0.5833
epoch=7 step=467500 train_loss=0.6082
[eval] step=467500 train=0.5711 val=0.5853
epoch=7 step=467550 train_loss=0.5806
epoch=7 step=467600 train_loss=0.5766
epoch=7 step=467650 train_loss=0.5570
epoch=7 step=467700 train_loss=0.5485
epoch=7 step=467750 train_loss=0.5920
epoch=7 step=467800 train_loss=0.6095
epoch=7 step=467850 train_loss=0.5438
epoch=7 step=467900 train_loss=0.5659
epoch=7 step=467950 train_loss=0.6312
epoch=7 step=468000 train_loss=0.5565
[eval] step=468000 train=0.5635 val=0.5888
epoch=7 step=468050 train_loss=0.5061
epoch=7 step=468100 train_loss=0.5652
epoch=7 step=468150 train_loss=0.5573
epoch=7 step=468200 train_loss=0.5251
epoch=7 step=468250 train_loss=0.5612
epoch=7 step=468300 train_loss=0.5700
epoch=7 step=468350 train_loss=0.5427
epoch=7 step=468400 train_loss=0.5762
epoch=7 step=468450 train_loss=0.5625
epoch=7 step=468500 train_loss=0.5443
[eval] step=468500 train=0.5717 val=0.5815
epoch=7 step=468550 train_loss=0.5767
epoch=7 step=468600 train_loss=0.5563
epoch=7 step=468650 train_loss=0.5571
epoch=7 step=468700 train_loss=0.5714
epoch=7 step=468750 train_loss=0.5436
epoch=7 step=468800 train_loss=0.5954
epoch=7 step=468850 train_loss=0.5615
epoch=7 step=468900 train_loss=0.5576
epoch=7 step=468950 train_loss=0.5907
epoch=7 step=469000 train_loss=0.6427
[eval] step=469000 train=0.5637 val=0.5842
epoch=7 step=469050 train_loss=0.5690
epoch=7 step=469100 train_loss=0.5462
epoch=7 step=469150 train_loss=0.5999
epoch=7 step=469200 train_loss=0.5406
epoch=7 step=469250 train_loss=0.5530
epoch=7 step=469300 train_loss=0.5836
epoch=7 step=469350 train_loss=0.5354
epoch=7 step=469400 train_loss=0.5938
epoch=7 step=469450 train_loss=0.5153
epoch=7 step=469500 train_loss=0.5769
[eval] step=469500 train=0.5684 val=0.5825
epoch=7 step=469550 train_loss=0.5447
epoch=7 step=469600 train_loss=0.5534
epoch=7 step=469650 train_loss=0.6076
epoch=7 step=469700 train_loss=0.5542
epoch=7 step=469750 train_loss=0.5527
epoch=7 step=469800 train_loss=0.5323
epoch=7 step=469850 train_loss=0.5666
epoch=7 step=469900 train_loss=0.5906
epoch=7 step=469950 train_loss=0.5789
epoch=7 step=470000 train_loss=0.5665
[eval] step=470000 train=0.5619 val=0.5916
epoch=7 step=470050 train_loss=0.5463
epoch=7 step=470100 train_loss=0.5907
epoch=7 step=470150 train_loss=0.5735
epoch=7 step=470200 train_loss=0.5606
epoch=7 step=470250 train_loss=0.5720
epoch=7 step=470300 train_loss=0.6139
epoch=7 step=470350 train_loss=0.6309
epoch=7 step=470400 train_loss=0.5520
epoch=7 step=470450 train_loss=0.5904
epoch=7 step=470500 train_loss=0.5873
[eval] step=470500 train=0.5759 val=0.5841
epoch=7 step=470550 train_loss=0.5330
epoch=7 step=470600 train_loss=0.5850
epoch=7 step=470650 train_loss=0.5880
epoch=7 step=470700 train_loss=0.5619
epoch=7 step=470750 train_loss=0.5844
epoch=7 step=470800 train_loss=0.6144
epoch=7 step=470850 train_loss=0.6241
epoch=7 step=470900 train_loss=0.5912
epoch=7 step=470950 train_loss=0.5597
epoch=7 step=471000 train_loss=0.6047
[eval] step=471000 train=0.5744 val=0.5836
epoch=7 step=471050 train_loss=0.5453
epoch=7 step=471100 train_loss=0.5451
epoch=7 step=471150 train_loss=0.5638
epoch=7 step=471200 train_loss=0.5854
epoch=7 step=471250 train_loss=0.6132
epoch=7 step=471300 train_loss=0.5902
epoch=7 step=471350 train_loss=0.6064
epoch=7 step=471400 train_loss=0.5752
epoch=7 step=471450 train_loss=0.5499
epoch=7 step=471500 train_loss=0.5484
[eval] step=471500 train=0.5661 val=0.5822
epoch=7 step=471550 train_loss=0.5379
epoch=7 step=471600 train_loss=0.5169
epoch=7 step=471650 train_loss=0.5669
epoch=7 step=471700 train_loss=0.5784
epoch=7 step=471750 train_loss=0.5745
epoch=7 step=471800 train_loss=0.5764
epoch=7 step=471850 train_loss=0.5327
epoch=7 step=471900 train_loss=0.5908
epoch=7 step=471950 train_loss=0.5517
epoch=7 step=472000 train_loss=0.5741
[eval] step=472000 train=0.5658 val=0.5848
epoch=7 step=472050 train_loss=0.5616
epoch=7 step=472100 train_loss=0.5480
epoch=7 step=472150 train_loss=0.5572
epoch=7 step=472200 train_loss=0.5896
epoch=7 step=472250 train_loss=0.5655
epoch=7 step=472300 train_loss=0.5960
epoch=7 step=472350 train_loss=0.5436
epoch=7 step=472400 train_loss=0.5993
epoch=7 step=472450 train_loss=0.6058
epoch=7 step=472500 train_loss=0.5750
[eval] step=472500 train=0.5661 val=0.5875
epoch=7 step=472550 train_loss=0.5731
epoch=7 step=472600 train_loss=0.5789
epoch=7 step=472650 train_loss=0.5694
epoch=7 step=472700 train_loss=0.5465
epoch=7 step=472750 train_loss=0.5418
epoch=7 step=472800 train_loss=0.5953
epoch=7 step=472850 train_loss=0.6293
epoch=7 step=472900 train_loss=0.5508
epoch=7 step=472950 train_loss=0.5430
epoch=7 step=473000 train_loss=0.5805
[eval] step=473000 train=0.5628 val=0.5846
epoch=7 step=473050 train_loss=0.5697
epoch=7 step=473100 train_loss=0.5715
epoch=7 step=473150 train_loss=0.5812
epoch=7 step=473200 train_loss=0.5654
epoch=7 step=473250 train_loss=0.5553
epoch=7 step=473300 train_loss=0.5671
epoch=7 step=473350 train_loss=0.5568
epoch=7 step=473400 train_loss=0.5984
epoch=7 step=473450 train_loss=0.5535
epoch=7 step=473500 train_loss=0.5498
[eval] step=473500 train=0.5639 val=0.5859
epoch=7 step=473550 train_loss=0.5559
epoch=7 step=473600 train_loss=0.5506
epoch=7 step=473650 train_loss=0.5496
epoch=7 step=473700 train_loss=0.5244
epoch=7 step=473750 train_loss=0.5734
epoch=7 step=473800 train_loss=0.5509
epoch=7 step=473850 train_loss=0.5578
epoch=7 step=473900 train_loss=0.5319
epoch=7 step=473950 train_loss=0.5776
epoch=7 step=474000 train_loss=0.5344
[eval] step=474000 train=0.5635 val=0.5839
epoch=7 step=474050 train_loss=0.5788
epoch=7 step=474100 train_loss=0.6165
epoch=7 step=474150 train_loss=0.6199
epoch=7 step=474200 train_loss=0.5618
epoch=7 step=474250 train_loss=0.5940
epoch=7 step=474300 train_loss=0.5324
epoch=7 step=474350 train_loss=0.5807
epoch=7 step=474400 train_loss=0.5816
epoch=7 step=474450 train_loss=0.5675
epoch=7 step=474500 train_loss=0.5945
[eval] step=474500 train=0.5561 val=0.5834
epoch=7 step=474550 train_loss=0.5655
epoch=7 step=474600 train_loss=0.5771
epoch=7 step=474650 train_loss=0.5693
epoch=7 step=474700 train_loss=0.6017
epoch=7 step=474750 train_loss=0.5409
epoch=7 step=474800 train_loss=0.5572
epoch=7 step=474850 train_loss=0.5041
epoch=7 step=474900 train_loss=0.5425
epoch=7 step=474950 train_loss=0.5721
epoch=7 step=475000 train_loss=0.5800
[eval] step=475000 train=0.5749 val=0.5813
epoch=7 step=475050 train_loss=0.4930
epoch=7 step=475100 train_loss=0.5644
epoch=7 step=475150 train_loss=0.5951
epoch=7 step=475200 train_loss=0.6088
epoch=7 step=475250 train_loss=0.5682
epoch=7 step=475300 train_loss=0.5489
epoch=7 step=475350 train_loss=0.5966
epoch=7 step=475400 train_loss=0.5780
epoch=7 step=475450 train_loss=0.5401
epoch=7 step=475500 train_loss=0.5780
[eval] step=475500 train=0.5689 val=0.5824
epoch=7 step=475550 train_loss=0.5140
epoch=7 step=475600 train_loss=0.6008
epoch=7 step=475650 train_loss=0.5579
epoch=7 step=475700 train_loss=0.5317
epoch=7 step=475750 train_loss=0.5767
epoch=7 step=475800 train_loss=0.6225
epoch=7 step=475850 train_loss=0.5875
epoch=7 step=475900 train_loss=0.5938
epoch=7 step=475950 train_loss=0.5308
epoch=7 step=476000 train_loss=0.5483
[eval] step=476000 train=0.5628 val=0.5823
epoch=7 step=476050 train_loss=0.5817
epoch=7 step=476100 train_loss=0.6138
epoch=7 step=476150 train_loss=0.5785
epoch=7 step=476200 train_loss=0.5379
epoch=7 step=476250 train_loss=0.5497
epoch=7 step=476300 train_loss=0.5598
epoch=7 step=476350 train_loss=0.5775
epoch=7 step=476400 train_loss=0.5803
epoch=7 step=476450 train_loss=0.5969
epoch=7 step=476500 train_loss=0.5765
[eval] step=476500 train=0.5709 val=0.5825
epoch=7 step=476550 train_loss=0.5939
epoch=7 step=476600 train_loss=0.5930
epoch=7 step=476650 train_loss=0.5539
epoch=7 step=476700 train_loss=0.5854
epoch=7 step=476750 train_loss=0.5891
epoch=7 step=476800 train_loss=0.5476
epoch=7 step=476850 train_loss=0.5796
epoch=7 step=476900 train_loss=0.5659
epoch=7 step=476950 train_loss=0.6143
epoch=7 step=477000 train_loss=0.6083
[eval] step=477000 train=0.5630 val=0.5812
epoch=7 step=477050 train_loss=0.5902
epoch=7 step=477100 train_loss=0.5492
epoch=7 step=477150 train_loss=0.5661
epoch=7 step=477200 train_loss=0.5611
epoch=7 step=477250 train_loss=0.5959
epoch=7 step=477300 train_loss=0.5883
epoch=7 step=477350 train_loss=0.5827
epoch=7 step=477400 train_loss=0.5413
epoch=7 step=477450 train_loss=0.6050
epoch=7 step=477500 train_loss=0.5596
[eval] step=477500 train=0.5613 val=0.5829
epoch=7 step=477550 train_loss=0.5819
epoch=7 step=477600 train_loss=0.5415
epoch=7 step=477650 train_loss=0.5688
epoch=7 step=477700 train_loss=0.5406
epoch=7 step=477750 train_loss=0.5398
epoch=7 step=477800 train_loss=0.5685
epoch=7 step=477850 train_loss=0.5166
epoch=7 step=477900 train_loss=0.6324
epoch=7 step=477950 train_loss=0.6039
epoch=7 step=478000 train_loss=0.6148
[eval] step=478000 train=0.5630 val=0.5856
epoch=7 step=478050 train_loss=0.5363
epoch=7 step=478100 train_loss=0.6035
epoch=7 step=478150 train_loss=0.5475
epoch=7 step=478200 train_loss=0.5824
epoch=7 step=478250 train_loss=0.5765
epoch=7 step=478300 train_loss=0.5403
epoch=7 step=478350 train_loss=0.5658
epoch=7 step=478400 train_loss=0.5920
epoch=7 step=478450 train_loss=0.5296
epoch=7 step=478500 train_loss=0.5570
[eval] step=478500 train=0.5732 val=0.5846
epoch=7 step=478550 train_loss=0.5873
epoch=7 step=478600 train_loss=0.5910
epoch=7 step=478650 train_loss=0.5629
epoch=7 step=478700 train_loss=0.5137
epoch=7 step=478750 train_loss=0.5615
epoch=7 step=478800 train_loss=0.5503
epoch=7 step=478850 train_loss=0.5959
epoch=7 step=478900 train_loss=0.5917
epoch=7 step=478950 train_loss=0.5918
epoch=7 step=479000 train_loss=0.5983
[eval] step=479000 train=0.5662 val=0.5835
epoch=7 step=479050 train_loss=0.5564
epoch=7 step=479100 train_loss=0.5156
epoch=7 step=479150 train_loss=0.5544
epoch=7 step=479200 train_loss=0.6082
epoch=7 step=479250 train_loss=0.5997
epoch=7 step=479300 train_loss=0.5983
epoch=7 step=479350 train_loss=0.5719
epoch=7 step=479400 train_loss=0.5713
epoch=7 step=479450 train_loss=0.5908
epoch=7 step=479500 train_loss=0.5675
[eval] step=479500 train=0.5706 val=0.5806
epoch=7 step=479550 train_loss=0.5916
epoch=7 step=479600 train_loss=0.5428
epoch=7 step=479650 train_loss=0.5494
epoch=7 step=479700 train_loss=0.5862
epoch=7 step=479750 train_loss=0.6315
epoch=7 step=479800 train_loss=0.5817
epoch=7 step=479850 train_loss=0.5692
epoch=7 step=479900 train_loss=0.5701
epoch=7 step=479950 train_loss=0.5430
epoch=7 step=480000 train_loss=0.5417
[eval] step=480000 train=0.5654 val=0.5849
epoch=7 step=480050 train_loss=0.6032
epoch=7 step=480100 train_loss=0.5688
epoch=7 step=480150 train_loss=0.5730
epoch=7 step=480200 train_loss=0.5896
epoch=7 step=480250 train_loss=0.5802
epoch=7 step=480300 train_loss=0.5820
epoch=7 step=480350 train_loss=0.5893
epoch=7 step=480400 train_loss=0.5564
epoch=7 step=480450 train_loss=0.5884
epoch=7 step=480500 train_loss=0.5631
[eval] step=480500 train=0.5644 val=0.5824
epoch=7 step=480550 train_loss=0.5386
epoch=7 step=480600 train_loss=0.5868
epoch=7 step=480650 train_loss=0.6618
epoch=7 step=480700 train_loss=0.5805
epoch=7 step=480750 train_loss=0.5623
epoch=7 step=480800 train_loss=0.5709
epoch=7 step=480850 train_loss=0.5812
epoch=7 step=480900 train_loss=0.5950
epoch=7 step=480950 train_loss=0.5369
epoch=7 step=481000 train_loss=0.5764
[eval] step=481000 train=0.5661 val=0.5815
epoch=7 step=481050 train_loss=0.5000
epoch=7 step=481100 train_loss=0.5578
epoch=7 step=481150 train_loss=0.5601
epoch=7 step=481200 train_loss=0.5658
epoch=7 step=481250 train_loss=0.5481
epoch=7 step=481300 train_loss=0.5718
epoch=7 step=481350 train_loss=0.5755
epoch=7 step=481400 train_loss=0.5717
epoch=7 step=481450 train_loss=0.5363
epoch=7 step=481500 train_loss=0.5722
[eval] step=481500 train=0.5667 val=0.5810
epoch=7 step=481550 train_loss=0.5441
epoch=7 step=481600 train_loss=0.5679
epoch=7 step=481650 train_loss=0.6324
epoch=7 step=481700 train_loss=0.5702
epoch=7 step=481750 train_loss=0.5836
epoch=7 step=481800 train_loss=0.5301
epoch=7 step=481850 train_loss=0.5743
epoch=7 step=481900 train_loss=0.5889
epoch=7 step=481950 train_loss=0.5735
epoch=7 step=482000 train_loss=0.6056
[eval] step=482000 train=0.5528 val=0.5817
epoch=7 step=482050 train_loss=0.5684
epoch=7 step=482100 train_loss=0.5898
epoch=7 step=482150 train_loss=0.5435
epoch=7 step=482200 train_loss=0.5399
epoch=7 step=482250 train_loss=0.5751
epoch=7 step=482300 train_loss=0.6195
epoch=7 step=482350 train_loss=0.5734
epoch=7 step=482400 train_loss=0.5606
epoch=7 step=482450 train_loss=0.5877
epoch=7 step=482500 train_loss=0.5721
[eval] step=482500 train=0.5742 val=0.5806
epoch=7 step=482550 train_loss=0.5769
epoch=7 step=482600 train_loss=0.5438
epoch=7 step=482650 train_loss=0.5400
epoch=7 step=482700 train_loss=0.5716
epoch=7 step=482750 train_loss=0.5885
epoch=7 step=482800 train_loss=0.5295
epoch=7 step=482850 train_loss=0.5387
epoch=7 step=482900 train_loss=0.6096
epoch=7 step=482950 train_loss=0.5293
epoch=7 step=483000 train_loss=0.5571
[eval] step=483000 train=0.5703 val=0.5834
epoch=7 step=483050 train_loss=0.5669
epoch=7 step=483100 train_loss=0.5967
epoch=7 step=483150 train_loss=0.5833
epoch=7 step=483200 train_loss=0.6008
epoch=7 step=483250 train_loss=0.5893
epoch=7 step=483300 train_loss=0.6054
epoch=7 step=483350 train_loss=0.5920
epoch=7 step=483400 train_loss=0.5828
epoch=7 step=483450 train_loss=0.5717
epoch=7 step=483500 train_loss=0.5745
[eval] step=483500 train=0.5596 val=0.5819
epoch=7 step=483550 train_loss=0.5462
epoch=7 step=483600 train_loss=0.5638
epoch=7 step=483650 train_loss=0.5736
epoch=7 step=483700 train_loss=0.5712
epoch=7 step=483750 train_loss=0.5598
epoch=7 step=483800 train_loss=0.5387
epoch=7 step=483850 train_loss=0.5491
epoch=7 step=483900 train_loss=0.5770
epoch=7 step=483950 train_loss=0.5652
epoch=7 step=484000 train_loss=0.6319
[eval] step=484000 train=0.5628 val=0.5815
epoch=7 step=484050 train_loss=0.6112
epoch=7 step=484100 train_loss=0.5338
epoch=7 step=484150 train_loss=0.5711
epoch=7 step=484200 train_loss=0.5419
epoch=7 step=484250 train_loss=0.5575
epoch=7 step=484300 train_loss=0.5815
epoch=7 step=484350 train_loss=0.4955
epoch=7 step=484400 train_loss=0.6035
epoch=7 step=484450 train_loss=0.5890
epoch=7 step=484500 train_loss=0.5928
[eval] step=484500 train=0.5650 val=0.5810
epoch=7 step=484550 train_loss=0.6127
epoch=7 step=484600 train_loss=0.5571
epoch=7 step=484650 train_loss=0.5588
epoch=7 step=484700 train_loss=0.5410
epoch=7 step=484750 train_loss=0.5825
epoch=7 step=484800 train_loss=0.5812
epoch=7 step=484850 train_loss=0.5892
epoch=7 step=484900 train_loss=0.5789
epoch=7 step=484950 train_loss=0.5490
epoch=7 step=485000 train_loss=0.5529
[eval] step=485000 train=0.5653 val=0.5821
epoch=7 step=485050 train_loss=0.5703
epoch=7 step=485100 train_loss=0.5655
epoch=7 step=485150 train_loss=0.5704
epoch=7 step=485200 train_loss=0.6264
epoch=7 step=485250 train_loss=0.5823
epoch=7 step=485300 train_loss=0.5944
epoch=7 step=485350 train_loss=0.5521
epoch=7 step=485400 train_loss=0.6301
epoch=7 step=485450 train_loss=0.5880
epoch=7 step=485500 train_loss=0.5451
[eval] step=485500 train=0.5743 val=0.5854
epoch=7 step=485550 train_loss=0.6288
epoch=7 step=485600 train_loss=0.6338
epoch=7 step=485650 train_loss=0.5803
epoch=7 step=485700 train_loss=0.6091
epoch=7 step=485750 train_loss=0.5975
epoch=7 step=485800 train_loss=0.5088
epoch=7 step=485850 train_loss=0.6386
epoch=7 step=485900 train_loss=0.5369
epoch=7 step=485950 train_loss=0.5847
epoch=7 step=486000 train_loss=0.5497
[eval] step=486000 train=0.5674 val=0.5877
epoch=7 step=486050 train_loss=0.5311
epoch=7 step=486100 train_loss=0.6403
epoch=7 step=486150 train_loss=0.5768
epoch=7 step=486200 train_loss=0.6022
epoch=7 step=486250 train_loss=0.5587
epoch=7 step=486300 train_loss=0.5190
epoch=7 step=486350 train_loss=0.5095
epoch=7 step=486400 train_loss=0.5716
epoch=7 step=486450 train_loss=0.5964
epoch=7 step=486500 train_loss=0.5513
[eval] step=486500 train=0.5699 val=0.5864
epoch=7 step=486550 train_loss=0.6077
epoch=7 step=486600 train_loss=0.6001
epoch=7 step=486650 train_loss=0.5753
epoch=7 step=486700 train_loss=0.5779
epoch=7 step=486750 train_loss=0.6265
epoch=7 step=486800 train_loss=0.6059
epoch=7 step=486850 train_loss=0.5555
epoch=7 step=486900 train_loss=0.5357
epoch=7 step=486950 train_loss=0.5434
epoch=7 step=487000 train_loss=0.5681
[eval] step=487000 train=0.5638 val=0.5838
epoch=7 step=487050 train_loss=0.5497
epoch=7 step=487100 train_loss=0.5922
epoch=7 step=487150 train_loss=0.5999
epoch=7 step=487200 train_loss=0.5561
epoch=7 step=487250 train_loss=0.5657
epoch=7 step=487300 train_loss=0.5875
epoch=7 step=487350 train_loss=0.5637
epoch=7 step=487400 train_loss=0.5684
epoch=7 step=487450 train_loss=0.5787
epoch=7 step=487500 train_loss=0.5666
[eval] step=487500 train=0.5619 val=0.5859
epoch=7 step=487550 train_loss=0.6249
epoch=7 step=487600 train_loss=0.5242
epoch=7 step=487650 train_loss=0.5581
epoch=7 step=487700 train_loss=0.5772
epoch=7 step=487750 train_loss=0.6102
epoch=7 step=487800 train_loss=0.5256
epoch=7 step=487850 train_loss=0.6349
epoch=7 step=487900 train_loss=0.5789
epoch=7 step=487950 train_loss=0.6056
epoch=7 step=488000 train_loss=0.5798
[eval] step=488000 train=0.5581 val=0.5881
epoch=7 step=488050 train_loss=0.6049
epoch=7 step=488100 train_loss=0.6023
epoch=7 step=488150 train_loss=0.5544
epoch=7 step=488200 train_loss=0.5800
epoch=7 step=488250 train_loss=0.5749
epoch=7 step=488300 train_loss=0.5401
epoch=7 step=488350 train_loss=0.6578
epoch=7 step=488400 train_loss=0.5554
epoch=7 step=488450 train_loss=0.5816
epoch=7 step=488500 train_loss=0.6187
[eval] step=488500 train=0.5660 val=0.5865
epoch=7 step=488550 train_loss=0.5788
epoch=7 step=488600 train_loss=0.5589
epoch=7 step=488650 train_loss=0.5907
epoch=7 step=488700 train_loss=0.5808
epoch=7 step=488750 train_loss=0.5730
epoch=7 step=488800 train_loss=0.5904
epoch=7 step=488850 train_loss=0.5587
epoch=7 step=488900 train_loss=0.5995
epoch=7 step=488950 train_loss=0.5773
epoch=7 step=489000 train_loss=0.5654
[eval] step=489000 train=0.5609 val=0.5788
epoch=7 step=489050 train_loss=0.5796
epoch=7 step=489100 train_loss=0.5482
epoch=7 step=489150 train_loss=0.5383
epoch=7 step=489200 train_loss=0.5822
epoch=7 step=489250 train_loss=0.5514
epoch=7 step=489300 train_loss=0.5386
epoch=7 step=489350 train_loss=0.5802
epoch=7 step=489400 train_loss=0.5894
epoch=7 step=489450 train_loss=0.5546
epoch=7 step=489500 train_loss=0.5511
[eval] step=489500 train=0.5570 val=0.5865
epoch=7 step=489550 train_loss=0.5701
epoch=7 step=489600 train_loss=0.5380
epoch=7 step=489650 train_loss=0.5546
epoch=7 step=489700 train_loss=0.5823
epoch=7 step=489750 train_loss=0.5803
epoch=7 step=489800 train_loss=0.5746
epoch=7 step=489850 train_loss=0.5757
epoch=7 step=489900 train_loss=0.6132
epoch=7 step=489950 train_loss=0.5158
epoch=7 step=490000 train_loss=0.5409
[eval] step=490000 train=0.5598 val=0.5828
epoch=7 step=490050 train_loss=0.6777
epoch=7 step=490100 train_loss=0.5425
epoch=7 step=490150 train_loss=0.5348
epoch=7 step=490200 train_loss=0.5554
epoch=7 step=490250 train_loss=0.6305
epoch=7 step=490300 train_loss=0.5900
epoch=7 step=490350 train_loss=0.5926
epoch=7 step=490400 train_loss=0.5492
epoch=7 step=490450 train_loss=0.5235
epoch=7 step=490500 train_loss=0.5531
[eval] step=490500 train=0.5694 val=0.5828
epoch=7 step=490550 train_loss=0.5666
epoch=7 step=490600 train_loss=0.6207
epoch=7 step=490650 train_loss=0.5943
epoch=7 step=490700 train_loss=0.5642
epoch=7 step=490750 train_loss=0.5794
epoch=7 step=490800 train_loss=0.5900
epoch=7 step=490850 train_loss=0.5730
epoch=7 step=490900 train_loss=0.6032
epoch=7 step=490950 train_loss=0.5649
epoch=7 step=491000 train_loss=0.5885
[eval] step=491000 train=0.5690 val=0.5833
epoch=7 step=491050 train_loss=0.6451
epoch=7 step=491100 train_loss=0.5648
epoch=7 step=491150 train_loss=0.5514
epoch=7 step=491200 train_loss=0.5754
epoch=7 step=491250 train_loss=0.5023
epoch=7 step=491300 train_loss=0.5816
epoch=7 step=491350 train_loss=0.6120
epoch=7 step=491400 train_loss=0.5898
epoch=7 step=491450 train_loss=0.5798
epoch=7 step=491500 train_loss=0.5324
[eval] step=491500 train=0.5697 val=0.5843
epoch=7 step=491550 train_loss=0.5689
epoch=7 step=491600 train_loss=0.5653
epoch=7 step=491650 train_loss=0.5955
epoch=7 step=491700 train_loss=0.5933
epoch=7 step=491750 train_loss=0.5822
epoch=7 step=491800 train_loss=0.6145
epoch=7 step=491850 train_loss=0.5782
epoch=7 step=491900 train_loss=0.6165
epoch=7 step=491950 train_loss=0.5634
epoch=7 step=492000 train_loss=0.5622
[eval] step=492000 train=0.5562 val=0.5848
epoch=7 step=492050 train_loss=0.6222
epoch=7 step=492100 train_loss=0.5612
epoch=7 step=492150 train_loss=0.5718
epoch=7 step=492200 train_loss=0.5906
epoch=7 step=492250 train_loss=0.5688
epoch=7 step=492300 train_loss=0.5488
epoch=7 step=492350 train_loss=0.6075
epoch=7 step=492400 train_loss=0.5982
epoch=7 step=492450 train_loss=0.6167
epoch=7 step=492500 train_loss=0.5802
[eval] step=492500 train=0.5742 val=0.5866
epoch=7 step=492550 train_loss=0.5882
epoch=7 step=492600 train_loss=0.5832
epoch=7 step=492650 train_loss=0.6037
epoch=7 step=492700 train_loss=0.5261
epoch=7 step=492750 train_loss=0.5953
epoch=7 step=492800 train_loss=0.5956
epoch=7 step=492850 train_loss=0.5715
epoch=7 step=492900 train_loss=0.5820
epoch=7 step=492950 train_loss=0.5767
epoch=7 step=493000 train_loss=0.5322
[eval] step=493000 train=0.5657 val=0.5803
epoch=7 step=493050 train_loss=0.5577
epoch=7 step=493100 train_loss=0.6378
epoch=7 step=493150 train_loss=0.5943
epoch=7 step=493200 train_loss=0.5724
epoch=7 step=493250 train_loss=0.5850
epoch=7 step=493300 train_loss=0.5733
epoch=7 step=493350 train_loss=0.5393
epoch=7 step=493400 train_loss=0.5348
epoch=7 step=493450 train_loss=0.5325
epoch=7 step=493500 train_loss=0.5821
[eval] step=493500 train=0.5696 val=0.5831
epoch=7 step=493550 train_loss=0.5677
epoch=7 step=493600 train_loss=0.5773
epoch=7 step=493650 train_loss=0.5887
epoch=7 step=493700 train_loss=0.5787
epoch=7 step=493750 train_loss=0.6328
epoch=7 step=493800 train_loss=0.6007
epoch=7 step=493850 train_loss=0.5586
epoch=7 step=493900 train_loss=0.5829
epoch=7 step=493950 train_loss=0.5307
epoch=7 step=494000 train_loss=0.5730
[eval] step=494000 train=0.5563 val=0.5817
epoch=7 step=494050 train_loss=0.5625
epoch=7 step=494100 train_loss=0.5638
epoch=7 step=494150 train_loss=0.5978
epoch=7 step=494200 train_loss=0.5896
epoch=7 step=494250 train_loss=0.5389
epoch=7 step=494300 train_loss=0.5947
epoch=7 step=494350 train_loss=0.6192
epoch=7 step=494400 train_loss=0.5126
epoch=7 step=494450 train_loss=0.6062
epoch=7 step=494500 train_loss=0.5985
[eval] step=494500 train=0.5590 val=0.5848
epoch=7 step=494550 train_loss=0.5430
epoch=7 step=494600 train_loss=0.6112
epoch=7 step=494650 train_loss=0.6179
epoch=7 step=494700 train_loss=0.6348
epoch=7 step=494750 train_loss=0.5617
epoch=7 step=494800 train_loss=0.6045
epoch=7 step=494850 train_loss=0.5558
epoch=7 step=494900 train_loss=0.5506
epoch=7 step=494950 train_loss=0.5793
epoch=7 step=495000 train_loss=0.5646
[eval] step=495000 train=0.5546 val=0.5802
epoch=7 step=495050 train_loss=0.6239
epoch=7 step=495100 train_loss=0.5498
epoch=7 step=495150 train_loss=0.5297
epoch=7 step=495200 train_loss=0.6265
epoch=7 step=495250 train_loss=0.5392
epoch=7 step=495300 train_loss=0.5723
epoch=7 step=495350 train_loss=0.5247
epoch=7 step=495400 train_loss=0.5561
epoch=7 step=495450 train_loss=0.5663
epoch=7 step=495500 train_loss=0.5956
[eval] step=495500 train=0.5672 val=0.5817
epoch=7 step=495550 train_loss=0.5368
epoch=7 step=495600 train_loss=0.5881
epoch=7 step=495650 train_loss=0.5485
epoch=7 step=495700 train_loss=0.5913
epoch=7 step=495750 train_loss=0.5635
epoch=7 step=495800 train_loss=0.6166
epoch=7 step=495850 train_loss=0.5981
epoch=7 step=495900 train_loss=0.5617
epoch=7 step=495950 train_loss=0.5264
epoch=7 step=496000 train_loss=0.6202
[eval] step=496000 train=0.5783 val=0.5890
epoch=7 step=496050 train_loss=0.5838
epoch=7 step=496100 train_loss=0.5693
epoch=7 step=496150 train_loss=0.5553
epoch=7 step=496200 train_loss=0.5886
epoch=7 step=496250 train_loss=0.5565
epoch=7 step=496300 train_loss=0.5619
epoch=7 step=496350 train_loss=0.5538
epoch=7 step=496400 train_loss=0.5607
epoch=7 step=496450 train_loss=0.6017
epoch=7 step=496500 train_loss=0.5857
[eval] step=496500 train=0.5701 val=0.5847
epoch=7 step=496550 train_loss=0.5784
epoch=7 step=496600 train_loss=0.5733
epoch=7 step=496650 train_loss=0.5601
epoch=7 step=496700 train_loss=0.5966
epoch=7 step=496750 train_loss=0.5619
epoch=7 step=496800 train_loss=0.6049
epoch=7 step=496850 train_loss=0.6055
epoch=7 step=496900 train_loss=0.5774
epoch=7 step=496950 train_loss=0.6106
epoch=7 step=497000 train_loss=0.5596
[eval] step=497000 train=0.5520 val=0.5805
epoch=7 step=497050 train_loss=0.5718
epoch=7 step=497100 train_loss=0.5619
epoch=7 step=497150 train_loss=0.5738
epoch=7 step=497200 train_loss=0.6133
epoch=7 step=497250 train_loss=0.6136
epoch=7 step=497300 train_loss=0.5953
epoch=7 step=497350 train_loss=0.5638
epoch=7 step=497400 train_loss=0.5547
epoch=7 step=497450 train_loss=0.6372
epoch=7 step=497500 train_loss=0.5655
[eval] step=497500 train=0.5724 val=0.5763
saved best checkpoint to out-battery/best_ckpt.pt
epoch=7 step=497550 train_loss=0.6089
epoch=7 step=497600 train_loss=0.5586
epoch=7 step=497650 train_loss=0.5188
epoch=7 step=497700 train_loss=0.5535
epoch=7 step=497750 train_loss=0.4895
epoch=7 step=497800 train_loss=0.5676
epoch=7 step=497850 train_loss=0.6205
epoch=7 step=497900 train_loss=0.5657
epoch=7 step=497950 train_loss=0.5752
epoch=7 step=498000 train_loss=0.5749
[eval] step=498000 train=0.5623 val=0.5783
epoch=7 step=498050 train_loss=0.5688
epoch=7 step=498100 train_loss=0.6123
epoch=7 step=498150 train_loss=0.5977
epoch=7 step=498200 train_loss=0.5720
epoch=7 step=498250 train_loss=0.5297
epoch=7 step=498300 train_loss=0.5720
epoch=7 step=498350 train_loss=0.5262
epoch=7 step=498400 train_loss=0.5195
epoch=7 step=498450 train_loss=0.5633
epoch=7 step=498500 train_loss=0.5809
[eval] step=498500 train=0.5785 val=0.5879
epoch=7 step=498550 train_loss=0.5285
epoch=7 step=498600 train_loss=0.5469
epoch=7 step=498650 train_loss=0.5366
epoch=7 step=498700 train_loss=0.5568
epoch=7 step=498750 train_loss=0.6128
epoch=7 step=498800 train_loss=0.6159
epoch=7 step=498850 train_loss=0.6302
epoch=7 step=498900 train_loss=0.5723
epoch=7 step=498950 train_loss=0.6389
epoch=7 step=499000 train_loss=0.5698
[eval] step=499000 train=0.5726 val=0.5858
epoch=7 step=499050 train_loss=0.5989
epoch=7 step=499100 train_loss=0.5849
epoch=7 step=499150 train_loss=0.5860
epoch=7 step=499200 train_loss=0.6003
epoch=7 step=499250 train_loss=0.5980
epoch=7 step=499300 train_loss=0.5699
epoch=7 step=499350 train_loss=0.5727
epoch=7 step=499400 train_loss=0.5581
epoch=7 step=499450 train_loss=0.5873
epoch=7 step=499500 train_loss=0.5195
[eval] step=499500 train=0.5665 val=0.5800
epoch=7 step=499550 train_loss=0.5515
epoch=7 step=499600 train_loss=0.6156
epoch=7 step=499650 train_loss=0.6061
epoch=7 step=499700 train_loss=0.5522
epoch=7 step=499750 train_loss=0.6127
epoch=7 step=499800 train_loss=0.6530
epoch=7 step=499850 train_loss=0.5545
epoch=7 step=499900 train_loss=0.5422
epoch=7 step=499950 train_loss=0.5661
epoch=7 step=500000 train_loss=0.5529
[eval] step=500000 train=0.5696 val=0.5894
epoch=7 step=500050 train_loss=0.5393
epoch=7 step=500100 train_loss=0.5303
epoch=7 step=500150 train_loss=0.5392
epoch=7 step=500200 train_loss=0.5203
epoch=7 step=500250 train_loss=0.5451
epoch=7 step=500300 train_loss=0.5937
epoch=7 step=500350 train_loss=0.5554
epoch=7 step=500400 train_loss=0.5863
epoch=7 step=500450 train_loss=0.5551
epoch=7 step=500500 train_loss=0.5899
[eval] step=500500 train=0.5693 val=0.5852
epoch=7 step=500550 train_loss=0.6023
epoch=7 step=500600 train_loss=0.5791
epoch=7 step=500650 train_loss=0.5508
epoch=7 step=500700 train_loss=0.5264
epoch=7 step=500750 train_loss=0.5409
epoch=7 step=500800 train_loss=0.5395
epoch=7 step=500850 train_loss=0.5580
epoch=7 step=500900 train_loss=0.5569
epoch=7 step=500950 train_loss=0.5612
epoch=7 step=501000 train_loss=0.5960
[eval] step=501000 train=0.5608 val=0.5942
epoch=7 step=501050 train_loss=0.5609
epoch=7 step=501100 train_loss=0.5495
epoch=7 step=501150 train_loss=0.5884
epoch=7 step=501200 train_loss=0.5295
epoch=7 step=501250 train_loss=0.5879
epoch=7 step=501300 train_loss=0.5304
epoch=7 step=501350 train_loss=0.5269
epoch=7 step=501400 train_loss=0.5437
epoch=7 step=501450 train_loss=0.6067
epoch=7 step=501500 train_loss=0.5412
[eval] step=501500 train=0.5685 val=0.5792
epoch=7 step=501550 train_loss=0.5342
epoch=7 step=501600 train_loss=0.5028
epoch=7 step=501650 train_loss=0.5713
epoch=7 step=501700 train_loss=0.5653
epoch=7 step=501750 train_loss=0.5797
epoch=7 step=501800 train_loss=0.5824
epoch=7 step=501850 train_loss=0.5603
epoch=7 step=501900 train_loss=0.5675
epoch=7 step=501950 train_loss=0.5248
epoch=7 step=502000 train_loss=0.5935
[eval] step=502000 train=0.5712 val=0.5846
epoch=7 step=502050 train_loss=0.5707
epoch=7 step=502100 train_loss=0.5686
epoch=7 step=502150 train_loss=0.5676
epoch=7 step=502200 train_loss=0.5874
epoch=7 step=502250 train_loss=0.5660
epoch=7 step=502300 train_loss=0.5569
epoch=7 step=502350 train_loss=0.5852
epoch=7 step=502400 train_loss=0.5255
epoch=7 step=502450 train_loss=0.5949
epoch=7 step=502500 train_loss=0.5614
[eval] step=502500 train=0.5678 val=0.5777
epoch=7 step=502550 train_loss=0.5484
epoch=7 step=502600 train_loss=0.6206
epoch=7 step=502650 train_loss=0.6095
epoch=7 step=502700 train_loss=0.5961
epoch=7 step=502750 train_loss=0.6119
epoch=7 step=502800 train_loss=0.5211
epoch=7 step=502850 train_loss=0.5625
epoch=7 step=502900 train_loss=0.5668
epoch=7 step=502950 train_loss=0.6091
epoch=7 step=503000 train_loss=0.5853
[eval] step=503000 train=0.5729 val=0.5839
epoch=7 step=503050 train_loss=0.5768
epoch=7 step=503100 train_loss=0.5691
epoch=7 step=503150 train_loss=0.5236
epoch=7 step=503200 train_loss=0.6200
epoch=7 step=503250 train_loss=0.6407
epoch=7 step=503300 train_loss=0.5366
epoch=7 step=503350 train_loss=0.5445
epoch=7 step=503400 train_loss=0.5753
epoch=7 step=503450 train_loss=0.5875
epoch=7 step=503500 train_loss=0.5828
[eval] step=503500 train=0.5721 val=0.5857
epoch=7 step=503550 train_loss=0.5369
epoch=7 step=503600 train_loss=0.5576
epoch=7 step=503650 train_loss=0.5976
epoch=7 step=503700 train_loss=0.5606
epoch=7 step=503750 train_loss=0.5755
epoch=7 step=503800 train_loss=0.5801
epoch=7 step=503850 train_loss=0.5755
epoch=7 step=503900 train_loss=0.6060
epoch=7 step=503950 train_loss=0.5668
epoch=7 step=504000 train_loss=0.5235
[eval] step=504000 train=0.5656 val=0.5835
epoch=7 step=504050 train_loss=0.5853
epoch=7 step=504100 train_loss=0.5656
epoch=7 step=504150 train_loss=0.6016
epoch=7 step=504200 train_loss=0.5133
epoch=7 step=504250 train_loss=0.5884
epoch=7 step=504300 train_loss=0.5832
epoch=7 step=504350 train_loss=0.5614
epoch=7 step=504400 train_loss=0.6143
epoch=7 step=504450 train_loss=0.4993
epoch=7 step=504500 train_loss=0.5584
[eval] step=504500 train=0.5747 val=0.5858
epoch=7 step=504550 train_loss=0.5907
epoch=7 step=504600 train_loss=0.5798
epoch=7 step=504650 train_loss=0.6113
epoch=7 step=504700 train_loss=0.5595
epoch=7 step=504750 train_loss=0.5871
epoch=7 step=504800 train_loss=0.5742
epoch=7 step=504850 train_loss=0.5911
epoch=7 step=504900 train_loss=0.5596
epoch=7 step=504950 train_loss=0.5906
epoch=7 step=505000 train_loss=0.5748
[eval] step=505000 train=0.5897 val=0.5833
epoch=7 step=505050 train_loss=0.5779
epoch=7 step=505100 train_loss=0.5908
epoch=7 step=505150 train_loss=0.5932
epoch=7 step=505200 train_loss=0.5940
epoch=7 step=505250 train_loss=0.5731
epoch=7 step=505300 train_loss=0.5432
epoch=7 step=505350 train_loss=0.5637
epoch=7 step=505400 train_loss=0.5507
epoch=7 step=505450 train_loss=0.5802
epoch=7 step=505500 train_loss=0.5207
[eval] step=505500 train=0.5662 val=0.5846
epoch=7 step=505550 train_loss=0.5366
epoch=7 step=505600 train_loss=0.5928
epoch=7 step=505650 train_loss=0.6076
epoch=7 step=505700 train_loss=0.6199
epoch=7 step=505750 train_loss=0.5316
epoch=7 step=505800 train_loss=0.5965
epoch=7 step=505850 train_loss=0.5643
epoch=7 step=505900 train_loss=0.6170
epoch=7 step=505950 train_loss=0.5648
epoch=7 step=506000 train_loss=0.5209
[eval] step=506000 train=0.5670 val=0.5819
epoch=7 step=506050 train_loss=0.5439
epoch=7 step=506100 train_loss=0.5803
epoch=7 step=506150 train_loss=0.5629
epoch=7 step=506200 train_loss=0.5139
epoch=7 step=506250 train_loss=0.5548
epoch=7 step=506300 train_loss=0.5488
epoch=7 step=506350 train_loss=0.5800
epoch=7 step=506400 train_loss=0.5708
epoch=7 step=506450 train_loss=0.5536
epoch=7 step=506500 train_loss=0.6014
[eval] step=506500 train=0.5675 val=0.5850
epoch=7 step=506550 train_loss=0.5587
epoch=7 step=506600 train_loss=0.5707
epoch=7 step=506650 train_loss=0.5685
epoch=7 step=506700 train_loss=0.5721
epoch=7 step=506750 train_loss=0.5728
epoch=7 step=506800 train_loss=0.6215
epoch=7 step=506850 train_loss=0.6002
epoch=7 step=506900 train_loss=0.5629
epoch=7 step=506950 train_loss=0.5676
epoch=7 step=507000 train_loss=0.5667
[eval] step=507000 train=0.5592 val=0.5839
epoch=7 step=507050 train_loss=0.6306
epoch=7 step=507100 train_loss=0.5728
epoch=7 step=507150 train_loss=0.5971
epoch=7 step=507200 train_loss=0.6135
epoch=7 step=507250 train_loss=0.6029
epoch=7 step=507300 train_loss=0.5216
epoch=7 step=507350 train_loss=0.6074
epoch=7 step=507400 train_loss=0.6085
epoch=7 step=507450 train_loss=0.6130
epoch=7 step=507500 train_loss=0.5941
[eval] step=507500 train=0.5655 val=0.5835
epoch=7 step=507550 train_loss=0.5754
epoch=7 step=507600 train_loss=0.5521
epoch=7 step=507650 train_loss=0.5689
epoch=7 step=507700 train_loss=0.6769
epoch=7 step=507750 train_loss=0.5801
epoch=8 step=507800 train_loss=0.5609
epoch=8 step=507850 train_loss=0.5556
epoch=8 step=507900 train_loss=0.5583
epoch=8 step=507950 train_loss=0.5791
epoch=8 step=508000 train_loss=0.5718
[eval] step=508000 train=0.5735 val=0.5789
epoch=8 step=508050 train_loss=0.5926
epoch=8 step=508100 train_loss=0.5781
epoch=8 step=508150 train_loss=0.5534
epoch=8 step=508200 train_loss=0.5867
epoch=8 step=508250 train_loss=0.5644
epoch=8 step=508300 train_loss=0.5818
epoch=8 step=508350 train_loss=0.5627
epoch=8 step=508400 train_loss=0.5297
epoch=8 step=508450 train_loss=0.5759
epoch=8 step=508500 train_loss=0.5877
[eval] step=508500 train=0.5569 val=0.5803
epoch=8 step=508550 train_loss=0.5642
epoch=8 step=508600 train_loss=0.5599
epoch=8 step=508650 train_loss=0.5388
epoch=8 step=508700 train_loss=0.5722
epoch=8 step=508750 train_loss=0.5618
epoch=8 step=508800 train_loss=0.5574
epoch=8 step=508850 train_loss=0.5805
epoch=8 step=508900 train_loss=0.6176
epoch=8 step=508950 train_loss=0.6174
epoch=8 step=509000 train_loss=0.5791
[eval] step=509000 train=0.5625 val=0.5846
epoch=8 step=509050 train_loss=0.5843
epoch=8 step=509100 train_loss=0.5564
epoch=8 step=509150 train_loss=0.5904
epoch=8 step=509200 train_loss=0.5468
epoch=8 step=509250 train_loss=0.5181
epoch=8 step=509300 train_loss=0.5909
epoch=8 step=509350 train_loss=0.5885
epoch=8 step=509400 train_loss=0.5704
epoch=8 step=509450 train_loss=0.5407
epoch=8 step=509500 train_loss=0.6241
[eval] step=509500 train=0.5665 val=0.5809
epoch=8 step=509550 train_loss=0.5704
epoch=8 step=509600 train_loss=0.6250
epoch=8 step=509650 train_loss=0.5298
epoch=8 step=509700 train_loss=0.5481
epoch=8 step=509750 train_loss=0.5796
epoch=8 step=509800 train_loss=0.5985
epoch=8 step=509850 train_loss=0.5819
epoch=8 step=509900 train_loss=0.6032
epoch=8 step=509950 train_loss=0.5662
epoch=8 step=510000 train_loss=0.5773
[eval] step=510000 train=0.5571 val=0.5816
epoch=8 step=510050 train_loss=0.5794
epoch=8 step=510100 train_loss=0.5640
epoch=8 step=510150 train_loss=0.5355
epoch=8 step=510200 train_loss=0.6062
epoch=8 step=510250 train_loss=0.6208
epoch=8 step=510300 train_loss=0.6077
epoch=8 step=510350 train_loss=0.5313
epoch=8 step=510400 train_loss=0.5629
epoch=8 step=510450 train_loss=0.5553
epoch=8 step=510500 train_loss=0.5981
[eval] step=510500 train=0.5670 val=0.5794
epoch=8 step=510550 train_loss=0.5877
epoch=8 step=510600 train_loss=0.5924
epoch=8 step=510650 train_loss=0.5394
epoch=8 step=510700 train_loss=0.5606
epoch=8 step=510750 train_loss=0.5926
epoch=8 step=510800 train_loss=0.6017
epoch=8 step=510850 train_loss=0.5758
epoch=8 step=510900 train_loss=0.5591
epoch=8 step=510950 train_loss=0.5540
epoch=8 step=511000 train_loss=0.5644
[eval] step=511000 train=0.5602 val=0.5789
epoch=8 step=511050 train_loss=0.5817
epoch=8 step=511100 train_loss=0.5734
epoch=8 step=511150 train_loss=0.5567
epoch=8 step=511200 train_loss=0.6389
epoch=8 step=511250 train_loss=0.5816
epoch=8 step=511300 train_loss=0.5935
epoch=8 step=511350 train_loss=0.5382
epoch=8 step=511400 train_loss=0.5933
epoch=8 step=511450 train_loss=0.5808
epoch=8 step=511500 train_loss=0.5354
[eval] step=511500 train=0.5589 val=0.5844
epoch=8 step=511550 train_loss=0.5733
epoch=8 step=511600 train_loss=0.5286
epoch=8 step=511650 train_loss=0.5766
epoch=8 step=511700 train_loss=0.5102
epoch=8 step=511750 train_loss=0.5443
epoch=8 step=511800 train_loss=0.5969
epoch=8 step=511850 train_loss=0.5720
epoch=8 step=511900 train_loss=0.5958
epoch=8 step=511950 train_loss=0.5849
epoch=8 step=512000 train_loss=0.5360
[eval] step=512000 train=0.5591 val=0.5861
epoch=8 step=512050 train_loss=0.5641
epoch=8 step=512100 train_loss=0.5892
epoch=8 step=512150 train_loss=0.5853
epoch=8 step=512200 train_loss=0.5861
epoch=8 step=512250 train_loss=0.5885
epoch=8 step=512300 train_loss=0.6118
epoch=8 step=512350 train_loss=0.5942
epoch=8 step=512400 train_loss=0.5348
epoch=8 step=512450 train_loss=0.5406
epoch=8 step=512500 train_loss=0.5386
[eval] step=512500 train=0.5650 val=0.5862
epoch=8 step=512550 train_loss=0.5573
epoch=8 step=512600 train_loss=0.5445
epoch=8 step=512650 train_loss=0.6020
epoch=8 step=512700 train_loss=0.5617
epoch=8 step=512750 train_loss=0.5514
epoch=8 step=512800 train_loss=0.5673
epoch=8 step=512850 train_loss=0.5593
epoch=8 step=512900 train_loss=0.5390
epoch=8 step=512950 train_loss=0.5693
epoch=8 step=513000 train_loss=0.5407
[eval] step=513000 train=0.5668 val=0.5814
epoch=8 step=513050 train_loss=0.5460
epoch=8 step=513100 train_loss=0.5467
epoch=8 step=513150 train_loss=0.5659
epoch=8 step=513200 train_loss=0.5936
epoch=8 step=513250 train_loss=0.5760
epoch=8 step=513300 train_loss=0.5527
epoch=8 step=513350 train_loss=0.5750
epoch=8 step=513400 train_loss=0.5776
epoch=8 step=513450 train_loss=0.6031
epoch=8 step=513500 train_loss=0.5513
[eval] step=513500 train=0.5665 val=0.5818
epoch=8 step=513550 train_loss=0.5843
epoch=8 step=513600 train_loss=0.5658
epoch=8 step=513650 train_loss=0.5654
epoch=8 step=513700 train_loss=0.6099
epoch=8 step=513750 train_loss=0.5995
epoch=8 step=513800 train_loss=0.5374
epoch=8 step=513850 train_loss=0.5842
epoch=8 step=513900 train_loss=0.5670
epoch=8 step=513950 train_loss=0.5455
epoch=8 step=514000 train_loss=0.5438
[eval] step=514000 train=0.5656 val=0.5816
epoch=8 step=514050 train_loss=0.6052
epoch=8 step=514100 train_loss=0.6197
epoch=8 step=514150 train_loss=0.6069
epoch=8 step=514200 train_loss=0.5476
epoch=8 step=514250 train_loss=0.5624
epoch=8 step=514300 train_loss=0.6222
epoch=8 step=514350 train_loss=0.5906
epoch=8 step=514400 train_loss=0.5757
epoch=8 step=514450 train_loss=0.6084
epoch=8 step=514500 train_loss=0.5654
[eval] step=514500 train=0.5608 val=0.5833
epoch=8 step=514550 train_loss=0.5587
epoch=8 step=514600 train_loss=0.5965
epoch=8 step=514650 train_loss=0.5614
epoch=8 step=514700 train_loss=0.6246
epoch=8 step=514750 train_loss=0.6077
epoch=8 step=514800 train_loss=0.6072
epoch=8 step=514850 train_loss=0.5664
epoch=8 step=514900 train_loss=0.5786
epoch=8 step=514950 train_loss=0.5819
epoch=8 step=515000 train_loss=0.5645
[eval] step=515000 train=0.5730 val=0.5850
epoch=8 step=515050 train_loss=0.5767
epoch=8 step=515100 train_loss=0.6059
epoch=8 step=515150 train_loss=0.5010
epoch=8 step=515200 train_loss=0.5860
epoch=8 step=515250 train_loss=0.6041
epoch=8 step=515300 train_loss=0.5609
epoch=8 step=515350 train_loss=0.5630
epoch=8 step=515400 train_loss=0.5888
epoch=8 step=515450 train_loss=0.5788
epoch=8 step=515500 train_loss=0.5844
[eval] step=515500 train=0.5699 val=0.5852
epoch=8 step=515550 train_loss=0.5954
epoch=8 step=515600 train_loss=0.6155
epoch=8 step=515650 train_loss=0.5187
epoch=8 step=515700 train_loss=0.5467
epoch=8 step=515750 train_loss=0.5590
epoch=8 step=515800 train_loss=0.5638
epoch=8 step=515850 train_loss=0.6144
epoch=8 step=515900 train_loss=0.5869
epoch=8 step=515950 train_loss=0.5607
epoch=8 step=516000 train_loss=0.6190
[eval] step=516000 train=0.5602 val=0.5833
epoch=8 step=516050 train_loss=0.5882
epoch=8 step=516100 train_loss=0.5259
epoch=8 step=516150 train_loss=0.5814
epoch=8 step=516200 train_loss=0.5556
epoch=8 step=516250 train_loss=0.5496
epoch=8 step=516300 train_loss=0.6273
epoch=8 step=516350 train_loss=0.6091
epoch=8 step=516400 train_loss=0.5786
epoch=8 step=516450 train_loss=0.6266
epoch=8 step=516500 train_loss=0.6091
[eval] step=516500 train=0.5669 val=0.5840
epoch=8 step=516550 train_loss=0.5684
epoch=8 step=516600 train_loss=0.5363
epoch=8 step=516650 train_loss=0.5787
epoch=8 step=516700 train_loss=0.6421
epoch=8 step=516750 train_loss=0.5552
epoch=8 step=516800 train_loss=0.5670
epoch=8 step=516850 train_loss=0.5788
epoch=8 step=516900 train_loss=0.5634
epoch=8 step=516950 train_loss=0.5476
epoch=8 step=517000 train_loss=0.5770
[eval] step=517000 train=0.5690 val=0.5844
epoch=8 step=517050 train_loss=0.5215
epoch=8 step=517100 train_loss=0.6203
epoch=8 step=517150 train_loss=0.5452
epoch=8 step=517200 train_loss=0.5706
epoch=8 step=517250 train_loss=0.6240
epoch=8 step=517300 train_loss=0.5831
epoch=8 step=517350 train_loss=0.5646
epoch=8 step=517400 train_loss=0.5508
epoch=8 step=517450 train_loss=0.5248
epoch=8 step=517500 train_loss=0.5678
[eval] step=517500 train=0.5687 val=0.5865
epoch=8 step=517550 train_loss=0.5920
epoch=8 step=517600 train_loss=0.5664
epoch=8 step=517650 train_loss=0.6053
epoch=8 step=517700 train_loss=0.5593
epoch=8 step=517750 train_loss=0.5600
epoch=8 step=517800 train_loss=0.6383
epoch=8 step=517850 train_loss=0.5743
epoch=8 step=517900 train_loss=0.6025
epoch=8 step=517950 train_loss=0.5469
epoch=8 step=518000 train_loss=0.5543
[eval] step=518000 train=0.5678 val=0.5812
epoch=8 step=518050 train_loss=0.5669
epoch=8 step=518100 train_loss=0.5606
epoch=8 step=518150 train_loss=0.5158
epoch=8 step=518200 train_loss=0.5354
epoch=8 step=518250 train_loss=0.5705
epoch=8 step=518300 train_loss=0.6171
epoch=8 step=518350 train_loss=0.5649
epoch=8 step=518400 train_loss=0.5090
epoch=8 step=518450 train_loss=0.5559
epoch=8 step=518500 train_loss=0.5744
[eval] step=518500 train=0.5657 val=0.5838
epoch=8 step=518550 train_loss=0.6250
epoch=8 step=518600 train_loss=0.6361
epoch=8 step=518650 train_loss=0.5942
epoch=8 step=518700 train_loss=0.5678
epoch=8 step=518750 train_loss=0.5653
epoch=8 step=518800 train_loss=0.6125
epoch=8 step=518850 train_loss=0.5853
epoch=8 step=518900 train_loss=0.5813
epoch=8 step=518950 train_loss=0.5916
epoch=8 step=519000 train_loss=0.5768
[eval] step=519000 train=0.5497 val=0.5849
epoch=8 step=519050 train_loss=0.5890
epoch=8 step=519100 train_loss=0.5899
epoch=8 step=519150 train_loss=0.6220
epoch=8 step=519200 train_loss=0.6102
epoch=8 step=519250 train_loss=0.6164
epoch=8 step=519300 train_loss=0.5384
epoch=8 step=519350 train_loss=0.6134
epoch=8 step=519400 train_loss=0.5998
epoch=8 step=519450 train_loss=0.5925
epoch=8 step=519500 train_loss=0.5848
[eval] step=519500 train=0.5696 val=0.5813
epoch=8 step=519550 train_loss=0.5326
epoch=8 step=519600 train_loss=0.5931
epoch=8 step=519650 train_loss=0.5659
epoch=8 step=519700 train_loss=0.5254
epoch=8 step=519750 train_loss=0.5633
epoch=8 step=519800 train_loss=0.5593
epoch=8 step=519850 train_loss=0.5801
epoch=8 step=519900 train_loss=0.5832
epoch=8 step=519950 train_loss=0.5484
epoch=8 step=520000 train_loss=0.5880
[eval] step=520000 train=0.5676 val=0.5824
epoch=8 step=520050 train_loss=0.5880
epoch=8 step=520100 train_loss=0.5918
epoch=8 step=520150 train_loss=0.5707
epoch=8 step=520200 train_loss=0.5611
epoch=8 step=520250 train_loss=0.5873
epoch=8 step=520300 train_loss=0.5489
epoch=8 step=520350 train_loss=0.5869
epoch=8 step=520400 train_loss=0.5159
epoch=8 step=520450 train_loss=0.5353
epoch=8 step=520500 train_loss=0.5275
[eval] step=520500 train=0.5636 val=0.5827
epoch=8 step=520550 train_loss=0.5846
epoch=8 step=520600 train_loss=0.5719
epoch=8 step=520650 train_loss=0.5577
epoch=8 step=520700 train_loss=0.6156
epoch=8 step=520750 train_loss=0.5797
epoch=8 step=520800 train_loss=0.5959
epoch=8 step=520850 train_loss=0.5933
epoch=8 step=520900 train_loss=0.5963
epoch=8 step=520950 train_loss=0.5901
epoch=8 step=521000 train_loss=0.5578
[eval] step=521000 train=0.5616 val=0.5836
epoch=8 step=521050 train_loss=0.5048
epoch=8 step=521100 train_loss=0.5559
epoch=8 step=521150 train_loss=0.5426
epoch=8 step=521200 train_loss=0.6332
epoch=8 step=521250 train_loss=0.5448
epoch=8 step=521300 train_loss=0.5915
epoch=8 step=521350 train_loss=0.5782
epoch=8 step=521400 train_loss=0.6025
epoch=8 step=521450 train_loss=0.5608
epoch=8 step=521500 train_loss=0.5592
[eval] step=521500 train=0.5709 val=0.5851
epoch=8 step=521550 train_loss=0.5828
epoch=8 step=521600 train_loss=0.5694
epoch=8 step=521650 train_loss=0.5677
epoch=8 step=521700 train_loss=0.5386
epoch=8 step=521750 train_loss=0.5486
epoch=8 step=521800 train_loss=0.5576
epoch=8 step=521850 train_loss=0.5608
epoch=8 step=521900 train_loss=0.5550
epoch=8 step=521950 train_loss=0.6010
epoch=8 step=522000 train_loss=0.5871
[eval] step=522000 train=0.5597 val=0.5814
epoch=8 step=522050 train_loss=0.5831
epoch=8 step=522100 train_loss=0.5792
epoch=8 step=522150 train_loss=0.5617
epoch=8 step=522200 train_loss=0.5724
epoch=8 step=522250 train_loss=0.5699
epoch=8 step=522300 train_loss=0.5689
epoch=8 step=522350 train_loss=0.5588
epoch=8 step=522400 train_loss=0.6195
epoch=8 step=522450 train_loss=0.6074
epoch=8 step=522500 train_loss=0.5842
[eval] step=522500 train=0.5564 val=0.5840
epoch=8 step=522550 train_loss=0.5816
epoch=8 step=522600 train_loss=0.5318
epoch=8 step=522650 train_loss=0.6003
epoch=8 step=522700 train_loss=0.5510
epoch=8 step=522750 train_loss=0.5930
epoch=8 step=522800 train_loss=0.5770
epoch=8 step=522850 train_loss=0.5906
epoch=8 step=522900 train_loss=0.5672
epoch=8 step=522950 train_loss=0.5688
epoch=8 step=523000 train_loss=0.5826
[eval] step=523000 train=0.5564 val=0.5800
epoch=8 step=523050 train_loss=0.5828
epoch=8 step=523100 train_loss=0.5593
epoch=8 step=523150 train_loss=0.5711
epoch=8 step=523200 train_loss=0.5748
epoch=8 step=523250 train_loss=0.6272
epoch=8 step=523300 train_loss=0.6441
epoch=8 step=523350 train_loss=0.5486
epoch=8 step=523400 train_loss=0.5577
epoch=8 step=523450 train_loss=0.5920
epoch=8 step=523500 train_loss=0.5850
[eval] step=523500 train=0.5705 val=0.5844
epoch=8 step=523550 train_loss=0.6111
epoch=8 step=523600 train_loss=0.5842
epoch=8 step=523650 train_loss=0.5499
epoch=8 step=523700 train_loss=0.5639
epoch=8 step=523750 train_loss=0.5757
epoch=8 step=523800 train_loss=0.5512
epoch=8 step=523850 train_loss=0.6182
epoch=8 step=523900 train_loss=0.5469
epoch=8 step=523950 train_loss=0.5480
epoch=8 step=524000 train_loss=0.5827
[eval] step=524000 train=0.5715 val=0.5875
epoch=8 step=524050 train_loss=0.5488
epoch=8 step=524100 train_loss=0.5913
epoch=8 step=524150 train_loss=0.5697
epoch=8 step=524200 train_loss=0.5652
epoch=8 step=524250 train_loss=0.5649
epoch=8 step=524300 train_loss=0.5657
epoch=8 step=524350 train_loss=0.5783
epoch=8 step=524400 train_loss=0.5602
epoch=8 step=524450 train_loss=0.5725
epoch=8 step=524500 train_loss=0.5726
[eval] step=524500 train=0.5698 val=0.5845
epoch=8 step=524550 train_loss=0.5575
epoch=8 step=524600 train_loss=0.5558
epoch=8 step=524650 train_loss=0.5897
epoch=8 step=524700 train_loss=0.5706
epoch=8 step=524750 train_loss=0.5512
epoch=8 step=524800 train_loss=0.6086
epoch=8 step=524850 train_loss=0.5942
epoch=8 step=524900 train_loss=0.5745
epoch=8 step=524950 train_loss=0.5732
epoch=8 step=525000 train_loss=0.5744
[eval] step=525000 train=0.5681 val=0.5834
epoch=8 step=525050 train_loss=0.5709
epoch=8 step=525100 train_loss=0.5851
epoch=8 step=525150 train_loss=0.5987
epoch=8 step=525200 train_loss=0.5806
epoch=8 step=525250 train_loss=0.5863
epoch=8 step=525300 train_loss=0.6065
epoch=8 step=525350 train_loss=0.5663
epoch=8 step=525400 train_loss=0.5415
epoch=8 step=525450 train_loss=0.5819
epoch=8 step=525500 train_loss=0.5786
[eval] step=525500 train=0.5644 val=0.5814
epoch=8 step=525550 train_loss=0.5701
epoch=8 step=525600 train_loss=0.5472
epoch=8 step=525650 train_loss=0.5359
epoch=8 step=525700 train_loss=0.5767
epoch=8 step=525750 train_loss=0.5860
epoch=8 step=525800 train_loss=0.5288
epoch=8 step=525850 train_loss=0.5982
epoch=8 step=525900 train_loss=0.5678
epoch=8 step=525950 train_loss=0.5275
epoch=8 step=526000 train_loss=0.5804
[eval] step=526000 train=0.5634 val=0.5825
epoch=8 step=526050 train_loss=0.6068
epoch=8 step=526100 train_loss=0.5979
epoch=8 step=526150 train_loss=0.5769
epoch=8 step=526200 train_loss=0.5812
epoch=8 step=526250 train_loss=0.5695
epoch=8 step=526300 train_loss=0.5665
epoch=8 step=526350 train_loss=0.5406
epoch=8 step=526400 train_loss=0.5857
epoch=8 step=526450 train_loss=0.5896
epoch=8 step=526500 train_loss=0.6139
[eval] step=526500 train=0.5665 val=0.5828
epoch=8 step=526550 train_loss=0.5533
epoch=8 step=526600 train_loss=0.5628
epoch=8 step=526650 train_loss=0.5758
epoch=8 step=526700 train_loss=0.6077
epoch=8 step=526750 train_loss=0.6441
epoch=8 step=526800 train_loss=0.5739
epoch=8 step=526850 train_loss=0.5258
epoch=8 step=526900 train_loss=0.5589
epoch=8 step=526950 train_loss=0.5321
epoch=8 step=527000 train_loss=0.5926
[eval] step=527000 train=0.5667 val=0.5837
epoch=8 step=527050 train_loss=0.5854
epoch=8 step=527100 train_loss=0.5123
epoch=8 step=527150 train_loss=0.6079
epoch=8 step=527200 train_loss=0.5848
epoch=8 step=527250 train_loss=0.5979
epoch=8 step=527300 train_loss=0.6147
epoch=8 step=527350 train_loss=0.5255
epoch=8 step=527400 train_loss=0.5981
epoch=8 step=527450 train_loss=0.5451
epoch=8 step=527500 train_loss=0.6122
[eval] step=527500 train=0.5749 val=0.5874
epoch=8 step=527550 train_loss=0.5916
epoch=8 step=527600 train_loss=0.5405
epoch=8 step=527650 train_loss=0.5934
epoch=8 step=527700 train_loss=0.5479
epoch=8 step=527750 train_loss=0.5961
epoch=8 step=527800 train_loss=0.5706
epoch=8 step=527850 train_loss=0.5894
epoch=8 step=527900 train_loss=0.5370
epoch=8 step=527950 train_loss=0.6514
epoch=8 step=528000 train_loss=0.5763
[eval] step=528000 train=0.5803 val=0.5820
epoch=8 step=528050 train_loss=0.5417
epoch=8 step=528100 train_loss=0.5893
epoch=8 step=528150 train_loss=0.5646
epoch=8 step=528200 train_loss=0.5261
epoch=8 step=528250 train_loss=0.6009
epoch=8 step=528300 train_loss=0.5418
epoch=8 step=528350 train_loss=0.5637
epoch=8 step=528400 train_loss=0.5398
epoch=8 step=528450 train_loss=0.5608
epoch=8 step=528500 train_loss=0.5573
[eval] step=528500 train=0.5550 val=0.5838
epoch=8 step=528550 train_loss=0.5076
epoch=8 step=528600 train_loss=0.5803
epoch=8 step=528650 train_loss=0.5508
epoch=8 step=528700 train_loss=0.5834
epoch=8 step=528750 train_loss=0.6281
epoch=8 step=528800 train_loss=0.5797
epoch=8 step=528850 train_loss=0.5538
epoch=8 step=528900 train_loss=0.5064
epoch=8 step=528950 train_loss=0.5786
epoch=8 step=529000 train_loss=0.5611
[eval] step=529000 train=0.5666 val=0.5874
epoch=8 step=529050 train_loss=0.5881
epoch=8 step=529100 train_loss=0.5656
epoch=8 step=529150 train_loss=0.5952
epoch=8 step=529200 train_loss=0.5702
epoch=8 step=529250 train_loss=0.5414
epoch=8 step=529300 train_loss=0.6097
epoch=8 step=529350 train_loss=0.5328
epoch=8 step=529400 train_loss=0.5453
epoch=8 step=529450 train_loss=0.5348
epoch=8 step=529500 train_loss=0.5802
[eval] step=529500 train=0.5608 val=0.5849
epoch=8 step=529550 train_loss=0.6032
epoch=8 step=529600 train_loss=0.6067
epoch=8 step=529650 train_loss=0.5571
epoch=8 step=529700 train_loss=0.5881
epoch=8 step=529750 train_loss=0.5901
epoch=8 step=529800 train_loss=0.5599
epoch=8 step=529850 train_loss=0.5848
epoch=8 step=529900 train_loss=0.5936
epoch=8 step=529950 train_loss=0.5563
epoch=8 step=530000 train_loss=0.6032
[eval] step=530000 train=0.5766 val=0.5817
epoch=8 step=530050 train_loss=0.5582
epoch=8 step=530100 train_loss=0.5458
epoch=8 step=530150 train_loss=0.5569
epoch=8 step=530200 train_loss=0.6500
epoch=8 step=530250 train_loss=0.5867
epoch=8 step=530300 train_loss=0.5433
epoch=8 step=530350 train_loss=0.5808
epoch=8 step=530400 train_loss=0.5899
epoch=8 step=530450 train_loss=0.5843
epoch=8 step=530500 train_loss=0.6106
[eval] step=530500 train=0.5621 val=0.5831
epoch=8 step=530550 train_loss=0.5096
epoch=8 step=530600 train_loss=0.5990
epoch=8 step=530650 train_loss=0.4953
epoch=8 step=530700 train_loss=0.5655
epoch=8 step=530750 train_loss=0.6079
epoch=8 step=530800 train_loss=0.5725
epoch=8 step=530850 train_loss=0.5473
epoch=8 step=530900 train_loss=0.5908
epoch=8 step=530950 train_loss=0.5533
epoch=8 step=531000 train_loss=0.5687
[eval] step=531000 train=0.5823 val=0.5858
epoch=8 step=531050 train_loss=0.6084
epoch=8 step=531100 train_loss=0.5186
epoch=8 step=531150 train_loss=0.5587
epoch=8 step=531200 train_loss=0.6133
epoch=8 step=531250 train_loss=0.5721
epoch=8 step=531300 train_loss=0.5897
epoch=8 step=531350 train_loss=0.5567
epoch=8 step=531400 train_loss=0.5759
epoch=8 step=531450 train_loss=0.5527
epoch=8 step=531500 train_loss=0.5470
[eval] step=531500 train=0.5693 val=0.5820
epoch=8 step=531550 train_loss=0.5923
epoch=8 step=531600 train_loss=0.5864
epoch=8 step=531650 train_loss=0.5752
epoch=8 step=531700 train_loss=0.5956
epoch=8 step=531750 train_loss=0.5519
epoch=8 step=531800 train_loss=0.5272
epoch=8 step=531850 train_loss=0.5521
epoch=8 step=531900 train_loss=0.5496
epoch=8 step=531950 train_loss=0.5538
epoch=8 step=532000 train_loss=0.5858
[eval] step=532000 train=0.5677 val=0.5769
epoch=8 step=532050 train_loss=0.6049
epoch=8 step=532100 train_loss=0.5494
epoch=8 step=532150 train_loss=0.6132
epoch=8 step=532200 train_loss=0.5746
epoch=8 step=532250 train_loss=0.5950
epoch=8 step=532300 train_loss=0.5569
epoch=8 step=532350 train_loss=0.6368
epoch=8 step=532400 train_loss=0.5770
epoch=8 step=532450 train_loss=0.5849
epoch=8 step=532500 train_loss=0.5594
[eval] step=532500 train=0.5666 val=0.5865
epoch=8 step=532550 train_loss=0.5411
epoch=8 step=532600 train_loss=0.6342
epoch=8 step=532650 train_loss=0.5648
epoch=8 step=532700 train_loss=0.5407
epoch=8 step=532750 train_loss=0.5578
epoch=8 step=532800 train_loss=0.5962
epoch=8 step=532850 train_loss=0.5899
epoch=8 step=532900 train_loss=0.5368
epoch=8 step=532950 train_loss=0.5729
epoch=8 step=533000 train_loss=0.5849
[eval] step=533000 train=0.5777 val=0.5785
epoch=8 step=533050 train_loss=0.5483
epoch=8 step=533100 train_loss=0.5783
epoch=8 step=533150 train_loss=0.5904
epoch=8 step=533200 train_loss=0.5403
epoch=8 step=533250 train_loss=0.5529
epoch=8 step=533300 train_loss=0.5711
epoch=8 step=533350 train_loss=0.5538
epoch=8 step=533400 train_loss=0.5897
epoch=8 step=533450 train_loss=0.5887
epoch=8 step=533500 train_loss=0.5942
[eval] step=533500 train=0.5705 val=0.5796
epoch=8 step=533550 train_loss=0.5520
epoch=8 step=533600 train_loss=0.5532
epoch=8 step=533650 train_loss=0.5721
epoch=8 step=533700 train_loss=0.5893
epoch=8 step=533750 train_loss=0.5509
epoch=8 step=533800 train_loss=0.5749
epoch=8 step=533850 train_loss=0.5927
epoch=8 step=533900 train_loss=0.5829
epoch=8 step=533950 train_loss=0.5465
epoch=8 step=534000 train_loss=0.5578
[eval] step=534000 train=0.5590 val=0.5872
epoch=8 step=534050 train_loss=0.5488
epoch=8 step=534100 train_loss=0.5858
epoch=8 step=534150 train_loss=0.6484
epoch=8 step=534200 train_loss=0.5569
epoch=8 step=534250 train_loss=0.5632
epoch=8 step=534300 train_loss=0.5522
epoch=8 step=534350 train_loss=0.5611
epoch=8 step=534400 train_loss=0.5313
epoch=8 step=534450 train_loss=0.6074
epoch=8 step=534500 train_loss=0.5670
[eval] step=534500 train=0.5736 val=0.5776
epoch=8 step=534550 train_loss=0.5347
epoch=8 step=534600 train_loss=0.5702
epoch=8 step=534650 train_loss=0.5277
epoch=8 step=534700 train_loss=0.5341
epoch=8 step=534750 train_loss=0.5537
epoch=8 step=534800 train_loss=0.5601
epoch=8 step=534850 train_loss=0.5921
epoch=8 step=534900 train_loss=0.5932
epoch=8 step=534950 train_loss=0.5539
epoch=8 step=535000 train_loss=0.5837
[eval] step=535000 train=0.5810 val=0.5844
epoch=8 step=535050 train_loss=0.5998
epoch=8 step=535100 train_loss=0.5582
epoch=8 step=535150 train_loss=0.5540
epoch=8 step=535200 train_loss=0.5740
epoch=8 step=535250 train_loss=0.6026
epoch=8 step=535300 train_loss=0.5966
epoch=8 step=535350 train_loss=0.5589
epoch=8 step=535400 train_loss=0.5724
epoch=8 step=535450 train_loss=0.5625
epoch=8 step=535500 train_loss=0.6222
[eval] step=535500 train=0.5633 val=0.5789
epoch=8 step=535550 train_loss=0.5544
epoch=8 step=535600 train_loss=0.5768
epoch=8 step=535650 train_loss=0.5007
epoch=8 step=535700 train_loss=0.6326
epoch=8 step=535750 train_loss=0.5752
epoch=8 step=535800 train_loss=0.5575
epoch=8 step=535850 train_loss=0.5270
epoch=8 step=535900 train_loss=0.6138
epoch=8 step=535950 train_loss=0.5658
epoch=8 step=536000 train_loss=0.5696
[eval] step=536000 train=0.5558 val=0.5858
epoch=8 step=536050 train_loss=0.5439
epoch=8 step=536100 train_loss=0.5621
epoch=8 step=536150 train_loss=0.5221
epoch=8 step=536200 train_loss=0.5792
epoch=8 step=536250 train_loss=0.5551
epoch=8 step=536300 train_loss=0.5636
epoch=8 step=536350 train_loss=0.6285
epoch=8 step=536400 train_loss=0.6170
epoch=8 step=536450 train_loss=0.5836
epoch=8 step=536500 train_loss=0.6045
[eval] step=536500 train=0.5722 val=0.5858
epoch=8 step=536550 train_loss=0.5735
epoch=8 step=536600 train_loss=0.5827
epoch=8 step=536650 train_loss=0.5562
epoch=8 step=536700 train_loss=0.5650
epoch=8 step=536750 train_loss=0.5856
epoch=8 step=536800 train_loss=0.6105
epoch=8 step=536850 train_loss=0.5610
epoch=8 step=536900 train_loss=0.5734
epoch=8 step=536950 train_loss=0.6027
epoch=8 step=537000 train_loss=0.5447
[eval] step=537000 train=0.5629 val=0.5845
epoch=8 step=537050 train_loss=0.6055
epoch=8 step=537100 train_loss=0.5641
epoch=8 step=537150 train_loss=0.6214
epoch=8 step=537200 train_loss=0.5380
epoch=8 step=537250 train_loss=0.5435
epoch=8 step=537300 train_loss=0.6188
epoch=8 step=537350 train_loss=0.5218
epoch=8 step=537400 train_loss=0.5678
epoch=8 step=537450 train_loss=0.5329
epoch=8 step=537500 train_loss=0.5681
[eval] step=537500 train=0.5684 val=0.5937
epoch=8 step=537550 train_loss=0.5328
epoch=8 step=537600 train_loss=0.6038
epoch=8 step=537650 train_loss=0.5868
epoch=8 step=537700 train_loss=0.5791
epoch=8 step=537750 train_loss=0.5578
epoch=8 step=537800 train_loss=0.5853
epoch=8 step=537850 train_loss=0.5993
epoch=8 step=537900 train_loss=0.6143
epoch=8 step=537950 train_loss=0.5687
epoch=8 step=538000 train_loss=0.5565
[eval] step=538000 train=0.5685 val=0.5852
epoch=8 step=538050 train_loss=0.5444
epoch=8 step=538100 train_loss=0.5921
epoch=8 step=538150 train_loss=0.5602
epoch=8 step=538200 train_loss=0.5518
epoch=8 step=538250 train_loss=0.5546
epoch=8 step=538300 train_loss=0.4968
epoch=8 step=538350 train_loss=0.5621
epoch=8 step=538400 train_loss=0.5294
epoch=8 step=538450 train_loss=0.5780
epoch=8 step=538500 train_loss=0.5596
[eval] step=538500 train=0.5651 val=0.5859
epoch=8 step=538550 train_loss=0.5806
epoch=8 step=538600 train_loss=0.5830
epoch=8 step=538650 train_loss=0.5420
epoch=8 step=538700 train_loss=0.5521
epoch=8 step=538750 train_loss=0.5896
epoch=8 step=538800 train_loss=0.5518
epoch=8 step=538850 train_loss=0.5049
epoch=8 step=538900 train_loss=0.5209
epoch=8 step=538950 train_loss=0.6639
epoch=8 step=539000 train_loss=0.6098
[eval] step=539000 train=0.5646 val=0.5801
epoch=8 step=539050 train_loss=0.5454
epoch=8 step=539100 train_loss=0.5903
epoch=8 step=539150 train_loss=0.5312
epoch=8 step=539200 train_loss=0.5651
epoch=8 step=539250 train_loss=0.5682
epoch=8 step=539300 train_loss=0.5627
epoch=8 step=539350 train_loss=0.5680
epoch=8 step=539400 train_loss=0.5652
epoch=8 step=539450 train_loss=0.5785
epoch=8 step=539500 train_loss=0.5608
[eval] step=539500 train=0.5634 val=0.5817
epoch=8 step=539550 train_loss=0.5842
epoch=8 step=539600 train_loss=0.5816
epoch=8 step=539650 train_loss=0.6153
epoch=8 step=539700 train_loss=0.5815
epoch=8 step=539750 train_loss=0.5940
epoch=8 step=539800 train_loss=0.5784
epoch=8 step=539850 train_loss=0.6250
epoch=8 step=539900 train_loss=0.5871
epoch=8 step=539950 train_loss=0.5532
epoch=8 step=540000 train_loss=0.5773
[eval] step=540000 train=0.5563 val=0.5835
epoch=8 step=540050 train_loss=0.6021
epoch=8 step=540100 train_loss=0.6109
epoch=8 step=540150 train_loss=0.5560
epoch=8 step=540200 train_loss=0.5976
epoch=8 step=540250 train_loss=0.5359
epoch=8 step=540300 train_loss=0.5841
epoch=8 step=540350 train_loss=0.6028
epoch=8 step=540400 train_loss=0.5987
epoch=8 step=540450 train_loss=0.5756
epoch=8 step=540500 train_loss=0.5809
[eval] step=540500 train=0.5654 val=0.5831
epoch=8 step=540550 train_loss=0.5288
epoch=8 step=540600 train_loss=0.5871
epoch=8 step=540650 train_loss=0.6081
epoch=8 step=540700 train_loss=0.5586
epoch=8 step=540750 train_loss=0.5795
epoch=8 step=540800 train_loss=0.6118
epoch=8 step=540850 train_loss=0.5722
epoch=8 step=540900 train_loss=0.5877
epoch=8 step=540950 train_loss=0.5805
epoch=8 step=541000 train_loss=0.5517
[eval] step=541000 train=0.5677 val=0.5848
epoch=8 step=541050 train_loss=0.5226
epoch=8 step=541100 train_loss=0.5565
epoch=8 step=541150 train_loss=0.5637
epoch=8 step=541200 train_loss=0.5680
epoch=8 step=541250 train_loss=0.5421
epoch=8 step=541300 train_loss=0.5543
epoch=8 step=541350 train_loss=0.5453
epoch=8 step=541400 train_loss=0.5606
epoch=8 step=541450 train_loss=0.5744
epoch=8 step=541500 train_loss=0.5595
[eval] step=541500 train=0.5665 val=0.5802
epoch=8 step=541550 train_loss=0.5789
epoch=8 step=541600 train_loss=0.6006
epoch=8 step=541650 train_loss=0.5728
epoch=8 step=541700 train_loss=0.5593
epoch=8 step=541750 train_loss=0.6366
epoch=8 step=541800 train_loss=0.6046
epoch=8 step=541850 train_loss=0.5577
epoch=8 step=541900 train_loss=0.5526
epoch=8 step=541950 train_loss=0.5789
epoch=8 step=542000 train_loss=0.5935
[eval] step=542000 train=0.5557 val=0.5852
epoch=8 step=542050 train_loss=0.5300
epoch=8 step=542100 train_loss=0.5880
epoch=8 step=542150 train_loss=0.5298
epoch=8 step=542200 train_loss=0.6293
epoch=8 step=542250 train_loss=0.5730
epoch=8 step=542300 train_loss=0.6195
epoch=8 step=542350 train_loss=0.5717
epoch=8 step=542400 train_loss=0.6004
epoch=8 step=542450 train_loss=0.5597
epoch=8 step=542500 train_loss=0.5730
[eval] step=542500 train=0.5621 val=0.5819
epoch=8 step=542550 train_loss=0.6156
epoch=8 step=542600 train_loss=0.5735
epoch=8 step=542650 train_loss=0.5584
epoch=8 step=542700 train_loss=0.6021
epoch=8 step=542750 train_loss=0.5756
epoch=8 step=542800 train_loss=0.5427
epoch=8 step=542850 train_loss=0.5719
epoch=8 step=542900 train_loss=0.5671
epoch=8 step=542950 train_loss=0.5852
epoch=8 step=543000 train_loss=0.6041
[eval] step=543000 train=0.5610 val=0.5860
epoch=8 step=543050 train_loss=0.5703
epoch=8 step=543100 train_loss=0.5562
epoch=8 step=543150 train_loss=0.5957
epoch=8 step=543200 train_loss=0.6423
epoch=8 step=543250 train_loss=0.5387
epoch=8 step=543300 train_loss=0.5386
epoch=8 step=543350 train_loss=0.5588
epoch=8 step=543400 train_loss=0.6107
epoch=8 step=543450 train_loss=0.5551
epoch=8 step=543500 train_loss=0.5853
[eval] step=543500 train=0.5613 val=0.5852
epoch=8 step=543550 train_loss=0.6240
epoch=8 step=543600 train_loss=0.5640
epoch=8 step=543650 train_loss=0.6116
epoch=8 step=543700 train_loss=0.6197
epoch=8 step=543750 train_loss=0.6142
epoch=8 step=543800 train_loss=0.5951
epoch=8 step=543850 train_loss=0.5471
epoch=8 step=543900 train_loss=0.5712
epoch=8 step=543950 train_loss=0.6050
epoch=8 step=544000 train_loss=0.5842
[eval] step=544000 train=0.5722 val=0.5855
epoch=8 step=544050 train_loss=0.5585
epoch=8 step=544100 train_loss=0.5368
epoch=8 step=544150 train_loss=0.5908
epoch=8 step=544200 train_loss=0.5964
epoch=8 step=544250 train_loss=0.5626
epoch=8 step=544300 train_loss=0.5790
epoch=8 step=544350 train_loss=0.5676
epoch=8 step=544400 train_loss=0.5618
epoch=8 step=544450 train_loss=0.5482
epoch=8 step=544500 train_loss=0.5479
[eval] step=544500 train=0.5571 val=0.5867
epoch=8 step=544550 train_loss=0.5582
epoch=8 step=544600 train_loss=0.6114
epoch=8 step=544650 train_loss=0.5616
epoch=8 step=544700 train_loss=0.5731
epoch=8 step=544750 train_loss=0.5772
epoch=8 step=544800 train_loss=0.5662
epoch=8 step=544850 train_loss=0.5432
epoch=8 step=544900 train_loss=0.6028
epoch=8 step=544950 train_loss=0.5591
epoch=8 step=545000 train_loss=0.5603
[eval] step=545000 train=0.5680 val=0.5890
epoch=8 step=545050 train_loss=0.6013
epoch=8 step=545100 train_loss=0.5785
epoch=8 step=545150 train_loss=0.5931
epoch=8 step=545200 train_loss=0.5589
epoch=8 step=545250 train_loss=0.5943
epoch=8 step=545300 train_loss=0.6402
epoch=8 step=545350 train_loss=0.5383
epoch=8 step=545400 train_loss=0.6137
epoch=8 step=545450 train_loss=0.5378
epoch=8 step=545500 train_loss=0.5529
[eval] step=545500 train=0.5565 val=0.5856
epoch=8 step=545550 train_loss=0.5865
epoch=8 step=545600 train_loss=0.6115
epoch=8 step=545650 train_loss=0.5882
epoch=8 step=545700 train_loss=0.5608
epoch=8 step=545750 train_loss=0.5536
epoch=8 step=545800 train_loss=0.5635
epoch=8 step=545850 train_loss=0.5338
epoch=8 step=545900 train_loss=0.5530
epoch=8 step=545950 train_loss=0.5809
epoch=8 step=546000 train_loss=0.6028
[eval] step=546000 train=0.5659 val=0.5887
epoch=8 step=546050 train_loss=0.5935
epoch=8 step=546100 train_loss=0.5814
epoch=8 step=546150 train_loss=0.6036
epoch=8 step=546200 train_loss=0.5390
epoch=8 step=546250 train_loss=0.6116
epoch=8 step=546300 train_loss=0.5391
epoch=8 step=546350 train_loss=0.5762
epoch=8 step=546400 train_loss=0.6100
epoch=8 step=546450 train_loss=0.5807
epoch=8 step=546500 train_loss=0.6208
[eval] step=546500 train=0.5728 val=0.5855
epoch=8 step=546550 train_loss=0.6295
epoch=8 step=546600 train_loss=0.5314
epoch=8 step=546650 train_loss=0.6190
epoch=8 step=546700 train_loss=0.5351
epoch=8 step=546750 train_loss=0.5633
epoch=8 step=546800 train_loss=0.5765
epoch=8 step=546850 train_loss=0.5874
epoch=8 step=546900 train_loss=0.5916
epoch=8 step=546950 train_loss=0.5295
epoch=8 step=547000 train_loss=0.5730
[eval] step=547000 train=0.5620 val=0.5805
epoch=8 step=547050 train_loss=0.5482
epoch=8 step=547100 train_loss=0.5583
epoch=8 step=547150 train_loss=0.5973
epoch=8 step=547200 train_loss=0.5465
epoch=8 step=547250 train_loss=0.5945
epoch=8 step=547300 train_loss=0.5650
epoch=8 step=547350 train_loss=0.4814
epoch=8 step=547400 train_loss=0.5727
epoch=8 step=547450 train_loss=0.5498
epoch=8 step=547500 train_loss=0.5613
[eval] step=547500 train=0.5654 val=0.5901
epoch=8 step=547550 train_loss=0.5596
epoch=8 step=547600 train_loss=0.5452
epoch=8 step=547650 train_loss=0.6048
epoch=8 step=547700 train_loss=0.5561
epoch=8 step=547750 train_loss=0.5602
epoch=8 step=547800 train_loss=0.6224
epoch=8 step=547850 train_loss=0.5199
epoch=8 step=547900 train_loss=0.5965
epoch=8 step=547950 train_loss=0.5467
epoch=8 step=548000 train_loss=0.5525
[eval] step=548000 train=0.5657 val=0.5867
epoch=8 step=548050 train_loss=0.5641
epoch=8 step=548100 train_loss=0.6062
epoch=8 step=548150 train_loss=0.5648
epoch=8 step=548200 train_loss=0.5714
epoch=8 step=548250 train_loss=0.5450
epoch=8 step=548300 train_loss=0.5744
epoch=8 step=548350 train_loss=0.6045
epoch=8 step=548400 train_loss=0.5601
epoch=8 step=548450 train_loss=0.5462
epoch=8 step=548500 train_loss=0.5800
[eval] step=548500 train=0.5838 val=0.5900
epoch=8 step=548550 train_loss=0.5752
epoch=8 step=548600 train_loss=0.5405
epoch=8 step=548650 train_loss=0.5363
epoch=8 step=548700 train_loss=0.5686
epoch=8 step=548750 train_loss=0.5724
epoch=8 step=548800 train_loss=0.4853
epoch=8 step=548850 train_loss=0.5634
epoch=8 step=548900 train_loss=0.5928
epoch=8 step=548950 train_loss=0.5690
epoch=8 step=549000 train_loss=0.5602
[eval] step=549000 train=0.5648 val=0.5853
epoch=8 step=549050 train_loss=0.6034
epoch=8 step=549100 train_loss=0.5972
epoch=8 step=549150 train_loss=0.6147
epoch=8 step=549200 train_loss=0.5773
epoch=8 step=549250 train_loss=0.5807
epoch=8 step=549300 train_loss=0.5411
epoch=8 step=549350 train_loss=0.5745
epoch=8 step=549400 train_loss=0.5799
epoch=8 step=549450 train_loss=0.5211
epoch=8 step=549500 train_loss=0.6051
[eval] step=549500 train=0.5589 val=0.5824
epoch=8 step=549550 train_loss=0.5647
epoch=8 step=549600 train_loss=0.5685
epoch=8 step=549650 train_loss=0.5364
epoch=8 step=549700 train_loss=0.5886
epoch=8 step=549750 train_loss=0.5082
epoch=8 step=549800 train_loss=0.6039
epoch=8 step=549850 train_loss=0.5217
epoch=8 step=549900 train_loss=0.5305
epoch=8 step=549950 train_loss=0.5735
epoch=8 step=550000 train_loss=0.6177
[eval] step=550000 train=0.5601 val=0.5834
epoch=8 step=550050 train_loss=0.6568
epoch=8 step=550100 train_loss=0.5924
epoch=8 step=550150 train_loss=0.5416
epoch=8 step=550200 train_loss=0.5696
epoch=8 step=550250 train_loss=0.6219
epoch=8 step=550300 train_loss=0.5407
epoch=8 step=550350 train_loss=0.6096
epoch=8 step=550400 train_loss=0.5748
epoch=8 step=550450 train_loss=0.5645
epoch=8 step=550500 train_loss=0.5963
[eval] step=550500 train=0.5697 val=0.5827
epoch=8 step=550550 train_loss=0.6013
epoch=8 step=550600 train_loss=0.5785
epoch=8 step=550650 train_loss=0.5575
epoch=8 step=550700 train_loss=0.5131
epoch=8 step=550750 train_loss=0.5897
epoch=8 step=550800 train_loss=0.6890
epoch=8 step=550850 train_loss=0.5390
epoch=8 step=550900 train_loss=0.5867
epoch=8 step=550950 train_loss=0.5639
epoch=8 step=551000 train_loss=0.5295
[eval] step=551000 train=0.5702 val=0.5872
epoch=8 step=551050 train_loss=0.5378
epoch=8 step=551100 train_loss=0.5292
epoch=8 step=551150 train_loss=0.5604
epoch=8 step=551200 train_loss=0.6085
epoch=8 step=551250 train_loss=0.5478
epoch=8 step=551300 train_loss=0.6017
epoch=8 step=551350 train_loss=0.5892
epoch=8 step=551400 train_loss=0.5779
epoch=8 step=551450 train_loss=0.5831
epoch=8 step=551500 train_loss=0.5348
[eval] step=551500 train=0.5608 val=0.5817
epoch=8 step=551550 train_loss=0.5294
epoch=8 step=551600 train_loss=0.5748
epoch=8 step=551650 train_loss=0.5529
epoch=8 step=551700 train_loss=0.5413
epoch=8 step=551750 train_loss=0.5733
epoch=8 step=551800 train_loss=0.6188
epoch=8 step=551850 train_loss=0.5536
epoch=8 step=551900 train_loss=0.5758
epoch=8 step=551950 train_loss=0.5283
epoch=8 step=552000 train_loss=0.5491
[eval] step=552000 train=0.5635 val=0.5782
epoch=8 step=552050 train_loss=0.5820
epoch=8 step=552100 train_loss=0.5665
epoch=8 step=552150 train_loss=0.6285
epoch=8 step=552200 train_loss=0.5891
epoch=8 step=552250 train_loss=0.5494
epoch=8 step=552300 train_loss=0.5744
epoch=8 step=552350 train_loss=0.5804
epoch=8 step=552400 train_loss=0.5801
epoch=8 step=552450 train_loss=0.5859
epoch=8 step=552500 train_loss=0.5883
[eval] step=552500 train=0.5604 val=0.5778
epoch=8 step=552550 train_loss=0.5471
epoch=8 step=552600 train_loss=0.5928
epoch=8 step=552650 train_loss=0.5744
epoch=8 step=552700 train_loss=0.5456
epoch=8 step=552750 train_loss=0.5426
epoch=8 step=552800 train_loss=0.5916
epoch=8 step=552850 train_loss=0.5869
epoch=8 step=552900 train_loss=0.5708
epoch=8 step=552950 train_loss=0.5667
epoch=8 step=553000 train_loss=0.5372
[eval] step=553000 train=0.5691 val=0.5798
epoch=8 step=553050 train_loss=0.6051
epoch=8 step=553100 train_loss=0.5621
epoch=8 step=553150 train_loss=0.5894
epoch=8 step=553200 train_loss=0.5626
epoch=8 step=553250 train_loss=0.5682
epoch=8 step=553300 train_loss=0.6002
epoch=8 step=553350 train_loss=0.5458
epoch=8 step=553400 train_loss=0.5721
epoch=8 step=553450 train_loss=0.5829
epoch=8 step=553500 train_loss=0.5257
[eval] step=553500 train=0.5740 val=0.5798
epoch=8 step=553550 train_loss=0.5073
epoch=8 step=553600 train_loss=0.6146
epoch=8 step=553650 train_loss=0.5915
epoch=8 step=553700 train_loss=0.5815
epoch=8 step=553750 train_loss=0.5566
epoch=8 step=553800 train_loss=0.5620
epoch=8 step=553850 train_loss=0.5947
epoch=8 step=553900 train_loss=0.5943
epoch=8 step=553950 train_loss=0.5517
epoch=8 step=554000 train_loss=0.5799
[eval] step=554000 train=0.5554 val=0.5894
epoch=8 step=554050 train_loss=0.5605
epoch=8 step=554100 train_loss=0.5815
epoch=8 step=554150 train_loss=0.5660
epoch=8 step=554200 train_loss=0.5616
epoch=8 step=554250 train_loss=0.5566
epoch=8 step=554300 train_loss=0.5161
epoch=8 step=554350 train_loss=0.5532
epoch=8 step=554400 train_loss=0.6097
epoch=8 step=554450 train_loss=0.5751
epoch=8 step=554500 train_loss=0.5870
[eval] step=554500 train=0.5586 val=0.5837
epoch=8 step=554550 train_loss=0.5530
epoch=8 step=554600 train_loss=0.5529
epoch=8 step=554650 train_loss=0.5759
epoch=8 step=554700 train_loss=0.6032
epoch=8 step=554750 train_loss=0.5409
epoch=8 step=554800 train_loss=0.5809
epoch=8 step=554850 train_loss=0.6000
epoch=8 step=554900 train_loss=0.5336
epoch=8 step=554950 train_loss=0.6047
epoch=8 step=555000 train_loss=0.5874
[eval] step=555000 train=0.5586 val=0.5830
epoch=8 step=555050 train_loss=0.5538
epoch=8 step=555100 train_loss=0.5225
epoch=8 step=555150 train_loss=0.5888
epoch=8 step=555200 train_loss=0.5896
epoch=8 step=555250 train_loss=0.5225
epoch=8 step=555300 train_loss=0.5950
epoch=8 step=555350 train_loss=0.6027
epoch=8 step=555400 train_loss=0.5682
epoch=8 step=555450 train_loss=0.6308
epoch=8 step=555500 train_loss=0.5714
[eval] step=555500 train=0.5593 val=0.5844
epoch=8 step=555550 train_loss=0.5701
epoch=8 step=555600 train_loss=0.5963
epoch=8 step=555650 train_loss=0.5728
epoch=8 step=555700 train_loss=0.5175
epoch=8 step=555750 train_loss=0.5286
epoch=8 step=555800 train_loss=0.5917
epoch=8 step=555850 train_loss=0.5079
epoch=8 step=555900 train_loss=0.5656
epoch=8 step=555950 train_loss=0.6010
epoch=8 step=556000 train_loss=0.5892
[eval] step=556000 train=0.5631 val=0.5841
epoch=8 step=556050 train_loss=0.5886
epoch=8 step=556100 train_loss=0.5461
epoch=8 step=556150 train_loss=0.6121
epoch=8 step=556200 train_loss=0.5694
epoch=8 step=556250 train_loss=0.5573
epoch=8 step=556300 train_loss=0.5492
epoch=8 step=556350 train_loss=0.5801
epoch=8 step=556400 train_loss=0.5786
epoch=8 step=556450 train_loss=0.5880
epoch=8 step=556500 train_loss=0.5915
[eval] step=556500 train=0.5567 val=0.5863
epoch=8 step=556550 train_loss=0.5377
epoch=8 step=556600 train_loss=0.5799
epoch=8 step=556650 train_loss=0.6152
epoch=8 step=556700 train_loss=0.6009
epoch=8 step=556750 train_loss=0.5485
epoch=8 step=556800 train_loss=0.5606
epoch=8 step=556850 train_loss=0.5309
epoch=8 step=556900 train_loss=0.5908
epoch=8 step=556950 train_loss=0.5907
epoch=8 step=557000 train_loss=0.5618
[eval] step=557000 train=0.5658 val=0.5859
epoch=8 step=557050 train_loss=0.6070
epoch=8 step=557100 train_loss=0.5820
epoch=8 step=557150 train_loss=0.5821
epoch=8 step=557200 train_loss=0.5661
epoch=8 step=557250 train_loss=0.5506
epoch=8 step=557300 train_loss=0.5693
epoch=8 step=557350 train_loss=0.5873
epoch=8 step=557400 train_loss=0.5319
epoch=8 step=557450 train_loss=0.5986
epoch=8 step=557500 train_loss=0.5921
[eval] step=557500 train=0.5690 val=0.5836
epoch=8 step=557550 train_loss=0.5523
epoch=8 step=557600 train_loss=0.5619
epoch=8 step=557650 train_loss=0.5612
epoch=8 step=557700 train_loss=0.5877
epoch=8 step=557750 train_loss=0.5732
epoch=8 step=557800 train_loss=0.5959
epoch=8 step=557850 train_loss=0.4828
epoch=8 step=557900 train_loss=0.5127
epoch=8 step=557950 train_loss=0.6075
epoch=8 step=558000 train_loss=0.5501
[eval] step=558000 train=0.5633 val=0.5836
epoch=8 step=558050 train_loss=0.5545
epoch=8 step=558100 train_loss=0.5786
epoch=8 step=558150 train_loss=0.5382
epoch=8 step=558200 train_loss=0.5445
epoch=8 step=558250 train_loss=0.5545
epoch=8 step=558300 train_loss=0.5807
epoch=8 step=558350 train_loss=0.5583
epoch=8 step=558400 train_loss=0.5654
epoch=8 step=558450 train_loss=0.5552
epoch=8 step=558500 train_loss=0.5843
[eval] step=558500 train=0.5542 val=0.5791
epoch=8 step=558550 train_loss=0.6205
epoch=8 step=558600 train_loss=0.5689
epoch=8 step=558650 train_loss=0.5697
epoch=8 step=558700 train_loss=0.6246
epoch=8 step=558750 train_loss=0.6085
epoch=8 step=558800 train_loss=0.5710
epoch=8 step=558850 train_loss=0.5652
epoch=8 step=558900 train_loss=0.5493
epoch=8 step=558950 train_loss=0.5360
epoch=8 step=559000 train_loss=0.5733
[eval] step=559000 train=0.5724 val=0.5831
epoch=8 step=559050 train_loss=0.5249
epoch=8 step=559100 train_loss=0.5297
epoch=8 step=559150 train_loss=0.5525
epoch=8 step=559200 train_loss=0.5608
epoch=8 step=559250 train_loss=0.5462
epoch=8 step=559300 train_loss=0.5682
epoch=8 step=559350 train_loss=0.5694
epoch=8 step=559400 train_loss=0.6153
epoch=8 step=559450 train_loss=0.5819
epoch=8 step=559500 train_loss=0.5569
[eval] step=559500 train=0.5608 val=0.5820
epoch=8 step=559550 train_loss=0.5752
epoch=8 step=559600 train_loss=0.6027
epoch=8 step=559650 train_loss=0.5816
epoch=8 step=559700 train_loss=0.6120
epoch=8 step=559750 train_loss=0.5621
epoch=8 step=559800 train_loss=0.6163
epoch=8 step=559850 train_loss=0.5524
epoch=8 step=559900 train_loss=0.6063
epoch=8 step=559950 train_loss=0.5748
epoch=8 step=560000 train_loss=0.6012
[eval] step=560000 train=0.5619 val=0.5804
epoch=8 step=560050 train_loss=0.5844
epoch=8 step=560100 train_loss=0.5809
epoch=8 step=560150 train_loss=0.6114
epoch=8 step=560200 train_loss=0.5962
epoch=8 step=560250 train_loss=0.5734
epoch=8 step=560300 train_loss=0.5404
epoch=8 step=560350 train_loss=0.5809
epoch=8 step=560400 train_loss=0.5457
epoch=8 step=560450 train_loss=0.4923
epoch=8 step=560500 train_loss=0.5417
[eval] step=560500 train=0.5770 val=0.5815
epoch=8 step=560550 train_loss=0.5654
epoch=8 step=560600 train_loss=0.5510
epoch=8 step=560650 train_loss=0.5857
epoch=8 step=560700 train_loss=0.5799
epoch=8 step=560750 train_loss=0.5481
epoch=8 step=560800 train_loss=0.6144
epoch=8 step=560850 train_loss=0.5751
epoch=8 step=560900 train_loss=0.5956
epoch=8 step=560950 train_loss=0.5933
epoch=8 step=561000 train_loss=0.6354
[eval] step=561000 train=0.5685 val=0.5818
epoch=8 step=561050 train_loss=0.5698
epoch=8 step=561100 train_loss=0.5884
epoch=8 step=561150 train_loss=0.5648
epoch=8 step=561200 train_loss=0.5769
epoch=8 step=561250 train_loss=0.6187
epoch=8 step=561300 train_loss=0.5892
epoch=8 step=561350 train_loss=0.6037
epoch=8 step=561400 train_loss=0.5946
epoch=8 step=561450 train_loss=0.5788
epoch=8 step=561500 train_loss=0.5612
[eval] step=561500 train=0.5632 val=0.5837
epoch=8 step=561550 train_loss=0.5924
epoch=8 step=561600 train_loss=0.5866
epoch=8 step=561650 train_loss=0.6003
epoch=8 step=561700 train_loss=0.5412
epoch=8 step=561750 train_loss=0.5183
epoch=8 step=561800 train_loss=0.6023
epoch=8 step=561850 train_loss=0.5794
epoch=8 step=561900 train_loss=0.5851
epoch=8 step=561950 train_loss=0.5635
epoch=8 step=562000 train_loss=0.5817
[eval] step=562000 train=0.5759 val=0.5800
epoch=8 step=562050 train_loss=0.5387
epoch=8 step=562100 train_loss=0.5472
epoch=8 step=562150 train_loss=0.6146
epoch=8 step=562200 train_loss=0.5980
epoch=8 step=562250 train_loss=0.5600
epoch=8 step=562300 train_loss=0.6048
epoch=8 step=562350 train_loss=0.4663
epoch=8 step=562400 train_loss=0.6068
epoch=8 step=562450 train_loss=0.5780
epoch=8 step=562500 train_loss=0.5773
[eval] step=562500 train=0.5577 val=0.5865
epoch=8 step=562550 train_loss=0.6237
epoch=8 step=562600 train_loss=0.5762
epoch=8 step=562650 train_loss=0.5790
epoch=8 step=562700 train_loss=0.5613
epoch=8 step=562750 train_loss=0.5618
epoch=8 step=562800 train_loss=0.5391
epoch=8 step=562850 train_loss=0.5949
epoch=8 step=562900 train_loss=0.5929
epoch=8 step=562950 train_loss=0.5349
epoch=8 step=563000 train_loss=0.5898
[eval] step=563000 train=0.5572 val=0.5797
epoch=8 step=563050 train_loss=0.5502
epoch=8 step=563100 train_loss=0.5674
epoch=8 step=563150 train_loss=0.5282
epoch=8 step=563200 train_loss=0.5731
epoch=8 step=563250 train_loss=0.5377
epoch=8 step=563300 train_loss=0.5413
epoch=8 step=563350 train_loss=0.5655
epoch=8 step=563400 train_loss=0.6419
epoch=8 step=563450 train_loss=0.5829
epoch=8 step=563500 train_loss=0.5945
[eval] step=563500 train=0.5700 val=0.5797
epoch=8 step=563550 train_loss=0.5394
epoch=8 step=563600 train_loss=0.5769
epoch=8 step=563650 train_loss=0.5951
epoch=8 step=563700 train_loss=0.6513
epoch=8 step=563750 train_loss=0.5413
epoch=8 step=563800 train_loss=0.5710
epoch=8 step=563850 train_loss=0.5371
epoch=8 step=563900 train_loss=0.5963
epoch=8 step=563950 train_loss=0.5705
epoch=8 step=564000 train_loss=0.5745
[eval] step=564000 train=0.5641 val=0.5816
epoch=8 step=564050 train_loss=0.5566
epoch=8 step=564100 train_loss=0.5788
epoch=8 step=564150 train_loss=0.5686
epoch=8 step=564200 train_loss=0.5654
epoch=8 step=564250 train_loss=0.5070
epoch=8 step=564300 train_loss=0.5840
epoch=8 step=564350 train_loss=0.5454
epoch=8 step=564400 train_loss=0.5627
epoch=8 step=564450 train_loss=0.6110
epoch=8 step=564500 train_loss=0.5860
[eval] step=564500 train=0.5785 val=0.5855
epoch=8 step=564550 train_loss=0.5447
epoch=8 step=564600 train_loss=0.5749
epoch=8 step=564650 train_loss=0.5708
epoch=8 step=564700 train_loss=0.5381
epoch=8 step=564750 train_loss=0.5540
epoch=8 step=564800 train_loss=0.5948
epoch=8 step=564850 train_loss=0.5729
epoch=8 step=564900 train_loss=0.5995
epoch=8 step=564950 train_loss=0.5738
epoch=8 step=565000 train_loss=0.5465
[eval] step=565000 train=0.5667 val=0.5815
epoch=8 step=565050 train_loss=0.5246
epoch=8 step=565100 train_loss=0.5620
epoch=8 step=565150 train_loss=0.5899
epoch=8 step=565200 train_loss=0.5252
epoch=8 step=565250 train_loss=0.5612
epoch=8 step=565300 train_loss=0.6332
epoch=8 step=565350 train_loss=0.5381
epoch=8 step=565400 train_loss=0.5904
epoch=8 step=565450 train_loss=0.5687
epoch=8 step=565500 train_loss=0.5719
[eval] step=565500 train=0.5703 val=0.5849
epoch=8 step=565550 train_loss=0.5770
epoch=8 step=565600 train_loss=0.5748
epoch=8 step=565650 train_loss=0.5633
epoch=8 step=565700 train_loss=0.5208
epoch=8 step=565750 train_loss=0.5824
epoch=8 step=565800 train_loss=0.5593
epoch=8 step=565850 train_loss=0.5396
epoch=8 step=565900 train_loss=0.5867
epoch=8 step=565950 train_loss=0.5631
epoch=8 step=566000 train_loss=0.5615
[eval] step=566000 train=0.5676 val=0.5775
epoch=8 step=566050 train_loss=0.5920
epoch=8 step=566100 train_loss=0.5359
epoch=8 step=566150 train_loss=0.5304
epoch=8 step=566200 train_loss=0.5628
epoch=8 step=566250 train_loss=0.5171
epoch=8 step=566300 train_loss=0.6035
epoch=8 step=566350 train_loss=0.5901
epoch=8 step=566400 train_loss=0.5655
epoch=8 step=566450 train_loss=0.5620
epoch=8 step=566500 train_loss=0.5432
[eval] step=566500 train=0.5690 val=0.5792
epoch=8 step=566550 train_loss=0.5464
epoch=8 step=566600 train_loss=0.5545
epoch=8 step=566650 train_loss=0.5698
epoch=8 step=566700 train_loss=0.5453
epoch=8 step=566750 train_loss=0.5770
epoch=8 step=566800 train_loss=0.5769
epoch=8 step=566850 train_loss=0.5775
epoch=8 step=566900 train_loss=0.6223
epoch=8 step=566950 train_loss=0.5937
epoch=8 step=567000 train_loss=0.6141
[eval] step=567000 train=0.5742 val=0.5841
epoch=8 step=567050 train_loss=0.5813
epoch=8 step=567100 train_loss=0.4985
epoch=8 step=567150 train_loss=0.5531
epoch=8 step=567200 train_loss=0.5020
epoch=8 step=567250 train_loss=0.5987
epoch=8 step=567300 train_loss=0.5956
epoch=8 step=567350 train_loss=0.5741
epoch=8 step=567400 train_loss=0.6257
epoch=8 step=567450 train_loss=0.5251
epoch=8 step=567500 train_loss=0.5985
[eval] step=567500 train=0.5765 val=0.5888
epoch=8 step=567550 train_loss=0.5342
epoch=8 step=567600 train_loss=0.5412
epoch=8 step=567650 train_loss=0.4975
epoch=8 step=567700 train_loss=0.5688
epoch=8 step=567750 train_loss=0.5848
epoch=8 step=567800 train_loss=0.5917
epoch=8 step=567850 train_loss=0.5979
epoch=8 step=567900 train_loss=0.5879
epoch=8 step=567950 train_loss=0.5667
epoch=8 step=568000 train_loss=0.5623
[eval] step=568000 train=0.5491 val=0.5846
epoch=8 step=568050 train_loss=0.5444
epoch=8 step=568100 train_loss=0.5240
epoch=8 step=568150 train_loss=0.5287
epoch=8 step=568200 train_loss=0.6057
epoch=8 step=568250 train_loss=0.5717
epoch=8 step=568300 train_loss=0.5857
epoch=8 step=568350 train_loss=0.5965
epoch=8 step=568400 train_loss=0.5809
epoch=8 step=568450 train_loss=0.5057
epoch=8 step=568500 train_loss=0.6199
[eval] step=568500 train=0.5637 val=0.5812
epoch=8 step=568550 train_loss=0.5096
epoch=8 step=568600 train_loss=0.5907
epoch=8 step=568650 train_loss=0.5723
epoch=8 step=568700 train_loss=0.5961
epoch=8 step=568750 train_loss=0.6637
epoch=8 step=568800 train_loss=0.6014
epoch=8 step=568850 train_loss=0.5671
epoch=8 step=568900 train_loss=0.5318
epoch=8 step=568950 train_loss=0.5419
epoch=8 step=569000 train_loss=0.5852
[eval] step=569000 train=0.5515 val=0.5878
epoch=8 step=569050 train_loss=0.5879
epoch=8 step=569100 train_loss=0.5924
epoch=8 step=569150 train_loss=0.6188
epoch=8 step=569200 train_loss=0.5842
epoch=8 step=569250 train_loss=0.5611
epoch=8 step=569300 train_loss=0.5531
epoch=8 step=569350 train_loss=0.5740
epoch=8 step=569400 train_loss=0.5849
epoch=8 step=569450 train_loss=0.6342
epoch=8 step=569500 train_loss=0.5582
[eval] step=569500 train=0.5802 val=0.5792
epoch=8 step=569550 train_loss=0.6076
epoch=8 step=569600 train_loss=0.5594
epoch=8 step=569650 train_loss=0.5796
epoch=8 step=569700 train_loss=0.5868
epoch=8 step=569750 train_loss=0.5834
epoch=8 step=569800 train_loss=0.5098
epoch=8 step=569850 train_loss=0.5724
epoch=8 step=569900 train_loss=0.5620
epoch=8 step=569950 train_loss=0.5878
epoch=8 step=570000 train_loss=0.5947
[eval] step=570000 train=0.5751 val=0.5891
epoch=8 step=570050 train_loss=0.5951
epoch=8 step=570100 train_loss=0.5962
epoch=8 step=570150 train_loss=0.5945
epoch=8 step=570200 train_loss=0.5751
epoch=8 step=570250 train_loss=0.5849
epoch=8 step=570300 train_loss=0.5313
epoch=8 step=570350 train_loss=0.5648
epoch=8 step=570400 train_loss=0.5862
epoch=8 step=570450 train_loss=0.5976
epoch=8 step=570500 train_loss=0.5953
[eval] step=570500 train=0.5613 val=0.5866
epoch=8 step=570550 train_loss=0.5891
epoch=8 step=570600 train_loss=0.5070
epoch=8 step=570650 train_loss=0.5410
epoch=8 step=570700 train_loss=0.5734
epoch=8 step=570750 train_loss=0.5417
epoch=8 step=570800 train_loss=0.5899
epoch=8 step=570850 train_loss=0.5676
epoch=8 step=570900 train_loss=0.5792
epoch=8 step=570950 train_loss=0.5873
epoch=8 step=571000 train_loss=0.5595
[eval] step=571000 train=0.5638 val=0.5868
epoch=8 step=571050 train_loss=0.5618
epoch=8 step=571100 train_loss=0.5239
epoch=8 step=571150 train_loss=0.5754
epoch=8 step=571200 train_loss=0.6041
epoch=8 step=571250 train_loss=0.6049
epoch=9 step=571300 train_loss=0.5192
epoch=9 step=571350 train_loss=0.5812
epoch=9 step=571400 train_loss=0.6234
epoch=9 step=571450 train_loss=0.6211
epoch=9 step=571500 train_loss=0.6000
[eval] step=571500 train=0.5656 val=0.5817
epoch=9 step=571550 train_loss=0.5938
epoch=9 step=571600 train_loss=0.5874
epoch=9 step=571650 train_loss=0.5950
epoch=9 step=571700 train_loss=0.5363
epoch=9 step=571750 train_loss=0.6430
epoch=9 step=571800 train_loss=0.5922
epoch=9 step=571850 train_loss=0.5685
epoch=9 step=571900 train_loss=0.5750
epoch=9 step=571950 train_loss=0.6113
epoch=9 step=572000 train_loss=0.6113
[eval] step=572000 train=0.5654 val=0.5843
epoch=9 step=572050 train_loss=0.5403
epoch=9 step=572100 train_loss=0.5901
epoch=9 step=572150 train_loss=0.5350
epoch=9 step=572200 train_loss=0.5808
epoch=9 step=572250 train_loss=0.5634
epoch=9 step=572300 train_loss=0.5485
epoch=9 step=572350 train_loss=0.6046
epoch=9 step=572400 train_loss=0.5472
epoch=9 step=572450 train_loss=0.5685
epoch=9 step=572500 train_loss=0.5469
[eval] step=572500 train=0.5697 val=0.5812
epoch=9 step=572550 train_loss=0.6119
epoch=9 step=572600 train_loss=0.5989
epoch=9 step=572650 train_loss=0.5618
epoch=9 step=572700 train_loss=0.5383
epoch=9 step=572750 train_loss=0.6043
epoch=9 step=572800 train_loss=0.5829
epoch=9 step=572850 train_loss=0.5630
epoch=9 step=572900 train_loss=0.5869
epoch=9 step=572950 train_loss=0.5399
epoch=9 step=573000 train_loss=0.5342
[eval] step=573000 train=0.5566 val=0.5823
epoch=9 step=573050 train_loss=0.5622
epoch=9 step=573100 train_loss=0.5812
epoch=9 step=573150 train_loss=0.5601
epoch=9 step=573200 train_loss=0.5565
epoch=9 step=573250 train_loss=0.5419
epoch=9 step=573300 train_loss=0.5649
epoch=9 step=573350 train_loss=0.5414
epoch=9 step=573400 train_loss=0.5702
epoch=9 step=573450 train_loss=0.5858
epoch=9 step=573500 train_loss=0.5546
[eval] step=573500 train=0.5711 val=0.5795
epoch=9 step=573550 train_loss=0.6101
epoch=9 step=573600 train_loss=0.6064
epoch=9 step=573650 train_loss=0.5689
epoch=9 step=573700 train_loss=0.5651
epoch=9 step=573750 train_loss=0.5933
epoch=9 step=573800 train_loss=0.6084
epoch=9 step=573850 train_loss=0.5429
epoch=9 step=573900 train_loss=0.5877
epoch=9 step=573950 train_loss=0.5456
epoch=9 step=574000 train_loss=0.5988
[eval] step=574000 train=0.5661 val=0.5803
epoch=9 step=574050 train_loss=0.6338
epoch=9 step=574100 train_loss=0.6218
epoch=9 step=574150 train_loss=0.5852
epoch=9 step=574200 train_loss=0.5325
epoch=9 step=574250 train_loss=0.6052
epoch=9 step=574300 train_loss=0.5635
epoch=9 step=574350 train_loss=0.5664
epoch=9 step=574400 train_loss=0.5721
epoch=9 step=574450 train_loss=0.5854
epoch=9 step=574500 train_loss=0.6026
[eval] step=574500 train=0.5755 val=0.5888
epoch=9 step=574550 train_loss=0.6259
epoch=9 step=574600 train_loss=0.6000
epoch=9 step=574650 train_loss=0.5772
epoch=9 step=574700 train_loss=0.6146
epoch=9 step=574750 train_loss=0.5726
epoch=9 step=574800 train_loss=0.5369
epoch=9 step=574850 train_loss=0.6066
epoch=9 step=574900 train_loss=0.5690
epoch=9 step=574950 train_loss=0.5747
epoch=9 step=575000 train_loss=0.5471
[eval] step=575000 train=0.5592 val=0.5863
epoch=9 step=575050 train_loss=0.5709
epoch=9 step=575100 train_loss=0.5770
epoch=9 step=575150 train_loss=0.5441
epoch=9 step=575200 train_loss=0.6089
epoch=9 step=575250 train_loss=0.5917
epoch=9 step=575300 train_loss=0.6021
epoch=9 step=575350 train_loss=0.6050
epoch=9 step=575400 train_loss=0.5541
epoch=9 step=575450 train_loss=0.5520
epoch=9 step=575500 train_loss=0.5945
[eval] step=575500 train=0.5599 val=0.5821
epoch=9 step=575550 train_loss=0.5918
epoch=9 step=575600 train_loss=0.5646
epoch=9 step=575650 train_loss=0.5927
epoch=9 step=575700 train_loss=0.5934
epoch=9 step=575750 train_loss=0.5540
epoch=9 step=575800 train_loss=0.6018
epoch=9 step=575850 train_loss=0.5512
epoch=9 step=575900 train_loss=0.5824
epoch=9 step=575950 train_loss=0.5718
epoch=9 step=576000 train_loss=0.5588
[eval] step=576000 train=0.5663 val=0.5858
epoch=9 step=576050 train_loss=0.6044
epoch=9 step=576100 train_loss=0.6039
epoch=9 step=576150 train_loss=0.5626
epoch=9 step=576200 train_loss=0.5456
epoch=9 step=576250 train_loss=0.5397
epoch=9 step=576300 train_loss=0.5717
epoch=9 step=576350 train_loss=0.6348
epoch=9 step=576400 train_loss=0.5992
epoch=9 step=576450 train_loss=0.6172
epoch=9 step=576500 train_loss=0.6156
[eval] step=576500 train=0.5682 val=0.5888
epoch=9 step=576550 train_loss=0.5574
epoch=9 step=576600 train_loss=0.6135
epoch=9 step=576650 train_loss=0.5336
epoch=9 step=576700 train_loss=0.5433
epoch=9 step=576750 train_loss=0.5753
epoch=9 step=576800 train_loss=0.5811
epoch=9 step=576850 train_loss=0.5762
epoch=9 step=576900 train_loss=0.5594
epoch=9 step=576950 train_loss=0.5729
epoch=9 step=577000 train_loss=0.6001
[eval] step=577000 train=0.5705 val=0.5855
epoch=9 step=577050 train_loss=0.6285
epoch=9 step=577100 train_loss=0.6026
epoch=9 step=577150 train_loss=0.5231
epoch=9 step=577200 train_loss=0.6243
epoch=9 step=577250 train_loss=0.6001
epoch=9 step=577300 train_loss=0.5637
epoch=9 step=577350 train_loss=0.5848
epoch=9 step=577400 train_loss=0.5801
epoch=9 step=577450 train_loss=0.5988
epoch=9 step=577500 train_loss=0.5742
[eval] step=577500 train=0.5613 val=0.5810
epoch=9 step=577550 train_loss=0.6144
epoch=9 step=577600 train_loss=0.5761
epoch=9 step=577650 train_loss=0.5861
epoch=9 step=577700 train_loss=0.5403
epoch=9 step=577750 train_loss=0.5744
epoch=9 step=577800 train_loss=0.5599
epoch=9 step=577850 train_loss=0.5645
epoch=9 step=577900 train_loss=0.5478
epoch=9 step=577950 train_loss=0.5814
epoch=9 step=578000 train_loss=0.5910
[eval] step=578000 train=0.5786 val=0.5849
epoch=9 step=578050 train_loss=0.6505
epoch=9 step=578100 train_loss=0.5208
epoch=9 step=578150 train_loss=0.5806
epoch=9 step=578200 train_loss=0.5685
epoch=9 step=578250 train_loss=0.5872
epoch=9 step=578300 train_loss=0.6180
epoch=9 step=578350 train_loss=0.5465
epoch=9 step=578400 train_loss=0.5520
epoch=9 step=578450 train_loss=0.5078
epoch=9 step=578500 train_loss=0.5882
[eval] step=578500 train=0.5646 val=0.5869
epoch=9 step=578550 train_loss=0.5608
epoch=9 step=578600 train_loss=0.5625
epoch=9 step=578650 train_loss=0.5897
epoch=9 step=578700 train_loss=0.6056
epoch=9 step=578750 train_loss=0.5766
epoch=9 step=578800 train_loss=0.5918
epoch=9 step=578850 train_loss=0.6127
epoch=9 step=578900 train_loss=0.5851
epoch=9 step=578950 train_loss=0.6002
epoch=9 step=579000 train_loss=0.6323
[eval] step=579000 train=0.5659 val=0.5821
epoch=9 step=579050 train_loss=0.5725
epoch=9 step=579100 train_loss=0.5520
epoch=9 step=579150 train_loss=0.5868
epoch=9 step=579200 train_loss=0.5574
epoch=9 step=579250 train_loss=0.5859
epoch=9 step=579300 train_loss=0.5474
epoch=9 step=579350 train_loss=0.5715
epoch=9 step=579400 train_loss=0.4973
epoch=9 step=579450 train_loss=0.5891
epoch=9 step=579500 train_loss=0.5625
[eval] step=579500 train=0.5749 val=0.5853
epoch=9 step=579550 train_loss=0.5394
epoch=9 step=579600 train_loss=0.5613
epoch=9 step=579650 train_loss=0.5641
epoch=9 step=579700 train_loss=0.5939
epoch=9 step=579750 train_loss=0.5504
epoch=9 step=579800 train_loss=0.5183
epoch=9 step=579850 train_loss=0.5591
epoch=9 step=579900 train_loss=0.5534
epoch=9 step=579950 train_loss=0.5441
epoch=9 step=580000 train_loss=0.6248
[eval] step=580000 train=0.5652 val=0.5848
epoch=9 step=580050 train_loss=0.5185
epoch=9 step=580100 train_loss=0.5554
epoch=9 step=580150 train_loss=0.5538
epoch=9 step=580200 train_loss=0.5699
epoch=9 step=580250 train_loss=0.6016
epoch=9 step=580300 train_loss=0.5864
epoch=9 step=580350 train_loss=0.5050
epoch=9 step=580400 train_loss=0.5716
epoch=9 step=580450 train_loss=0.5804
epoch=9 step=580500 train_loss=0.6022
[eval] step=580500 train=0.5641 val=0.5803
epoch=9 step=580550 train_loss=0.5654
epoch=9 step=580600 train_loss=0.5862
epoch=9 step=580650 train_loss=0.5701
epoch=9 step=580700 train_loss=0.5562
epoch=9 step=580750 train_loss=0.5531
epoch=9 step=580800 train_loss=0.5489
epoch=9 step=580850 train_loss=0.5537
epoch=9 step=580900 train_loss=0.5578
epoch=9 step=580950 train_loss=0.5937
epoch=9 step=581000 train_loss=0.5575
[eval] step=581000 train=0.5783 val=0.5828
epoch=9 step=581050 train_loss=0.6074
epoch=9 step=581100 train_loss=0.5959
epoch=9 step=581150 train_loss=0.5703
epoch=9 step=581200 train_loss=0.5558
epoch=9 step=581250 train_loss=0.5663
epoch=9 step=581300 train_loss=0.5678
epoch=9 step=581350 train_loss=0.5623
epoch=9 step=581400 train_loss=0.5698
epoch=9 step=581450 train_loss=0.4855
epoch=9 step=581500 train_loss=0.6082
[eval] step=581500 train=0.5665 val=0.5851
epoch=9 step=581550 train_loss=0.5600
epoch=9 step=581600 train_loss=0.5319
epoch=9 step=581650 train_loss=0.5706
epoch=9 step=581700 train_loss=0.5800
epoch=9 step=581750 train_loss=0.5419
epoch=9 step=581800 train_loss=0.5614
epoch=9 step=581850 train_loss=0.5988
epoch=9 step=581900 train_loss=0.6337
epoch=9 step=581950 train_loss=0.5729
epoch=9 step=582000 train_loss=0.5721
[eval] step=582000 train=0.5582 val=0.5865
epoch=9 step=582050 train_loss=0.5932
epoch=9 step=582100 train_loss=0.5551
epoch=9 step=582150 train_loss=0.5327
epoch=9 step=582200 train_loss=0.5247
epoch=9 step=582250 train_loss=0.5921
epoch=9 step=582300 train_loss=0.5529
epoch=9 step=582350 train_loss=0.5767
epoch=9 step=582400 train_loss=0.6206
epoch=9 step=582450 train_loss=0.5736
epoch=9 step=582500 train_loss=0.6041
[eval] step=582500 train=0.5599 val=0.5852
epoch=9 step=582550 train_loss=0.5488
epoch=9 step=582600 train_loss=0.5788
epoch=9 step=582650 train_loss=0.6153
epoch=9 step=582700 train_loss=0.5886
epoch=9 step=582750 train_loss=0.6016
epoch=9 step=582800 train_loss=0.6040
epoch=9 step=582850 train_loss=0.5483
epoch=9 step=582900 train_loss=0.5215
epoch=9 step=582950 train_loss=0.5490
epoch=9 step=583000 train_loss=0.5542
[eval] step=583000 train=0.5597 val=0.5900
epoch=9 step=583050 train_loss=0.5961
epoch=9 step=583100 train_loss=0.5946
epoch=9 step=583150 train_loss=0.6011
epoch=9 step=583200 train_loss=0.5650
epoch=9 step=583250 train_loss=0.5465
epoch=9 step=583300 train_loss=0.5614
epoch=9 step=583350 train_loss=0.5594
epoch=9 step=583400 train_loss=0.5894
epoch=9 step=583450 train_loss=0.6468
epoch=9 step=583500 train_loss=0.5545
[eval] step=583500 train=0.5533 val=0.5843
epoch=9 step=583550 train_loss=0.5539
epoch=9 step=583600 train_loss=0.5624
epoch=9 step=583650 train_loss=0.5945
epoch=9 step=583700 train_loss=0.5236
epoch=9 step=583750 train_loss=0.5443
epoch=9 step=583800 train_loss=0.5320
epoch=9 step=583850 train_loss=0.5227
epoch=9 step=583900 train_loss=0.5558
epoch=9 step=583950 train_loss=0.5728
epoch=9 step=584000 train_loss=0.6050
[eval] step=584000 train=0.5636 val=0.5834
epoch=9 step=584050 train_loss=0.6522
epoch=9 step=584100 train_loss=0.5800
epoch=9 step=584150 train_loss=0.5445
epoch=9 step=584200 train_loss=0.5085
epoch=9 step=584250 train_loss=0.5767
epoch=9 step=584300 train_loss=0.5412
epoch=9 step=584350 train_loss=0.5609
epoch=9 step=584400 train_loss=0.5936
epoch=9 step=584450 train_loss=0.5269
epoch=9 step=584500 train_loss=0.5449
[eval] step=584500 train=0.5658 val=0.5802
epoch=9 step=584550 train_loss=0.5793
epoch=9 step=584600 train_loss=0.5442
epoch=9 step=584650 train_loss=0.6068
epoch=9 step=584700 train_loss=0.5393
epoch=9 step=584750 train_loss=0.5115
epoch=9 step=584800 train_loss=0.6260
epoch=9 step=584850 train_loss=0.5678
epoch=9 step=584900 train_loss=0.5281
epoch=9 step=584950 train_loss=0.5856
epoch=9 step=585000 train_loss=0.5978
[eval] step=585000 train=0.5569 val=0.5800
epoch=9 step=585050 train_loss=0.5759
epoch=9 step=585100 train_loss=0.5835
epoch=9 step=585150 train_loss=0.5287
epoch=9 step=585200 train_loss=0.5591
epoch=9 step=585250 train_loss=0.5447
epoch=9 step=585300 train_loss=0.6018
epoch=9 step=585350 train_loss=0.5789
epoch=9 step=585400 train_loss=0.5956
epoch=9 step=585450 train_loss=0.5819
epoch=9 step=585500 train_loss=0.5937
[eval] step=585500 train=0.5658 val=0.5839
epoch=9 step=585550 train_loss=0.5535
epoch=9 step=585600 train_loss=0.5634
epoch=9 step=585650 train_loss=0.5628
epoch=9 step=585700 train_loss=0.5863
epoch=9 step=585750 train_loss=0.5914
epoch=9 step=585800 train_loss=0.5818
epoch=9 step=585850 train_loss=0.6190
epoch=9 step=585900 train_loss=0.5978
epoch=9 step=585950 train_loss=0.5242
epoch=9 step=586000 train_loss=0.5805
[eval] step=586000 train=0.5649 val=0.5853
epoch=9 step=586050 train_loss=0.5865
epoch=9 step=586100 train_loss=0.5938
epoch=9 step=586150 train_loss=0.5432
epoch=9 step=586200 train_loss=0.5384
epoch=9 step=586250 train_loss=0.5693
epoch=9 step=586300 train_loss=0.5619
epoch=9 step=586350 train_loss=0.5852
epoch=9 step=586400 train_loss=0.5054
epoch=9 step=586450 train_loss=0.5542
epoch=9 step=586500 train_loss=0.5593
[eval] step=586500 train=0.5714 val=0.5870
epoch=9 step=586550 train_loss=0.6003
epoch=9 step=586600 train_loss=0.5761
epoch=9 step=586650 train_loss=0.5638
epoch=9 step=586700 train_loss=0.5891
epoch=9 step=586750 train_loss=0.5821
epoch=9 step=586800 train_loss=0.5573
epoch=9 step=586850 train_loss=0.5772
epoch=9 step=586900 train_loss=0.5921
epoch=9 step=586950 train_loss=0.5957
epoch=9 step=587000 train_loss=0.6049
[eval] step=587000 train=0.5794 val=0.5826
epoch=9 step=587050 train_loss=0.5707
epoch=9 step=587100 train_loss=0.5867
epoch=9 step=587150 train_loss=0.5532
epoch=9 step=587200 train_loss=0.5520
epoch=9 step=587250 train_loss=0.5544
epoch=9 step=587300 train_loss=0.5977
epoch=9 step=587350 train_loss=0.5978
epoch=9 step=587400 train_loss=0.6049
epoch=9 step=587450 train_loss=0.5721
epoch=9 step=587500 train_loss=0.5699
[eval] step=587500 train=0.5637 val=0.5869
epoch=9 step=587550 train_loss=0.5421
epoch=9 step=587600 train_loss=0.6023
epoch=9 step=587650 train_loss=0.6126
epoch=9 step=587700 train_loss=0.5135
epoch=9 step=587750 train_loss=0.5413
epoch=9 step=587800 train_loss=0.5441
epoch=9 step=587850 train_loss=0.5583
epoch=9 step=587900 train_loss=0.5416
epoch=9 step=587950 train_loss=0.5631
epoch=9 step=588000 train_loss=0.5673
[eval] step=588000 train=0.5647 val=0.5857
epoch=9 step=588050 train_loss=0.5955
epoch=9 step=588100 train_loss=0.5546
epoch=9 step=588150 train_loss=0.5735
epoch=9 step=588200 train_loss=0.5365
epoch=9 step=588250 train_loss=0.5799
epoch=9 step=588300 train_loss=0.5699
epoch=9 step=588350 train_loss=0.5574
epoch=9 step=588400 train_loss=0.5995
epoch=9 step=588450 train_loss=0.5487
epoch=9 step=588500 train_loss=0.5589
[eval] step=588500 train=0.5702 val=0.5841
epoch=9 step=588550 train_loss=0.6144
epoch=9 step=588600 train_loss=0.5740
epoch=9 step=588650 train_loss=0.5507
epoch=9 step=588700 train_loss=0.5756
epoch=9 step=588750 train_loss=0.5462
epoch=9 step=588800 train_loss=0.5377
epoch=9 step=588850 train_loss=0.5885
epoch=9 step=588900 train_loss=0.5814
epoch=9 step=588950 train_loss=0.5856
epoch=9 step=589000 train_loss=0.5469
[eval] step=589000 train=0.5661 val=0.5838
epoch=9 step=589050 train_loss=0.5583
epoch=9 step=589100 train_loss=0.5817
epoch=9 step=589150 train_loss=0.5671
epoch=9 step=589200 train_loss=0.5873
epoch=9 step=589250 train_loss=0.5321
epoch=9 step=589300 train_loss=0.5626
epoch=9 step=589350 train_loss=0.5927
epoch=9 step=589400 train_loss=0.5565
epoch=9 step=589450 train_loss=0.5694
epoch=9 step=589500 train_loss=0.5665
[eval] step=589500 train=0.5533 val=0.5821
epoch=9 step=589550 train_loss=0.5782
epoch=9 step=589600 train_loss=0.5594
epoch=9 step=589650 train_loss=0.5663
epoch=9 step=589700 train_loss=0.5797
epoch=9 step=589750 train_loss=0.5693
epoch=9 step=589800 train_loss=0.5973
epoch=9 step=589850 train_loss=0.5873
epoch=9 step=589900 train_loss=0.5219
epoch=9 step=589950 train_loss=0.6201
epoch=9 step=590000 train_loss=0.5835
[eval] step=590000 train=0.5702 val=0.5811
epoch=9 step=590050 train_loss=0.5276
epoch=9 step=590100 train_loss=0.5766
epoch=9 step=590150 train_loss=0.5789
epoch=9 step=590200 train_loss=0.5995
epoch=9 step=590250 train_loss=0.6269
epoch=9 step=590300 train_loss=0.5655
epoch=9 step=590350 train_loss=0.6001
epoch=9 step=590400 train_loss=0.5479
epoch=9 step=590450 train_loss=0.5672
epoch=9 step=590500 train_loss=0.5941
[eval] step=590500 train=0.5606 val=0.5900
epoch=9 step=590550 train_loss=0.6058
epoch=9 step=590600 train_loss=0.6013
epoch=9 step=590650 train_loss=0.5848
epoch=9 step=590700 train_loss=0.6068
epoch=9 step=590750 train_loss=0.5691
epoch=9 step=590800 train_loss=0.5699
epoch=9 step=590850 train_loss=0.6437
epoch=9 step=590900 train_loss=0.6340
epoch=9 step=590950 train_loss=0.5230
epoch=9 step=591000 train_loss=0.5959
[eval] step=591000 train=0.5558 val=0.5815
epoch=9 step=591050 train_loss=0.5873
epoch=9 step=591100 train_loss=0.5757
epoch=9 step=591150 train_loss=0.5846
epoch=9 step=591200 train_loss=0.5612
epoch=9 step=591250 train_loss=0.6053
epoch=9 step=591300 train_loss=0.5492
epoch=9 step=591350 train_loss=0.5070
epoch=9 step=591400 train_loss=0.5729
epoch=9 step=591450 train_loss=0.5583
epoch=9 step=591500 train_loss=0.5787
[eval] step=591500 train=0.5631 val=0.5884
epoch=9 step=591550 train_loss=0.5782
epoch=9 step=591600 train_loss=0.5688
epoch=9 step=591650 train_loss=0.5526
epoch=9 step=591700 train_loss=0.6022
epoch=9 step=591750 train_loss=0.5408
epoch=9 step=591800 train_loss=0.5583
epoch=9 step=591850 train_loss=0.5502
epoch=9 step=591900 train_loss=0.5890
epoch=9 step=591950 train_loss=0.5828
epoch=9 step=592000 train_loss=0.5864
[eval] step=592000 train=0.5676 val=0.5873
epoch=9 step=592050 train_loss=0.5939
epoch=9 step=592100 train_loss=0.5792
epoch=9 step=592150 train_loss=0.6190
epoch=9 step=592200 train_loss=0.5841
epoch=9 step=592250 train_loss=0.5289
epoch=9 step=592300 train_loss=0.5196
epoch=9 step=592350 train_loss=0.6091
epoch=9 step=592400 train_loss=0.5745
epoch=9 step=592450 train_loss=0.5565
epoch=9 step=592500 train_loss=0.5454
[eval] step=592500 train=0.5598 val=0.5837
epoch=9 step=592550 train_loss=0.5359
epoch=9 step=592600 train_loss=0.6128
epoch=9 step=592650 train_loss=0.5873
epoch=9 step=592700 train_loss=0.5563
epoch=9 step=592750 train_loss=0.5374
epoch=9 step=592800 train_loss=0.5861
epoch=9 step=592850 train_loss=0.6310
epoch=9 step=592900 train_loss=0.5939
epoch=9 step=592950 train_loss=0.5689
epoch=9 step=593000 train_loss=0.5466
[eval] step=593000 train=0.5603 val=0.5853
epoch=9 step=593050 train_loss=0.5653
epoch=9 step=593100 train_loss=0.5522
epoch=9 step=593150 train_loss=0.5713
epoch=9 step=593200 train_loss=0.5839
epoch=9 step=593250 train_loss=0.4920
epoch=9 step=593300 train_loss=0.5379
epoch=9 step=593350 train_loss=0.5306
epoch=9 step=593400 train_loss=0.5350
epoch=9 step=593450 train_loss=0.5768
epoch=9 step=593500 train_loss=0.5725
[eval] step=593500 train=0.5702 val=0.5842
epoch=9 step=593550 train_loss=0.5733
epoch=9 step=593600 train_loss=0.6117
epoch=9 step=593650 train_loss=0.5651
epoch=9 step=593700 train_loss=0.6007
epoch=9 step=593750 train_loss=0.6230
epoch=9 step=593800 train_loss=0.5734
epoch=9 step=593850 train_loss=0.5654
epoch=9 step=593900 train_loss=0.5930
epoch=9 step=593950 train_loss=0.5568
epoch=9 step=594000 train_loss=0.5706
[eval] step=594000 train=0.5738 val=0.5864
epoch=9 step=594050 train_loss=0.5192
epoch=9 step=594100 train_loss=0.5501
epoch=9 step=594150 train_loss=0.5926
epoch=9 step=594200 train_loss=0.5971
epoch=9 step=594250 train_loss=0.5525
epoch=9 step=594300 train_loss=0.5679
epoch=9 step=594350 train_loss=0.5891
epoch=9 step=594400 train_loss=0.5422
epoch=9 step=594450 train_loss=0.5717
epoch=9 step=594500 train_loss=0.5601
[eval] step=594500 train=0.5606 val=0.5891
epoch=9 step=594550 train_loss=0.5281
epoch=9 step=594600 train_loss=0.5944
epoch=9 step=594650 train_loss=0.5708
epoch=9 step=594700 train_loss=0.5712
epoch=9 step=594750 train_loss=0.6135
epoch=9 step=594800 train_loss=0.5033
epoch=9 step=594850 train_loss=0.6025
epoch=9 step=594900 train_loss=0.5935
epoch=9 step=594950 train_loss=0.6069
epoch=9 step=595000 train_loss=0.5520
[eval] step=595000 train=0.5619 val=0.5865
epoch=9 step=595050 train_loss=0.6073
epoch=9 step=595100 train_loss=0.5504
epoch=9 step=595150 train_loss=0.5619
epoch=9 step=595200 train_loss=0.5419
epoch=9 step=595250 train_loss=0.5526
epoch=9 step=595300 train_loss=0.5762
epoch=9 step=595350 train_loss=0.5461
epoch=9 step=595400 train_loss=0.5562
epoch=9 step=595450 train_loss=0.6037
epoch=9 step=595500 train_loss=0.5732
[eval] step=595500 train=0.5633 val=0.5868
epoch=9 step=595550 train_loss=0.5598
epoch=9 step=595600 train_loss=0.5588
epoch=9 step=595650 train_loss=0.5525
epoch=9 step=595700 train_loss=0.5707
epoch=9 step=595750 train_loss=0.5865
epoch=9 step=595800 train_loss=0.5785
epoch=9 step=595850 train_loss=0.5966
epoch=9 step=595900 train_loss=0.5811
epoch=9 step=595950 train_loss=0.5852
epoch=9 step=596000 train_loss=0.5714
[eval] step=596000 train=0.5438 val=0.5804
epoch=9 step=596050 train_loss=0.5798
epoch=9 step=596100 train_loss=0.5445
epoch=9 step=596150 train_loss=0.5502
epoch=9 step=596200 train_loss=0.5793
epoch=9 step=596250 train_loss=0.5834
epoch=9 step=596300 train_loss=0.5833
epoch=9 step=596350 train_loss=0.5498
epoch=9 step=596400 train_loss=0.5875
epoch=9 step=596450 train_loss=0.5747
epoch=9 step=596500 train_loss=0.5354
[eval] step=596500 train=0.5638 val=0.5843
epoch=9 step=596550 train_loss=0.6511
epoch=9 step=596600 train_loss=0.5593
epoch=9 step=596650 train_loss=0.6055
epoch=9 step=596700 train_loss=0.5697
epoch=9 step=596750 train_loss=0.5877
epoch=9 step=596800 train_loss=0.5158
epoch=9 step=596850 train_loss=0.5847
epoch=9 step=596900 train_loss=0.5520
epoch=9 step=596950 train_loss=0.5157
epoch=9 step=597000 train_loss=0.5779
[eval] step=597000 train=0.5688 val=0.5857
epoch=9 step=597050 train_loss=0.5397
epoch=9 step=597100 train_loss=0.5731
epoch=9 step=597150 train_loss=0.5925
epoch=9 step=597200 train_loss=0.5973
epoch=9 step=597250 train_loss=0.5564
epoch=9 step=597300 train_loss=0.6252
epoch=9 step=597350 train_loss=0.5583
epoch=9 step=597400 train_loss=0.5964
epoch=9 step=597450 train_loss=0.5688
epoch=9 step=597500 train_loss=0.5814
[eval] step=597500 train=0.5773 val=0.5778
epoch=9 step=597550 train_loss=0.5345
epoch=9 step=597600 train_loss=0.5871
epoch=9 step=597650 train_loss=0.5895
epoch=9 step=597700 train_loss=0.5897
epoch=9 step=597750 train_loss=0.5344
epoch=9 step=597800 train_loss=0.4964
epoch=9 step=597850 train_loss=0.5067
epoch=9 step=597900 train_loss=0.5843
epoch=9 step=597950 train_loss=0.5482
epoch=9 step=598000 train_loss=0.5778
[eval] step=598000 train=0.5643 val=0.5814
epoch=9 step=598050 train_loss=0.5714
epoch=9 step=598100 train_loss=0.5871
epoch=9 step=598150 train_loss=0.5448
epoch=9 step=598200 train_loss=0.5821
epoch=9 step=598250 train_loss=0.5822
epoch=9 step=598300 train_loss=0.5586
epoch=9 step=598350 train_loss=0.6040
epoch=9 step=598400 train_loss=0.6305
epoch=9 step=598450 train_loss=0.5739
epoch=9 step=598500 train_loss=0.5499
[eval] step=598500 train=0.5597 val=0.5809
epoch=9 step=598550 train_loss=0.5776
epoch=9 step=598600 train_loss=0.5598
epoch=9 step=598650 train_loss=0.6500
epoch=9 step=598700 train_loss=0.5703
epoch=9 step=598750 train_loss=0.5941
epoch=9 step=598800 train_loss=0.5797
epoch=9 step=598850 train_loss=0.5735
epoch=9 step=598900 train_loss=0.5599
epoch=9 step=598950 train_loss=0.5786
epoch=9 step=599000 train_loss=0.5657
[eval] step=599000 train=0.5664 val=0.5837
epoch=9 step=599050 train_loss=0.6123
epoch=9 step=599100 train_loss=0.5117
epoch=9 step=599150 train_loss=0.5136
epoch=9 step=599200 train_loss=0.5474
epoch=9 step=599250 train_loss=0.5809
epoch=9 step=599300 train_loss=0.5777
epoch=9 step=599350 train_loss=0.6002
epoch=9 step=599400 train_loss=0.6171
epoch=9 step=599450 train_loss=0.5467
epoch=9 step=599500 train_loss=0.5432
[eval] step=599500 train=0.5688 val=0.5860
epoch=9 step=599550 train_loss=0.5726
epoch=9 step=599600 train_loss=0.6154
epoch=9 step=599650 train_loss=0.5646
epoch=9 step=599700 train_loss=0.5847
epoch=9 step=599750 train_loss=0.5792
epoch=9 step=599800 train_loss=0.5803
epoch=9 step=599850 train_loss=0.5854
epoch=9 step=599900 train_loss=0.5798
epoch=9 step=599950 train_loss=0.5427
epoch=9 step=600000 train_loss=0.5594
[eval] step=600000 train=0.5619 val=0.5801
epoch=9 step=600050 train_loss=0.5345
epoch=9 step=600100 train_loss=0.5939
epoch=9 step=600150 train_loss=0.5988
epoch=9 step=600200 train_loss=0.5384
epoch=9 step=600250 train_loss=0.5969
epoch=9 step=600300 train_loss=0.5084
epoch=9 step=600350 train_loss=0.5654
epoch=9 step=600400 train_loss=0.5709
epoch=9 step=600450 train_loss=0.6035
epoch=9 step=600500 train_loss=0.5858
[eval] step=600500 train=0.5659 val=0.5810
epoch=9 step=600550 train_loss=0.5715
epoch=9 step=600600 train_loss=0.5942
epoch=9 step=600650 train_loss=0.5985
epoch=9 step=600700 train_loss=0.5988
epoch=9 step=600750 train_loss=0.5344
epoch=9 step=600800 train_loss=0.6115
epoch=9 step=600850 train_loss=0.5571
epoch=9 step=600900 train_loss=0.5794
epoch=9 step=600950 train_loss=0.5749
epoch=9 step=601000 train_loss=0.5588
[eval] step=601000 train=0.5738 val=0.5858
epoch=9 step=601050 train_loss=0.5705
epoch=9 step=601100 train_loss=0.5617
epoch=9 step=601150 train_loss=0.5450
epoch=9 step=601200 train_loss=0.6009
epoch=9 step=601250 train_loss=0.5606
epoch=9 step=601300 train_loss=0.5490
epoch=9 step=601350 train_loss=0.5625
epoch=9 step=601400 train_loss=0.5592
epoch=9 step=601450 train_loss=0.5277
epoch=9 step=601500 train_loss=0.5857
[eval] step=601500 train=0.5652 val=0.5846
epoch=9 step=601550 train_loss=0.5446
epoch=9 step=601600 train_loss=0.5881
epoch=9 step=601650 train_loss=0.5549
epoch=9 step=601700 train_loss=0.5608
epoch=9 step=601750 train_loss=0.5913
epoch=9 step=601800 train_loss=0.5495
epoch=9 step=601850 train_loss=0.5821
epoch=9 step=601900 train_loss=0.5449
epoch=9 step=601950 train_loss=0.5640
epoch=9 step=602000 train_loss=0.6281
[eval] step=602000 train=0.5667 val=0.5869
epoch=9 step=602050 train_loss=0.5459
epoch=9 step=602100 train_loss=0.5179
epoch=9 step=602150 train_loss=0.5704
epoch=9 step=602200 train_loss=0.5889
epoch=9 step=602250 train_loss=0.5731
epoch=9 step=602300 train_loss=0.5663
epoch=9 step=602350 train_loss=0.5470
epoch=9 step=602400 train_loss=0.5601
epoch=9 step=602450 train_loss=0.6072
epoch=9 step=602500 train_loss=0.5541
[eval] step=602500 train=0.5552 val=0.5807
epoch=9 step=602550 train_loss=0.5446
epoch=9 step=602600 train_loss=0.5720
epoch=9 step=602650 train_loss=0.5772
epoch=9 step=602700 train_loss=0.5356
epoch=9 step=602750 train_loss=0.5824
epoch=9 step=602800 train_loss=0.5907
epoch=9 step=602850 train_loss=0.5621
epoch=9 step=602900 train_loss=0.5401
epoch=9 step=602950 train_loss=0.5740
epoch=9 step=603000 train_loss=0.5563
[eval] step=603000 train=0.5633 val=0.5931
epoch=9 step=603050 train_loss=0.5380
epoch=9 step=603100 train_loss=0.5869
epoch=9 step=603150 train_loss=0.5607
epoch=9 step=603200 train_loss=0.6325
epoch=9 step=603250 train_loss=0.6173
epoch=9 step=603300 train_loss=0.6187
epoch=9 step=603350 train_loss=0.5622
epoch=9 step=603400 train_loss=0.5819
epoch=9 step=603450 train_loss=0.5274
epoch=9 step=603500 train_loss=0.5972
[eval] step=603500 train=0.5740 val=0.5844
epoch=9 step=603550 train_loss=0.5732
epoch=9 step=603600 train_loss=0.5967
epoch=9 step=603650 train_loss=0.5898
epoch=9 step=603700 train_loss=0.5373
epoch=9 step=603750 train_loss=0.6258
epoch=9 step=603800 train_loss=0.5473
epoch=9 step=603850 train_loss=0.5098
epoch=9 step=603900 train_loss=0.5420
epoch=9 step=603950 train_loss=0.5681
epoch=9 step=604000 train_loss=0.5422
[eval] step=604000 train=0.5664 val=0.5829
epoch=9 step=604050 train_loss=0.6088
epoch=9 step=604100 train_loss=0.5705
epoch=9 step=604150 train_loss=0.5310
epoch=9 step=604200 train_loss=0.5652
epoch=9 step=604250 train_loss=0.5490
epoch=9 step=604300 train_loss=0.6243
epoch=9 step=604350 train_loss=0.5779
epoch=9 step=604400 train_loss=0.5705
epoch=9 step=604450 train_loss=0.5860
epoch=9 step=604500 train_loss=0.5654
[eval] step=604500 train=0.5587 val=0.5833
epoch=9 step=604550 train_loss=0.5978
epoch=9 step=604600 train_loss=0.5516
epoch=9 step=604650 train_loss=0.5516
epoch=9 step=604700 train_loss=0.5580
epoch=9 step=604750 train_loss=0.5385
epoch=9 step=604800 train_loss=0.5797
epoch=9 step=604850 train_loss=0.5216
epoch=9 step=604900 train_loss=0.5612
epoch=9 step=604950 train_loss=0.5645
epoch=9 step=605000 train_loss=0.5751
[eval] step=605000 train=0.5720 val=0.5839
epoch=9 step=605050 train_loss=0.5388
epoch=9 step=605100 train_loss=0.6091
epoch=9 step=605150 train_loss=0.6062
epoch=9 step=605200 train_loss=0.5621
epoch=9 step=605250 train_loss=0.5399
epoch=9 step=605300 train_loss=0.5619
epoch=9 step=605350 train_loss=0.5624
epoch=9 step=605400 train_loss=0.5938
epoch=9 step=605450 train_loss=0.5833
epoch=9 step=605500 train_loss=0.5241
[eval] step=605500 train=0.5556 val=0.5809
epoch=9 step=605550 train_loss=0.6020
epoch=9 step=605600 train_loss=0.5709
epoch=9 step=605650 train_loss=0.5867
epoch=9 step=605700 train_loss=0.6158
epoch=9 step=605750 train_loss=0.5905
epoch=9 step=605800 train_loss=0.5638
epoch=9 step=605850 train_loss=0.5483
epoch=9 step=605900 train_loss=0.5847
epoch=9 step=605950 train_loss=0.5924
epoch=9 step=606000 train_loss=0.5612
[eval] step=606000 train=0.5668 val=0.5854
epoch=9 step=606050 train_loss=0.5683
epoch=9 step=606100 train_loss=0.5572
epoch=9 step=606150 train_loss=0.5605
epoch=9 step=606200 train_loss=0.5169
epoch=9 step=606250 train_loss=0.5868
epoch=9 step=606300 train_loss=0.5819
epoch=9 step=606350 train_loss=0.5392
epoch=9 step=606400 train_loss=0.6050
epoch=9 step=606450 train_loss=0.5810
epoch=9 step=606500 train_loss=0.5737
[eval] step=606500 train=0.5636 val=0.5859
epoch=9 step=606550 train_loss=0.5774
epoch=9 step=606600 train_loss=0.5312
epoch=9 step=606650 train_loss=0.5882
epoch=9 step=606700 train_loss=0.6041
epoch=9 step=606750 train_loss=0.5661
epoch=9 step=606800 train_loss=0.5571
epoch=9 step=606850 train_loss=0.5793
epoch=9 step=606900 train_loss=0.5413
epoch=9 step=606950 train_loss=0.6079
epoch=9 step=607000 train_loss=0.5449
[eval] step=607000 train=0.5713 val=0.5823
epoch=9 step=607050 train_loss=0.5345
epoch=9 step=607100 train_loss=0.5815
epoch=9 step=607150 train_loss=0.5757
epoch=9 step=607200 train_loss=0.5914
epoch=9 step=607250 train_loss=0.5792
epoch=9 step=607300 train_loss=0.5802
epoch=9 step=607350 train_loss=0.5820
epoch=9 step=607400 train_loss=0.5984
epoch=9 step=607450 train_loss=0.5548
epoch=9 step=607500 train_loss=0.6057
[eval] step=607500 train=0.5676 val=0.5858
epoch=9 step=607550 train_loss=0.5488
epoch=9 step=607600 train_loss=0.5725
epoch=9 step=607650 train_loss=0.5603
epoch=9 step=607700 train_loss=0.5600
epoch=9 step=607750 train_loss=0.5414
epoch=9 step=607800 train_loss=0.5364
epoch=9 step=607850 train_loss=0.5301
epoch=9 step=607900 train_loss=0.5699
epoch=9 step=607950 train_loss=0.4993
epoch=9 step=608000 train_loss=0.5915
[eval] step=608000 train=0.5603 val=0.5864
epoch=9 step=608050 train_loss=0.5601
epoch=9 step=608100 train_loss=0.6151
epoch=9 step=608150 train_loss=0.5822
epoch=9 step=608200 train_loss=0.6090
epoch=9 step=608250 train_loss=0.5709
epoch=9 step=608300 train_loss=0.5696
epoch=9 step=608350 train_loss=0.5389
epoch=9 step=608400 train_loss=0.5686
epoch=9 step=608450 train_loss=0.6204
epoch=9 step=608500 train_loss=0.5783
[eval] step=608500 train=0.5714 val=0.5819
epoch=9 step=608550 train_loss=0.5806
epoch=9 step=608600 train_loss=0.5956
epoch=9 step=608650 train_loss=0.5430
epoch=9 step=608700 train_loss=0.5911
epoch=9 step=608750 train_loss=0.5852
epoch=9 step=608800 train_loss=0.5939
epoch=9 step=608850 train_loss=0.5676
epoch=9 step=608900 train_loss=0.5733
epoch=9 step=608950 train_loss=0.5571
epoch=9 step=609000 train_loss=0.6050
[eval] step=609000 train=0.5596 val=0.5867
epoch=9 step=609050 train_loss=0.5683
epoch=9 step=609100 train_loss=0.5427
epoch=9 step=609150 train_loss=0.5754
epoch=9 step=609200 train_loss=0.5697
epoch=9 step=609250 train_loss=0.5792
epoch=9 step=609300 train_loss=0.5994
epoch=9 step=609350 train_loss=0.5781
epoch=9 step=609400 train_loss=0.5268
epoch=9 step=609450 train_loss=0.6032
epoch=9 step=609500 train_loss=0.5683
[eval] step=609500 train=0.5635 val=0.5769
epoch=9 step=609550 train_loss=0.5582
epoch=9 step=609600 train_loss=0.5672
epoch=9 step=609650 train_loss=0.5358
epoch=9 step=609700 train_loss=0.5307
epoch=9 step=609750 train_loss=0.5449
epoch=9 step=609800 train_loss=0.5586
epoch=9 step=609850 train_loss=0.5903
epoch=9 step=609900 train_loss=0.5308
epoch=9 step=609950 train_loss=0.5526
epoch=9 step=610000 train_loss=0.5773
[eval] step=610000 train=0.5624 val=0.5877
epoch=9 step=610050 train_loss=0.5306
epoch=9 step=610100 train_loss=0.6061
epoch=9 step=610150 train_loss=0.5939
epoch=9 step=610200 train_loss=0.5905
epoch=9 step=610250 train_loss=0.5918
epoch=9 step=610300 train_loss=0.5816
epoch=9 step=610350 train_loss=0.5928
epoch=9 step=610400 train_loss=0.5456
epoch=9 step=610450 train_loss=0.5697
epoch=9 step=610500 train_loss=0.6186
[eval] step=610500 train=0.5529 val=0.5835
epoch=9 step=610550 train_loss=0.5372
epoch=9 step=610600 train_loss=0.5507
epoch=9 step=610650 train_loss=0.5919
epoch=9 step=610700 train_loss=0.6172
epoch=9 step=610750 train_loss=0.5742
epoch=9 step=610800 train_loss=0.5501
epoch=9 step=610850 train_loss=0.5680
epoch=9 step=610900 train_loss=0.5472
epoch=9 step=610950 train_loss=0.5809
epoch=9 step=611000 train_loss=0.5545
[eval] step=611000 train=0.5610 val=0.5816
epoch=9 step=611050 train_loss=0.5362
epoch=9 step=611100 train_loss=0.5271
epoch=9 step=611150 train_loss=0.6158
epoch=9 step=611200 train_loss=0.6157
epoch=9 step=611250 train_loss=0.5515
epoch=9 step=611300 train_loss=0.5478
epoch=9 step=611350 train_loss=0.5858
epoch=9 step=611400 train_loss=0.5402
epoch=9 step=611450 train_loss=0.5939
epoch=9 step=611500 train_loss=0.5597
[eval] step=611500 train=0.5618 val=0.5802
epoch=9 step=611550 train_loss=0.5523
epoch=9 step=611600 train_loss=0.5867
epoch=9 step=611650 train_loss=0.5919
epoch=9 step=611700 train_loss=0.5730
epoch=9 step=611750 train_loss=0.5699
epoch=9 step=611800 train_loss=0.5934
epoch=9 step=611850 train_loss=0.5884
epoch=9 step=611900 train_loss=0.5541
epoch=9 step=611950 train_loss=0.5606
epoch=9 step=612000 train_loss=0.5704
[eval] step=612000 train=0.5692 val=0.5877
epoch=9 step=612050 train_loss=0.5620
epoch=9 step=612100 train_loss=0.6018
epoch=9 step=612150 train_loss=0.5989
epoch=9 step=612200 train_loss=0.5764
epoch=9 step=612250 train_loss=0.5330
epoch=9 step=612300 train_loss=0.5922
epoch=9 step=612350 train_loss=0.5820
epoch=9 step=612400 train_loss=0.5875
epoch=9 step=612450 train_loss=0.5546
epoch=9 step=612500 train_loss=0.5290
[eval] step=612500 train=0.5693 val=0.5807
epoch=9 step=612550 train_loss=0.5213
epoch=9 step=612600 train_loss=0.5684
epoch=9 step=612650 train_loss=0.5817
epoch=9 step=612700 train_loss=0.5225
epoch=9 step=612750 train_loss=0.5397
epoch=9 step=612800 train_loss=0.5910
epoch=9 step=612850 train_loss=0.6021
epoch=9 step=612900 train_loss=0.5717
epoch=9 step=612950 train_loss=0.5516
epoch=9 step=613000 train_loss=0.5544
[eval] step=613000 train=0.5657 val=0.5875
epoch=9 step=613050 train_loss=0.5655
epoch=9 step=613100 train_loss=0.5155
epoch=9 step=613150 train_loss=0.5547
epoch=9 step=613200 train_loss=0.5676
epoch=9 step=613250 train_loss=0.5782
epoch=9 step=613300 train_loss=0.5624
epoch=9 step=613350 train_loss=0.5715
epoch=9 step=613400 train_loss=0.5691
epoch=9 step=613450 train_loss=0.5388
epoch=9 step=613500 train_loss=0.6360
[eval] step=613500 train=0.5651 val=0.5861
epoch=9 step=613550 train_loss=0.5922
epoch=9 step=613600 train_loss=0.5786
epoch=9 step=613650 train_loss=0.6086
epoch=9 step=613700 train_loss=0.5835
epoch=9 step=613750 train_loss=0.5638
epoch=9 step=613800 train_loss=0.5688
epoch=9 step=613850 train_loss=0.5758
epoch=9 step=613900 train_loss=0.6252
epoch=9 step=613950 train_loss=0.5420
epoch=9 step=614000 train_loss=0.5931
[eval] step=614000 train=0.5729 val=0.5859
epoch=9 step=614050 train_loss=0.5721
epoch=9 step=614100 train_loss=0.5690
epoch=9 step=614150 train_loss=0.5943
epoch=9 step=614200 train_loss=0.5583
epoch=9 step=614250 train_loss=0.5297
epoch=9 step=614300 train_loss=0.5612
epoch=9 step=614350 train_loss=0.5613
epoch=9 step=614400 train_loss=0.5627
epoch=9 step=614450 train_loss=0.5953
epoch=9 step=614500 train_loss=0.5463
[eval] step=614500 train=0.5682 val=0.5800
epoch=9 step=614550 train_loss=0.5591
epoch=9 step=614600 train_loss=0.5640
epoch=9 step=614650 train_loss=0.5320
epoch=9 step=614700 train_loss=0.5836
epoch=9 step=614750 train_loss=0.5996
epoch=9 step=614800 train_loss=0.5672
epoch=9 step=614850 train_loss=0.5565
epoch=9 step=614900 train_loss=0.6077
epoch=9 step=614950 train_loss=0.5433
epoch=9 step=615000 train_loss=0.5748
[eval] step=615000 train=0.5606 val=0.5815
epoch=9 step=615050 train_loss=0.5710
epoch=9 step=615100 train_loss=0.6033
epoch=9 step=615150 train_loss=0.5927
epoch=9 step=615200 train_loss=0.5273
epoch=9 step=615250 train_loss=0.5480
epoch=9 step=615300 train_loss=0.5639
epoch=9 step=615350 train_loss=0.6245
epoch=9 step=615400 train_loss=0.5257
epoch=9 step=615450 train_loss=0.5758
epoch=9 step=615500 train_loss=0.5354
[eval] step=615500 train=0.5670 val=0.5825
epoch=9 step=615550 train_loss=0.6276
epoch=9 step=615600 train_loss=0.6359
epoch=9 step=615650 train_loss=0.5930
epoch=9 step=615700 train_loss=0.5895
epoch=9 step=615750 train_loss=0.5490
epoch=9 step=615800 train_loss=0.5677
epoch=9 step=615850 train_loss=0.6313
epoch=9 step=615900 train_loss=0.5027
epoch=9 step=615950 train_loss=0.5944
epoch=9 step=616000 train_loss=0.5664
[eval] step=616000 train=0.5688 val=0.5868
epoch=9 step=616050 train_loss=0.5429
epoch=9 step=616100 train_loss=0.5982
epoch=9 step=616150 train_loss=0.5301
epoch=9 step=616200 train_loss=0.5833
epoch=9 step=616250 train_loss=0.5423
epoch=9 step=616300 train_loss=0.5907
epoch=9 step=616350 train_loss=0.5742
epoch=9 step=616400 train_loss=0.5975
epoch=9 step=616450 train_loss=0.6064
epoch=9 step=616500 train_loss=0.5940
[eval] step=616500 train=0.5710 val=0.5865
epoch=9 step=616550 train_loss=0.5282
epoch=9 step=616600 train_loss=0.5481
epoch=9 step=616650 train_loss=0.5601
epoch=9 step=616700 train_loss=0.6024
epoch=9 step=616750 train_loss=0.5400
epoch=9 step=616800 train_loss=0.5695
epoch=9 step=616850 train_loss=0.5554
epoch=9 step=616900 train_loss=0.5980
epoch=9 step=616950 train_loss=0.5852
epoch=9 step=617000 train_loss=0.6010
[eval] step=617000 train=0.5606 val=0.5785
epoch=9 step=617050 train_loss=0.5968
epoch=9 step=617100 train_loss=0.5580
epoch=9 step=617150 train_loss=0.5867
epoch=9 step=617200 train_loss=0.5690
epoch=9 step=617250 train_loss=0.5941
epoch=9 step=617300 train_loss=0.5742
epoch=9 step=617350 train_loss=0.5527
epoch=9 step=617400 train_loss=0.5721
epoch=9 step=617450 train_loss=0.5678
epoch=9 step=617500 train_loss=0.5844
[eval] step=617500 train=0.5628 val=0.5877
epoch=9 step=617550 train_loss=0.5155
epoch=9 step=617600 train_loss=0.5272
epoch=9 step=617650 train_loss=0.5637
epoch=9 step=617700 train_loss=0.5568
epoch=9 step=617750 train_loss=0.5712
epoch=9 step=617800 train_loss=0.5674
epoch=9 step=617850 train_loss=0.5540
epoch=9 step=617900 train_loss=0.5547
epoch=9 step=617950 train_loss=0.5449
epoch=9 step=618000 train_loss=0.5669
[eval] step=618000 train=0.5617 val=0.5807
epoch=9 step=618050 train_loss=0.5599
epoch=9 step=618100 train_loss=0.5522
epoch=9 step=618150 train_loss=0.5254
epoch=9 step=618200 train_loss=0.6040
epoch=9 step=618250 train_loss=0.5726
epoch=9 step=618300 train_loss=0.5561
epoch=9 step=618350 train_loss=0.5173
epoch=9 step=618400 train_loss=0.5644
epoch=9 step=618450 train_loss=0.5855
epoch=9 step=618500 train_loss=0.5989
[eval] step=618500 train=0.5621 val=0.5837
epoch=9 step=618550 train_loss=0.5889
epoch=9 step=618600 train_loss=0.5493
epoch=9 step=618650 train_loss=0.5454
epoch=9 step=618700 train_loss=0.5349
epoch=9 step=618750 train_loss=0.5662
epoch=9 step=618800 train_loss=0.5390
epoch=9 step=618850 train_loss=0.6001
epoch=9 step=618900 train_loss=0.6063
epoch=9 step=618950 train_loss=0.6254
epoch=9 step=619000 train_loss=0.5658
[eval] step=619000 train=0.5789 val=0.5832
epoch=9 step=619050 train_loss=0.5631
epoch=9 step=619100 train_loss=0.5660
epoch=9 step=619150 train_loss=0.5776
epoch=9 step=619200 train_loss=0.5680
epoch=9 step=619250 train_loss=0.5308
epoch=9 step=619300 train_loss=0.5778
epoch=9 step=619350 train_loss=0.5712
epoch=9 step=619400 train_loss=0.5731
epoch=9 step=619450 train_loss=0.6076
epoch=9 step=619500 train_loss=0.5774
[eval] step=619500 train=0.5691 val=0.5820
epoch=9 step=619550 train_loss=0.5461
epoch=9 step=619600 train_loss=0.5378
epoch=9 step=619650 train_loss=0.6172
epoch=9 step=619700 train_loss=0.5370
epoch=9 step=619750 train_loss=0.5794
epoch=9 step=619800 train_loss=0.5720
epoch=9 step=619850 train_loss=0.6124
epoch=9 step=619900 train_loss=0.5310
epoch=9 step=619950 train_loss=0.5899
epoch=9 step=620000 train_loss=0.5624
[eval] step=620000 train=0.5573 val=0.5781
epoch=9 step=620050 train_loss=0.5750
epoch=9 step=620100 train_loss=0.5602
epoch=9 step=620150 train_loss=0.5559
epoch=9 step=620200 train_loss=0.5284
epoch=9 step=620250 train_loss=0.5895
epoch=9 step=620300 train_loss=0.6143
epoch=9 step=620350 train_loss=0.5482
epoch=9 step=620400 train_loss=0.5821
epoch=9 step=620450 train_loss=0.5518
epoch=9 step=620500 train_loss=0.6120
[eval] step=620500 train=0.5670 val=0.5858
epoch=9 step=620550 train_loss=0.5627
epoch=9 step=620600 train_loss=0.5840
epoch=9 step=620650 train_loss=0.5346
epoch=9 step=620700 train_loss=0.5892
epoch=9 step=620750 train_loss=0.6192
epoch=9 step=620800 train_loss=0.6040
epoch=9 step=620850 train_loss=0.5903
epoch=9 step=620900 train_loss=0.5952
epoch=9 step=620950 train_loss=0.5717
epoch=9 step=621000 train_loss=0.5577
[eval] step=621000 train=0.5624 val=0.5828
epoch=9 step=621050 train_loss=0.5687
epoch=9 step=621100 train_loss=0.5886
epoch=9 step=621150 train_loss=0.6124
epoch=9 step=621200 train_loss=0.5939
epoch=9 step=621250 train_loss=0.5940
epoch=9 step=621300 train_loss=0.5546
epoch=9 step=621350 train_loss=0.5697
epoch=9 step=621400 train_loss=0.5627
epoch=9 step=621450 train_loss=0.5809
epoch=9 step=621500 train_loss=0.5843
[eval] step=621500 train=0.5702 val=0.5846
epoch=9 step=621550 train_loss=0.5468
epoch=9 step=621600 train_loss=0.4963
epoch=9 step=621650 train_loss=0.6007
epoch=9 step=621700 train_loss=0.6124
epoch=9 step=621750 train_loss=0.5933
epoch=9 step=621800 train_loss=0.5652
epoch=9 step=621850 train_loss=0.5635
epoch=9 step=621900 train_loss=0.5845
epoch=9 step=621950 train_loss=0.5440
epoch=9 step=622000 train_loss=0.5656
[eval] step=622000 train=0.5615 val=0.5811
epoch=9 step=622050 train_loss=0.5338
epoch=9 step=622100 train_loss=0.5701
epoch=9 step=622150 train_loss=0.5689
epoch=9 step=622200 train_loss=0.5391
epoch=9 step=622250 train_loss=0.5896
epoch=9 step=622300 train_loss=0.5579
epoch=9 step=622350 train_loss=0.5770
epoch=9 step=622400 train_loss=0.5392
epoch=9 step=622450 train_loss=0.5448
epoch=9 step=622500 train_loss=0.5905
[eval] step=622500 train=0.5703 val=0.5833
epoch=9 step=622550 train_loss=0.5649
epoch=9 step=622600 train_loss=0.5479
epoch=9 step=622650 train_loss=0.5728
epoch=9 step=622700 train_loss=0.5191
epoch=9 step=622750 train_loss=0.5721
epoch=9 step=622800 train_loss=0.5465
epoch=9 step=622850 train_loss=0.5713
epoch=9 step=622900 train_loss=0.5648
epoch=9 step=622950 train_loss=0.5566
epoch=9 step=623000 train_loss=0.5891
[eval] step=623000 train=0.5657 val=0.5795
epoch=9 step=623050 train_loss=0.5619
epoch=9 step=623100 train_loss=0.5380
epoch=9 step=623150 train_loss=0.5671
epoch=9 step=623200 train_loss=0.5823
epoch=9 step=623250 train_loss=0.5548
epoch=9 step=623300 train_loss=0.6346
epoch=9 step=623350 train_loss=0.5674
epoch=9 step=623400 train_loss=0.5804
epoch=9 step=623450 train_loss=0.5929
epoch=9 step=623500 train_loss=0.5582
[eval] step=623500 train=0.5654 val=0.5824
epoch=9 step=623550 train_loss=0.5654
epoch=9 step=623600 train_loss=0.5341
epoch=9 step=623650 train_loss=0.5677
epoch=9 step=623700 train_loss=0.5724
epoch=9 step=623750 train_loss=0.5985
epoch=9 step=623800 train_loss=0.5485
epoch=9 step=623850 train_loss=0.6103
epoch=9 step=623900 train_loss=0.5529
epoch=9 step=623950 train_loss=0.6062
epoch=9 step=624000 train_loss=0.5782
[eval] step=624000 train=0.5610 val=0.5805
epoch=9 step=624050 train_loss=0.5812
epoch=9 step=624100 train_loss=0.5848
epoch=9 step=624150 train_loss=0.5729
epoch=9 step=624200 train_loss=0.5823
epoch=9 step=624250 train_loss=0.5890
epoch=9 step=624300 train_loss=0.6278
epoch=9 step=624350 train_loss=0.5907
epoch=9 step=624400 train_loss=0.6133
epoch=9 step=624450 train_loss=0.6322
epoch=9 step=624500 train_loss=0.5833
[eval] step=624500 train=0.5575 val=0.5784
epoch=9 step=624550 train_loss=0.5761
epoch=9 step=624600 train_loss=0.5617
epoch=9 step=624650 train_loss=0.6292
epoch=9 step=624700 train_loss=0.5703
epoch=9 step=624750 train_loss=0.5478
epoch=9 step=624800 train_loss=0.5780
epoch=9 step=624850 train_loss=0.5547
epoch=9 step=624900 train_loss=0.6182
epoch=9 step=624950 train_loss=0.5674
epoch=9 step=625000 train_loss=0.6429
[eval] step=625000 train=0.5706 val=0.5814
epoch=9 step=625050 train_loss=0.6071
epoch=9 step=625100 train_loss=0.5307
epoch=9 step=625150 train_loss=0.5788
epoch=9 step=625200 train_loss=0.5432
epoch=9 step=625250 train_loss=0.5288
epoch=9 step=625300 train_loss=0.5673
epoch=9 step=625350 train_loss=0.5620
epoch=9 step=625400 train_loss=0.5662
epoch=9 step=625450 train_loss=0.5487
epoch=9 step=625500 train_loss=0.5625
[eval] step=625500 train=0.5664 val=0.5842
epoch=9 step=625550 train_loss=0.5693
epoch=9 step=625600 train_loss=0.5420
epoch=9 step=625650 train_loss=0.6104
epoch=9 step=625700 train_loss=0.4908
epoch=9 step=625750 train_loss=0.6142
epoch=9 step=625800 train_loss=0.5744
epoch=9 step=625850 train_loss=0.5908
epoch=9 step=625900 train_loss=0.6033
epoch=9 step=625950 train_loss=0.6180
epoch=9 step=626000 train_loss=0.5026
[eval] step=626000 train=0.5593 val=0.5810
epoch=9 step=626050 train_loss=0.5537
epoch=9 step=626100 train_loss=0.5784
epoch=9 step=626150 train_loss=0.5457
epoch=9 step=626200 train_loss=0.5493
epoch=9 step=626250 train_loss=0.5653
epoch=9 step=626300 train_loss=0.5590
epoch=9 step=626350 train_loss=0.5465
epoch=9 step=626400 train_loss=0.6195
epoch=9 step=626450 train_loss=0.5822
epoch=9 step=626500 train_loss=0.6020
[eval] step=626500 train=0.5582 val=0.5902
epoch=9 step=626550 train_loss=0.5966
epoch=9 step=626600 train_loss=0.5694
epoch=9 step=626650 train_loss=0.5630
epoch=9 step=626700 train_loss=0.5661
epoch=9 step=626750 train_loss=0.5853
epoch=9 step=626800 train_loss=0.5466
epoch=9 step=626850 train_loss=0.5621
epoch=9 step=626900 train_loss=0.5693
epoch=9 step=626950 train_loss=0.5905
epoch=9 step=627000 train_loss=0.5864
[eval] step=627000 train=0.5610 val=0.5803
epoch=9 step=627050 train_loss=0.5478
epoch=9 step=627100 train_loss=0.5764
epoch=9 step=627150 train_loss=0.5411
epoch=9 step=627200 train_loss=0.5350
epoch=9 step=627250 train_loss=0.6043
epoch=9 step=627300 train_loss=0.5624
epoch=9 step=627350 train_loss=0.5436
epoch=9 step=627400 train_loss=0.5479
epoch=9 step=627450 train_loss=0.5616
epoch=9 step=627500 train_loss=0.5469
[eval] step=627500 train=0.5544 val=0.5785
epoch=9 step=627550 train_loss=0.5840
epoch=9 step=627600 train_loss=0.6393
epoch=9 step=627650 train_loss=0.6063
epoch=9 step=627700 train_loss=0.5639
epoch=9 step=627750 train_loss=0.5685
epoch=9 step=627800 train_loss=0.5727
epoch=9 step=627850 train_loss=0.5892
epoch=9 step=627900 train_loss=0.5799
epoch=9 step=627950 train_loss=0.6341
epoch=9 step=628000 train_loss=0.6184
[eval] step=628000 train=0.5554 val=0.5830
epoch=9 step=628050 train_loss=0.5599
epoch=9 step=628100 train_loss=0.5576
epoch=9 step=628150 train_loss=0.5875
epoch=9 step=628200 train_loss=0.5656
epoch=9 step=628250 train_loss=0.5791
epoch=9 step=628300 train_loss=0.6217
epoch=9 step=628350 train_loss=0.5893
epoch=9 step=628400 train_loss=0.5416
epoch=9 step=628450 train_loss=0.5565
epoch=9 step=628500 train_loss=0.5481
[eval] step=628500 train=0.5554 val=0.5815
epoch=9 step=628550 train_loss=0.5400
epoch=9 step=628600 train_loss=0.5567
epoch=9 step=628650 train_loss=0.5657
epoch=9 step=628700 train_loss=0.5709
epoch=9 step=628750 train_loss=0.5691
epoch=9 step=628800 train_loss=0.5926
epoch=9 step=628850 train_loss=0.5457
epoch=9 step=628900 train_loss=0.5727
epoch=9 step=628950 train_loss=0.5587
epoch=9 step=629000 train_loss=0.5362
[eval] step=629000 train=0.5629 val=0.5756
saved best checkpoint to out-battery/best_ckpt.pt
epoch=9 step=629050 train_loss=0.6078
epoch=9 step=629100 train_loss=0.5768
epoch=9 step=629150 train_loss=0.5521
epoch=9 step=629200 train_loss=0.5909
epoch=9 step=629250 train_loss=0.5608
epoch=9 step=629300 train_loss=0.5352
epoch=9 step=629350 train_loss=0.5488
epoch=9 step=629400 train_loss=0.5534
epoch=9 step=629450 train_loss=0.5496
epoch=9 step=629500 train_loss=0.5580
[eval] step=629500 train=0.5614 val=0.5859
epoch=9 step=629550 train_loss=0.5474
epoch=9 step=629600 train_loss=0.5235
epoch=9 step=629650 train_loss=0.5836
epoch=9 step=629700 train_loss=0.5345
epoch=9 step=629750 train_loss=0.5866
epoch=9 step=629800 train_loss=0.5900
epoch=9 step=629850 train_loss=0.6172
epoch=9 step=629900 train_loss=0.5782
epoch=9 step=629950 train_loss=0.6036
epoch=9 step=630000 train_loss=0.5813
[eval] step=630000 train=0.5600 val=0.5828
epoch=9 step=630050 train_loss=0.5401
epoch=9 step=630100 train_loss=0.5408
epoch=9 step=630150 train_loss=0.5322
epoch=9 step=630200 train_loss=0.5601
epoch=9 step=630250 train_loss=0.5806
epoch=9 step=630300 train_loss=0.5504
epoch=9 step=630350 train_loss=0.5895
epoch=9 step=630400 train_loss=0.5749
epoch=9 step=630450 train_loss=0.5925
epoch=9 step=630500 train_loss=0.6128
[eval] step=630500 train=0.5665 val=0.5826
epoch=9 step=630550 train_loss=0.5688
epoch=9 step=630600 train_loss=0.5933
epoch=9 step=630650 train_loss=0.5451
epoch=9 step=630700 train_loss=0.5202
epoch=9 step=630750 train_loss=0.5384
epoch=9 step=630800 train_loss=0.5795
epoch=9 step=630850 train_loss=0.5279
epoch=9 step=630900 train_loss=0.5848
epoch=9 step=630950 train_loss=0.5550
epoch=9 step=631000 train_loss=0.5690
[eval] step=631000 train=0.5629 val=0.5812
epoch=9 step=631050 train_loss=0.6183
epoch=9 step=631100 train_loss=0.5931
epoch=9 step=631150 train_loss=0.5327
epoch=9 step=631200 train_loss=0.5389
epoch=9 step=631250 train_loss=0.5815
epoch=9 step=631300 train_loss=0.5949
epoch=9 step=631350 train_loss=0.5814
epoch=9 step=631400 train_loss=0.5424
epoch=9 step=631450 train_loss=0.5699
epoch=9 step=631500 train_loss=0.6085
[eval] step=631500 train=0.5752 val=0.5859
epoch=9 step=631550 train_loss=0.5905
epoch=9 step=631600 train_loss=0.5827
epoch=9 step=631650 train_loss=0.5486
epoch=9 step=631700 train_loss=0.5785
epoch=9 step=631750 train_loss=0.5424
epoch=9 step=631800 train_loss=0.5712
epoch=9 step=631850 train_loss=0.6008
epoch=9 step=631900 train_loss=0.6063
epoch=9 step=631950 train_loss=0.5317
epoch=9 step=632000 train_loss=0.5708
[eval] step=632000 train=0.5520 val=0.5817
epoch=9 step=632050 train_loss=0.5365
epoch=9 step=632100 train_loss=0.5248
epoch=9 step=632150 train_loss=0.5633
epoch=9 step=632200 train_loss=0.5773
epoch=9 step=632250 train_loss=0.5772
epoch=9 step=632300 train_loss=0.5697
epoch=9 step=632350 train_loss=0.6057
epoch=9 step=632400 train_loss=0.5412
epoch=9 step=632450 train_loss=0.6147
epoch=9 step=632500 train_loss=0.5804
[eval] step=632500 train=0.5736 val=0.5843
epoch=9 step=632550 train_loss=0.5881
epoch=9 step=632600 train_loss=0.5891
epoch=9 step=632650 train_loss=0.5944
epoch=9 step=632700 train_loss=0.6001
epoch=9 step=632750 train_loss=0.5603
epoch=9 step=632800 train_loss=0.5004
epoch=9 step=632850 train_loss=0.6066
epoch=9 step=632900 train_loss=0.5805
epoch=9 step=632950 train_loss=0.5850
epoch=9 step=633000 train_loss=0.5874
[eval] step=633000 train=0.5609 val=0.5838
epoch=9 step=633050 train_loss=0.5665
epoch=9 step=633100 train_loss=0.5232
epoch=9 step=633150 train_loss=0.5564
epoch=9 step=633200 train_loss=0.5854
epoch=9 step=633250 train_loss=0.5120
epoch=9 step=633300 train_loss=0.5457
epoch=9 step=633350 train_loss=0.5471
epoch=9 step=633400 train_loss=0.5724
epoch=9 step=633450 train_loss=0.5519
epoch=9 step=633500 train_loss=0.5862
[eval] step=633500 train=0.5626 val=0.5820
epoch=9 step=633550 train_loss=0.5652
epoch=9 step=633600 train_loss=0.5208
epoch=9 step=633650 train_loss=0.5571
epoch=9 step=633700 train_loss=0.5546
epoch=9 step=633750 train_loss=0.5919
epoch=9 step=633800 train_loss=0.6245
epoch=9 step=633850 train_loss=0.5537
epoch=9 step=633900 train_loss=0.5692
epoch=9 step=633950 train_loss=0.6033
epoch=9 step=634000 train_loss=0.5473
[eval] step=634000 train=0.5604 val=0.5813
epoch=9 step=634050 train_loss=0.5644
epoch=9 step=634100 train_loss=0.5713
epoch=9 step=634150 train_loss=0.5356
epoch=9 step=634200 train_loss=0.5443
epoch=9 step=634250 train_loss=0.5302
epoch=9 step=634300 train_loss=0.5366
epoch=9 step=634350 train_loss=0.5807
epoch=9 step=634400 train_loss=0.5707
epoch=9 step=634450 train_loss=0.5777
epoch=9 step=634500 train_loss=0.6355
[eval] step=634500 train=0.5622 val=0.5837
epoch=9 step=634550 train_loss=0.5997
epoch=9 step=634600 train_loss=0.5638
epoch=9 step=634650 train_loss=0.5473
epoch=9 step=634700 train_loss=0.5639
training complete
End time: Tue May  5 16:11:13 CEST 2026
